accession	variant	length	category	description
sp|C7C422.1|BLAN1_KLEPN	NDM-1	270	Precursor	sp|C7C422.1|BLAN1_KLEPN RecName: Full=Metallo-beta-lactamase type 2; AltName: Full=B2 metallo-beta-lactamase; AltName: Full=Beta-lactamase type II; AltName: Full=Metallo-beta-lactamase NDM-1; AltName: Full=Metallo-beta-lactamase type II; AltName: Full=New Delhi metallo-beta-lactamase-1; Short=NDM-1; Flags: Precursor
CBZ39493.1	NDM-1	270	Biological_protein	CBZ39493.1 metallo-beta-lactamase NDM-1 [Pseudomonas aeruginosa]
CBZ39494.1	NDM-1	270	Biological_protein	CBZ39494.1 metallo-beta-lactamase NDM-1 [Pseudomonas aeruginosa]
AEH43774.1	NDM-1	270	Biological_protein	AEH43774.1 beta-lactamase NDM-1 [Escherichia coli]
pdb|3SPU|A	NDM-1	265	PDB_structure	pdb|3SPU|A Chain A, Beta-lactamase NDM-1
pdb|3SPU|B	NDM-1	265	PDB_structure	pdb|3SPU|B Chain B, Beta-lactamase NDM-1
pdb|3SPU|C	NDM-1	265	PDB_structure	pdb|3SPU|C Chain C, Beta-lactamase NDM-1
pdb|3SPU|D	NDM-1	265	PDB_structure	pdb|3SPU|D Chain D, Beta-lactamase NDM-1
pdb|3SPU|E	NDM-1	265	PDB_structure	pdb|3SPU|E Chain E, Beta-lactamase NDM-1
AEN71485.1	NDM-1	270	Plasmid_associated	AEN71485.1 NDM-1 metallo-beta-lactamase (plasmid) [Escherichia coli]
AEP32437.1	NDM-1	270	Biological_protein	AEP32437.1 NDM-1 [Klebsiella pneumoniae]
AEP32605.1	NDM-1	270	Plasmid_associated	AEP32605.1 NDM-1 metallo-beta-lactamase (plasmid) [Escherichia coli]
AEQ39149.1	NDM-1	248	Biological_protein	AEQ39149.1 metallobetalactamase NDM-1, partial [Klebsiella pneumoniae]
AEQ39150.1	NDM-1	248	Biological_protein	AEQ39150.1 metallobetalactamase NDM-1, partial [Klebsiella pneumoniae]
AEQ39151.1	NDM-1	248	Biological_protein	AEQ39151.1 metallobetalactamase NDM-1, partial [Klebsiella pneumoniae]
AEQ39152.1	NDM-1	248	Biological_protein	AEQ39152.1 metallobetalactamase NDM-1, partial [Klebsiella pneumoniae]
AEQ39153.1	NDM-1	248	Biological_protein	AEQ39153.1 metallobetalactamase NDM-1, partial [Klebsiella pneumoniae]
AEQ39154.1	NDM-1	248	Biological_protein	AEQ39154.1 metallobetalactamase NDM-1, partial [Klebsiella pneumoniae]
AEQ39155.1	NDM-1	241	Biological_protein	AEQ39155.1 metallobetalactamase NDM-1, partial [Klebsiella pneumoniae]
AEQ39156.1	NDM-1	248	Biological_protein	AEQ39156.1 metallobetalactamase NDM-1, partial [Klebsiella pneumoniae]
AEQ39157.1	NDM-1	248	Biological_protein	AEQ39157.1 metallobetalactamase NDM-1, partial [Klebsiella pneumoniae]
AEQ39158.1	NDM-1	248	Biological_protein	AEQ39158.1 metallobetalactamase NDM-1, partial [Klebsiella pneumoniae]
AEQ39159.1	NDM-1	248	Biological_protein	AEQ39159.1 metallobetalactamase NDM-1, partial [Klebsiella pneumoniae]
AEQ39160.1	NDM-1	248	Biological_protein	AEQ39160.1 metallobetalactamase NDM-1, partial [Klebsiella pneumoniae]
AEQ39161.1	NDM-1	248	Biological_protein	AEQ39161.1 metallobetalactamase NDM-1, partial [Klebsiella pneumoniae]
AEQ39162.1	NDM-1	248	Biological_protein	AEQ39162.1 metallobetalactamase NDM-1, partial [Klebsiella pneumoniae]
AEQ39163.1	NDM-1	248	Biological_protein	AEQ39163.1 metallobetalactamase NDM-1, partial [Klebsiella pneumoniae]
AEU09805.1	NDM-1	270	Plasmid_associated	AEU09805.1 NDM-1 (plasmid) [Klebsiella pneumoniae]
AEZ35987.1	NDM-1	270	Biological_protein	AEZ35987.1 NDM-1 [Acinetobacter baumannii]
AEZ49734.1	NDM-1	270	Plasmid_associated	AEZ49734.1 metallo-beta-lactamase NDM-1 (plasmid) [Providencia stuartii]
AEZ53138.1	NDM-1	270	Plasmid_associated	AEZ53138.1 metallo-beta-lactamase NDM-1 (plasmid) [Klebsiella pneumoniae]
AFB35395.1	NDM-1	270	Plasmid_associated	AFB35395.1 beta-lactamase NDM-1 (plasmid) [Acinetobacter lwoffii]
AFB35440.1	NDM-1	270	Plasmid_associated	AFB35440.1 beta-lactamase NDM-1 (plasmid) [Acinetobacter lwoffii]
AFB82934.1	NDM-1	270	Plasmid_associated	AFB82934.1 NDM-1 (plasmid) [Klebsiella pneumoniae]
AFC34741.1	NDM-1	270	Plasmid_associated	AFC34741.1 NDM-1 metallo-beta-lactamase (plasmid) [Klebsiella pneumoniae]
AFI72857.1	NDM-1	270	Plasmid_associated	AFI72857.1 NDM-1 (plasmid) [Escherichia coli]
AFK30949.1	NDM-1	270	Biological_protein	AFK30949.1 beta-lactamase NDM-1 [Pseudomonas aeruginosa]
AFO59785.1	NDM-1	270	Plasmid_associated	AFO59785.1 NDM-1 (plasmid) [Klebsiella pneumoniae]
AFO59836.1	NDM-1	270	Plasmid_associated	AFO59836.1 NDM-1 (plasmid) [Klebsiella pneumoniae]
AFP49131.1	NDM-1	270	Plasmid_associated	AFP49131.1 NDM-1 (plasmid) [Citrobacter freundii]
pdb|4EXS|B	NDM-1	272	PDB_structure	pdb|4EXS|B Chain B, Beta-lactamase NDM-1
pdb|4EXS|A	NDM-1	272	PDB_structure	pdb|4EXS|A Chain A, Beta-lactamase NDM-1
pdb|4EXY|A	NDM-1	272	PDB_structure	pdb|4EXY|A Chain A, Beta-lactamase NDM-1
pdb|4EXY|B	NDM-1	272	PDB_structure	pdb|4EXY|B Chain B, Beta-lactamase NDM-1
pdb|4EY2|A	NDM-1	270	PDB_structure	pdb|4EY2|A Chain A, Beta-lactamase NDM-1
pdb|4EY2|B	NDM-1	270	PDB_structure	pdb|4EY2|B Chain B, Beta-lactamase NDM-1
pdb|4EYF|A	NDM-1	270	PDB_structure	pdb|4EYF|A Chain A, Beta-lactamase NDM-1
pdb|4EYF|B	NDM-1	270	PDB_structure	pdb|4EYF|B Chain B, Beta-lactamase NDM-1
pdb|4EYL|A	NDM-1	272	PDB_structure	pdb|4EYL|A Chain A, Beta-lactamase NDM-1
pdb|4EYL|B	NDM-1	272	PDB_structure	pdb|4EYL|B Chain B, Beta-lactamase NDM-1
pdb|4EYB|A	NDM-1	270	PDB_structure	pdb|4EYB|A Chain A, Beta-lactamase NDM-1
pdb|4EYB|B	NDM-1	270	PDB_structure	pdb|4EYB|B Chain B, Beta-lactamase NDM-1
AFR11506.1	NDM-1	270	Plasmid_associated	AFR11506.1 metallo-beta-lactamase NDM-1 (plasmid) [Citrobacter freundii]
AFR11573.1	NDM-1	270	Plasmid_associated	AFR11573.1 metallo-beta-lactamase, NDM-1 (plasmid) [Klebsiella pneumoniae]
pdb|4GYQ|A	NDM-1	243	PDB_structure	pdb|4GYQ|A Chain A, Beta-lactamase NDM-1
pdb|4GYQ|B	NDM-1	243	PDB_structure	pdb|4GYQ|B Chain B, Beta-lactamase NDM-1
pdb|4GYQ|C	NDM-1	243	PDB_structure	pdb|4GYQ|C Chain C, Beta-lactamase NDM-1
pdb|4GYQ|D	NDM-1	243	PDB_structure	pdb|4GYQ|D Chain D, Beta-lactamase NDM-1
pdb|4GYU|A	NDM-1	243	PDB_structure	pdb|4GYU|A Chain A, Beta-lactamase NDM-1
pdb|4H0D|A	NDM-1	243	PDB_structure	pdb|4H0D|A Chain A, Beta-lactamase NDM-1
pdb|4H0D|B	NDM-1	243	PDB_structure	pdb|4H0D|B Chain B, Beta-lactamase NDM-1
AFS68806.1	NDM-1	270	Biological_protein	AFS68806.1 class B carbapenemase NDM-1 [Acinetobacter baumannii]
AFU75168.1	NDM-1	270	Plasmid_associated	AFU75168.1 beta-lactamase NDM-1 (plasmid) [Escherichia coli]
AFZ84487.1	NDM-1	270	Plasmid_associated	AFZ84487.1 NDM-1 (plasmid) [Klebsiella pneumoniae]
pdb|4HL1|A	NDM-1	243	PDB_structure	pdb|4HL1|A Chain A, Beta-lactamase NDM-1
pdb|4HL1|B	NDM-1	243	PDB_structure	pdb|4HL1|B Chain B, Beta-lactamase NDM-1
pdb|4HL2|A	NDM-1	243	PDB_structure	pdb|4HL2|A Chain A, Beta-lactamase NDM-1
pdb|4HL2|B	NDM-1	243	PDB_structure	pdb|4HL2|B Chain B, Beta-lactamase NDM-1
AGB57362.1	NDM-1	270	Plasmid_associated	AGB57362.1 metallo beta lactamase NDM-1 (plasmid) [Enterobacter cloacae]
AGB57367.1	NDM-1	270	Plasmid_associated	AGB57367.1 metallo beta lactamase NDM-1 (plasmid) [Klebsiella pneumoniae]
AGB57371.1	NDM-1	270	Plasmid_associated	AGB57371.1 metallo beta lactamase NDM-1 (plasmid) [Klebsiella pneumoniae]
AGB57374.1	NDM-1	270	Plasmid_associated	AGB57374.1 metallo beta lactamase NDM-1 (plasmid) [Escherichia coli]
AGB57443.1	NDM-1	265	Biological_protein	AGB57443.1 metallo-beta-lactamase NDM-1, partial [Chryseobacterium indologenes]
AGC54620.1	NDM-1	270	Biological_protein	AGC54620.1 metallobetalactamase NDM-1 [Klebsiella pneumoniae]
AGC54621.1	NDM-1	270	Biological_protein	AGC54621.1 metallobetalactamase NDM-1 [Klebsiella pneumoniae]
AGC54622.1	NDM-1	270	Biological_protein	AGC54622.1 metallobetalactamase NDM-1 [Klebsiella pneumoniae]
AGC54623.1	NDM-1	270	Biological_protein	AGC54623.1 metallobetalactamase NDM-1 [Klebsiella pneumoniae]
AGC54624.1	NDM-1	270	Biological_protein	AGC54624.1 metallobetalactamase NDM-1 [Klebsiella pneumoniae]
AGC54631.1	NDM-1	270	Biological_protein	AGC54631.1 metallo-beta-lactamase NDM-1 [Pantoea agglomerans]
AGC54632.1	NDM-1	270	Biological_protein	AGC54632.1 metallo-beta-lactamase NDM-1 [Pantoea ananatis]
CCO61949.1	NDM-1	270	Biological_protein	CCO61949.1 metallo-beta-lactamase NDM-1 [Pseudomonas aeruginosa]
CCO61954.1	NDM-1	270	Biological_protein	CCO61954.1 metallo-beta-lactamase NDM-1 [Pseudomonas aeruginosa]
pdb|4HKY|A	NDM-1	243	PDB_structure	pdb|4HKY|A Chain A, Beta-lactamase NDM-1
pdb|4HKY|B	NDM-1	243	PDB_structure	pdb|4HKY|B Chain B, Beta-lactamase NDM-1
AGD80054.1	NDM-1	254	Biological_protein	AGD80054.1 metallo-beta-lactamase NDM-1, partial [Pseudomonas aeruginosa]
AGD80055.1	NDM-1	250	Biological_protein	AGD80055.1 metallo-beta-lactamase NDM-1, partial [Pseudomonas aeruginosa]
AGD80056.1	NDM-1	265	Biological_protein	AGD80056.1 metallo-beta-lactamase NDM-1, partial [Pseudomonas aeruginosa]
AGF92094.1	NDM-1	270	Plasmid_associated	AGF92094.1 NDM-1 metallo-beta-lactamase (plasmid) [Acinetobacter johnsonii]
AGG11775.1	NDM-1	270	Biological_protein	AGG11775.1 class B carbapenemase NDM-1 [Enterobacter hormaechei]
AGH58173.1	NDM-1	270	Plasmid_associated	AGH58173.1 metallo-beta-lactamase, NDM-1 (plasmid) [Klebsiella pneumoniae]
AGH88988.1	NDM-1	270	Plasmid_associated	AGH88988.1 beta-lactamase NDM-1 (plasmid) [Acinetobacter baumannii]
EMR14943.1	NDM-1	270	Biological_protein	EMR14943.1 metallo-beta-lactamase NDM-1 [Klebsiella pneumoniae ATCC BAA-2146]
ENW67327.1	NDM-1	270	Biological_protein	ENW67327.1 beta-lactamase NDM-1 [Acinetobacter baumannii ANC 4097]
AGL09202.1	NDM-1	270	Biological_protein	AGL09202.1 metallo-beta-lactamase NDM-1 [Klebsiella pneumoniae]
AGL09203.1	NDM-1	270	Biological_protein	AGL09203.1 metallo-beta-lactamase NDM-1 [Klebsiella pneumoniae]
AGL09204.1	NDM-1	270	Biological_protein	AGL09204.1 metallo-beta-lactamase NDM-1 [Klebsiella aerogenes]
AGL09205.1	NDM-1	270	Biological_protein	AGL09205.1 metallo-beta-lactamase NDM-1 [Klebsiella pneumoniae]
WP_004201164.1	NDM-1	270	Biological_protein	WP_004201164.1 MULTISPECIES: subclass B1 metallo-beta-lactamase NDM-1 [Bacteria]
CDF66319.1	NDM-1	270	Plasmid_associated	CDF66319.1 NDM-1 metallo-betalactamase (plasmid) [Salmonella enterica subsp. enterica serovar Corvallis]
BAN57544.1	NDM-1	270	Plasmid_associated	BAN57544.1 metallo-beta-lactamase NDM-1 (plasmid) [Klebsiella pneumoniae]
AGO89234.1	NDM-1	270	Plasmid_associated	AGO89234.1 Beta-lactamase NDM-1 (plasmid) [Klebsiella planticola]
BAN63091.1	NDM-1	270	Plasmid_associated	BAN63091.1 metallo-beta-lactamase NDM-1 (plasmid) [Providencia rettgeri]
AGS56775.1	NDM-1	270	Plasmid_associated	AGS56775.1 NDM-1 (plasmid) [Enterobacter cloacae]
AGT80475.1	NDM-1	270	Plasmid_associated	AGT80475.1 New Delhi metallo-beta-lactamase NDM-1 (plasmid) [Klebsiella pneumoniae]
AGU69394.1	NDM-1	270	Plasmid_associated	AGU69394.1 NDM-1 (plasmid) [Klebsiella pneumoniae]
AGW15616.1	NDM-1	270	Plasmid_associated	AGW15616.1 beta-lactamase NDM-1 (plasmid) [Acinetobacter pittii]
AGX85825.1	NDM-1	270	Plasmid_associated	AGX85825.1 metallo-beta-lactamase NDM-1 (plasmid) [Klebsiella pneumoniae]
AHB38850.1	NDM-1	270	Plasmid_associated	AHB38850.1 metallo-beta-lactamase NDM-1 (plasmid) [Enterobacter hormaechei subsp. oharae]
AHC53895.1	NDM-1	270	Biological_protein	AHC53895.1 metallo-beta-lactamase NDM-1 [Enterobacter cloacae]
AHC53896.1	NDM-1	265	Biological_protein	AHC53896.1 metallo-beta-lactamase NDM-1, partial [Enterobacter cloacae]
AHF22464.1	NDM-1	270	Plasmid_associated	AHF22464.1 metallo-beta-lactamase NDM-1 (plasmid) [Klebsiella pneumoniae]
CDF66128.1	NDM-1	270	Plasmid_associated	CDF66128.1 NDM-1 (plasmid) [Escherichia coli]
EUM71319.1	NDM-1	270	Biological_protein	EUM71319.1 beta-lactamase NDM-1 [Enterobacter sp. MGH 10]
AHI38927.1	NDM-1	270	Plasmid_associated	AHI38927.1 Ambler Class B metallo-beta-lactamase NDM-1 (plasmid) [Klebsiella pneumoniae]
AHJ80703.1	NDM-1	270	Plasmid_associated	AHJ80703.1 metallo-beta-lactamase NDM-1 (plasmid) [Klebsiella planticola]
AHK80864.1	NDM-1	270	Biological_protein	AHK80864.1 metallo-beta-lactamase NDM-1 [Escherichia coli]
AHK80865.1	NDM-1	270	Biological_protein	AHK80865.1 metallo-beta-lactamase NDM-1 [Escherichia coli]
AHK80866.1	NDM-1	270	Biological_protein	AHK80866.1 metallo-beta-lactamase NDM-1 [Klebsiella pneumoniae subsp. pneumoniae]
AHK80867.1	NDM-1	270	Biological_protein	AHK80867.1 metallo-beta-lactamase NDM-1 [Providencia rettgeri]
AHK80868.1	NDM-1	270	Biological_protein	AHK80868.1 metallo-beta-lactamase NDM-1 [Providencia rettgeri]
AHK80869.1	NDM-1	270	Biological_protein	AHK80869.1 metallo-beta-lactamase NDM-1 [Providencia rettgeri]
AHK80870.1	NDM-1	270	Biological_protein	AHK80870.1 metallo-beta-lactamase NDM-1 [Providencia rettgeri]
AHK80871.1	NDM-1	270	Biological_protein	AHK80871.1 metallo-beta-lactamase NDM-1 [Providencia rettgeri]
AHK80872.1	NDM-1	270	Biological_protein	AHK80872.1 metallo-beta-lactamase NDM-1 [Providencia rettgeri]
AHK80873.1	NDM-1	270	Biological_protein	AHK80873.1 metallo-beta-lactamase NDM-1 [Klebsiella pneumoniae subsp. pneumoniae]
AHK80874.1	NDM-1	270	Biological_protein	AHK80874.1 metallo-beta-lactamase NDM-1 [Klebsiella pneumoniae subsp. pneumoniae]
AHK80875.1	NDM-1	270	Biological_protein	AHK80875.1 metallo-beta-lactamase NDM-1 [Klebsiella pneumoniae subsp. pneumoniae]
AHK80876.1	NDM-1	270	Biological_protein	AHK80876.1 metallo-beta-lactamase NDM-1 [Klebsiella pneumoniae subsp. pneumoniae]
AHK80877.1	NDM-1	270	Biological_protein	AHK80877.1 metallo-beta-lactamase NDM-1 [Klebsiella pneumoniae subsp. pneumoniae]
AHK80878.1	NDM-1	270	Biological_protein	AHK80878.1 metallo-beta-lactamase NDM-1 [Citrobacter freundii]
AHK80879.1	NDM-1	270	Biological_protein	AHK80879.1 metallo-beta-lactamase NDM-1 [Citrobacter freundii]
AHK80880.1	NDM-1	270	Biological_protein	AHK80880.1 metallo-beta-lactamase NDM-1 [Citrobacter freundii]
AHK80881.1	NDM-1	270	Biological_protein	AHK80881.1 metallo-beta-lactamase NDM-1 [Acinetobacter baumannii]
AHK80882.1	NDM-1	270	Biological_protein	AHK80882.1 metallo-beta-lactamase NDM-1 [Acinetobacter baumannii]
AHK80883.1	NDM-1	270	Biological_protein	AHK80883.1 metallo-beta-lactamase NDM-1 [Acinetobacter baumannii]
AHK80884.1	NDM-1	270	Biological_protein	AHK80884.1 metallo-beta-lactamase NDM-1 [Acinetobacter calcoaceticus]
AHK80885.1	NDM-1	270	Biological_protein	AHK80885.1 metallo-beta-lactamase NDM-1 [Acinetobacter calcoaceticus]
AHK80886.1	NDM-1	270	Biological_protein	AHK80886.1 metallo-beta-lactamase NDM-1 [Pseudomonas putida]
AHK80887.1	NDM-1	270	Biological_protein	AHK80887.1 metallo-beta-lactamase NDM-1 [Pseudomonas putida]
AHK80888.1	NDM-1	270	Biological_protein	AHK80888.1 metallo-beta-lactamase NDM-1 [Pseudomonas putida]
AHK80889.1	NDM-1	270	Biological_protein	AHK80889.1 metallo-beta-lactamase NDM-1 [Pseudomonas aeruginosa]
AHK80890.1	NDM-1	270	Biological_protein	AHK80890.1 metallo-beta-lactamase NDM-1 [Pseudomonas aeruginosa]
AHL30416.1	NDM-1	270	Plasmid_associated	AHL30416.1 NDM-1 (plasmid) [Klebsiella pneumoniae]
AHM26662.1	NDM-1	270	Biological_protein	AHM26662.1 beta-lactamase NDM-1 [Acinetobacter sp. NF001]
AHM26663.1	NDM-1	270	Biological_protein	AHM26663.1 beta-lactamase NDM-1 [Acinetobacter sp. NF002]
AHM26664.1	NDM-1	270	Biological_protein	AHM26664.1 beta-lactamase NDM-1 [Acinetobacter sp. NF003]
AHM26665.1	NDM-1	270	Biological_protein	AHM26665.1 beta-lactamase NDM-1 [Acinetobacter sp. NF004]
AHM26666.1	NDM-1	270	Biological_protein	AHM26666.1 beta-lactamase NDM-1 [Acinetobacter sp. NF006]
AHM26667.1	NDM-1	270	Biological_protein	AHM26667.1 beta-lactamase NDM-1 [Acinetobacter sp. NF007]
AHM26668.1	NDM-1	270	Biological_protein	AHM26668.1 beta-lactamase NDM-1 [Acinetobacter sp. NF009]
AHM26669.1	NDM-1	270	Biological_protein	AHM26669.1 beta-lactamase NDM-1 [Acinetobacter sp. NF010]
AHM26670.1	NDM-1	270	Biological_protein	AHM26670.1 beta-lactamase NDM-1 [Acinetobacter sp. NF126]
AHM26671.1	NDM-1	270	Biological_protein	AHM26671.1 beta-lactamase NDM-1 [Acinetobacter sp. NF129]
AHM26672.1	NDM-1	270	Biological_protein	AHM26672.1 beta-lactamase NDM-1 [Acinetobacter sp. NF141]
AHM26673.1	NDM-1	270	Biological_protein	AHM26673.1 beta-lactamase NDM-1 [Acinetobacter sp. NF159]
AHM26674.1	NDM-1	270	Biological_protein	AHM26674.1 beta-lactamase NDM-1 [Acinetobacter sp. NF200]
AHM26675.1	NDM-1	270	Biological_protein	AHM26675.1 beta-lactamase NDM-1 [Acinetobacter sp. NF212]
AHM26676.1	NDM-1	270	Biological_protein	AHM26676.1 beta-lactamase NDM-1 [Acinetobacter sp. NF213]
AHM26677.1	NDM-1	270	Biological_protein	AHM26677.1 beta-lactamase NDM-1 [Acinetobacter sp. NF253]
AHM26678.1	NDM-1	270	Biological_protein	AHM26678.1 beta-lactamase NDM-1 [Acinetobacter sp. NF265]
AHM26679.1	NDM-1	270	Biological_protein	AHM26679.1 beta-lactamase NDM-1 [Acinetobacter sp. NF270]
AHM26680.1	NDM-1	270	Biological_protein	AHM26680.1 beta-lactamase NDM-1 [Acinetobacter sp. NF271]
AHM26681.1	NDM-1	270	Biological_protein	AHM26681.1 beta-lactamase NDM-1 [Acinetobacter sp. NF402]
AHM26682.1	NDM-1	270	Biological_protein	AHM26682.1 beta-lactamase NDM-1 [Acinetobacter sp. NF403]
AHM26683.1	NDM-1	270	Biological_protein	AHM26683.1 beta-lactamase NDM-1 [Acinetobacter sp. NF404]
AHM26684.1	NDM-1	270	Biological_protein	AHM26684.1 beta-lactamase NDM-1 [Acinetobacter sp. NF405]
AHM26685.1	NDM-1	270	Biological_protein	AHM26685.1 beta-lactamase NDM-1 [Acinetobacter sp. NF406]
AHM26686.1	NDM-1	270	Biological_protein	AHM26686.1 beta-lactamase NDM-1 [Acinetobacter sp. NF407]
AHM26687.1	NDM-1	270	Biological_protein	AHM26687.1 beta-lactamase NDM-1 [Acinetobacter sp. NF511]
AHM26688.1	NDM-1	270	Biological_protein	AHM26688.1 beta-lactamase NDM-1 [Acinetobacter sp. NF512]
AHM26689.1	NDM-1	270	Biological_protein	AHM26689.1 beta-lactamase NDM-1 [Acinetobacter sp. NF514]
AHM26690.1	NDM-1	270	Biological_protein	AHM26690.1 beta-lactamase NDM-1 [Acinetobacter sp. NF517]
AHM26691.1	NDM-1	270	Biological_protein	AHM26691.1 beta-lactamase NDM-1 [Acinetobacter sp. NF519]
AHM26692.1	NDM-1	270	Biological_protein	AHM26692.1 beta-lactamase NDM-1 [Acinetobacter sp. NF446]
AHM26693.1	NDM-1	270	Biological_protein	AHM26693.1 beta-lactamase NDM-1 [Acinetobacter sp. NF255]
AHM26694.1	NDM-1	270	Biological_protein	AHM26694.1 beta-lactamase NDM-1 [Acinetobacter sp. NF264]
AHM26695.1	NDM-1	270	Biological_protein	AHM26695.1 beta-lactamase NDM-1 [Acinetobacter sp. NF149]
AHM26696.1	NDM-1	270	Biological_protein	AHM26696.1 beta-lactamase NDM-1 [Acinetobacter sp. NF276]
AHM26697.1	NDM-1	270	Biological_protein	AHM26697.1 beta-lactamase NDM-1 [Acinetobacter sp. NF258]
AHM26698.1	NDM-1	270	Biological_protein	AHM26698.1 beta-lactamase NDM-1 [Acinetobacter sp. NF401]
AHM26699.1	NDM-1	270	Biological_protein	AHM26699.1 beta-lactamase NDM-1 [Acinetobacter sp. NF205]
AHM26700.1	NDM-1	270	Biological_protein	AHM26700.1 beta-lactamase NDM-1 [Acinetobacter sp. NF274]
AHM26701.1	NDM-1	270	Biological_protein	AHM26701.1 beta-lactamase NDM-1 [Acinetobacter sp. NF493]
AHM26702.1	NDM-1	270	Biological_protein	AHM26702.1 beta-lactamase NDM-1 [Acinetobacter sp. NF209]
AHM26703.1	NDM-1	270	Biological_protein	AHM26703.1 beta-lactamase NDM-1 [Acinetobacter sp. NF487]
AHM26704.1	NDM-1	270	Biological_protein	AHM26704.1 beta-lactamase NDM-1 [Acinetobacter sp. NF257]
AHM26705.1	NDM-1	270	Biological_protein	AHM26705.1 beta-lactamase NDM-1 [Acinetobacter sp. NF132]
AHM26706.1	NDM-1	270	Biological_protein	AHM26706.1 beta-lactamase NDM-1 [Acinetobacter sp. NF124]
AHM26707.1	NDM-1	270	Biological_protein	AHM26707.1 beta-lactamase NDM-1 [Acinetobacter sp. NF488]
AHM26708.1	NDM-1	270	Biological_protein	AHM26708.1 beta-lactamase NDM-1 [Acinetobacter sp. NF162]
AHM26709.1	NDM-1	270	Biological_protein	AHM26709.1 beta-lactamase NDM-1 [Acinetobacter sp. NF179]
AHM26710.1	NDM-1	270	Biological_protein	AHM26710.1 beta-lactamase NDM-1 [Acinetobacter sp. NF175]
AHM26711.1	NDM-1	270	Biological_protein	AHM26711.1 beta-lactamase NDM-1 [Acinetobacter sp. NF607]
AHM26712.1	NDM-1	270	Biological_protein	AHM26712.1 beta-lactamase NDM-1 [Acinetobacter sp. NF613]
AHM26713.1	NDM-1	270	Biological_protein	AHM26713.1 beta-lactamase NDM-1 [Acinetobacter sp. NF609]
AHM26714.1	NDM-1	270	Biological_protein	AHM26714.1 beta-lactamase NDM-1 [Acinetobacter sp. NF618]
AHM26715.1	NDM-1	270	Biological_protein	AHM26715.1 beta-lactamase NDM-1 [Acinetobacter sp. NF130]
AHM26716.1	NDM-1	270	Biological_protein	AHM26716.1 beta-lactamase NDM-1 [Acinetobacter sp. NF433]
AHM26717.1	NDM-1	270	Biological_protein	AHM26717.1 beta-lactamase NDM-1 [Acinetobacter sp. NF434]
AHM26718.1	NDM-1	270	Biological_protein	AHM26718.1 beta-lactamase NDM-1 [Acinetobacter sp. NF435]
AHM26719.1	NDM-1	270	Biological_protein	AHM26719.1 beta-lactamase NDM-1 [Acinetobacter sp. NF437]
AHM26720.1	NDM-1	270	Biological_protein	AHM26720.1 beta-lactamase NDM-1 [Klebsiella pneumoniae subsp. pneumoniae]
AHM26721.1	NDM-1	270	Biological_protein	AHM26721.1 beta-lactamase NDM-1 [Enterobacter cloacae]
AHM26722.1	NDM-1	270	Biological_protein	AHM26722.1 beta-lactamase NDM-1 [Providencia rettgeri]
AHM26723.1	NDM-1	270	Biological_protein	AHM26723.1 beta-lactamase NDM-1 [Achromobacter sp. NF518]
AHM26724.1	NDM-1	270	Biological_protein	AHM26724.1 beta-lactamase NDM-1 [Acinetobacter baumannii]
AHM26725.1	NDM-1	270	Biological_protein	AHM26725.1 beta-lactamase NDM-1 [Acinetobacter baumannii]
AHM26726.1	NDM-1	270	Biological_protein	AHM26726.1 beta-lactamase NDM-1 [Pseudomonas aeruginosa]
AHN60536.1	NDM-1	270	Plasmid_associated	AHN60536.1 metallo-beta-lactamase NDM-1 (plasmid) [Enterobacter cloacae]
AHX39447.1	NDM-1	270	Plasmid_associated	AHX39447.1 NDM-1 (plasmid) [Escherichia coli]
KDL57897.1	NDM-1	270	Biological_protein	KDL57897.1 beta-lactamase NDM-1 [Klebsiella pneumoniae MGH 69]
AHZ97868.1	NDM-1	270	Biological_protein	AHZ97868.1 metallo-beta-lactamase NDM-1 [Klebsiella aerogenes]
AIA22328.1	NDM-1	270	Biological_protein	AIA22328.1 metallo-beta-lactamase NDM-1 [Citrobacter freundii]
AIA22329.1	NDM-1	270	Biological_protein	AIA22329.1 metallo-beta-lactamase NDM-1 [Citrobacter freundii]
AIA22330.1	NDM-1	270	Biological_protein	AIA22330.1 metallo-beta-lactamase NDM-1 [Escherichia coli]
AIA22331.1	NDM-1	270	Biological_protein	AIA22331.1 metallo-beta-lactamase NDM-1 [Klebsiella pneumoniae subsp. pneumoniae]
AIA22332.1	NDM-1	270	Biological_protein	AIA22332.1 metallo-beta-lactamase NDM-1 [Enterobacter cloacae]
AIA22333.1	NDM-1	270	Biological_protein	AIA22333.1 metallo-beta-lactamase NDM-1 [Citrobacter freundii]
AIA22334.1	NDM-1	270	Biological_protein	AIA22334.1 metallo-beta-lactamase NDM-1 [Acinetobacter baumannii]
AIA22335.1	NDM-1	270	Biological_protein	AIA22335.1 metallo-beta-lactamase NDM-1 [Acinetobacter sp. NF715]
AIA22336.1	NDM-1	270	Biological_protein	AIA22336.1 metallo-beta-lactamase NDM-1 [Acinetobacter sp. NF5]
AIA22337.1	NDM-1	270	Biological_protein	AIA22337.1 metallo-beta-lactamase NDM-1 [Cupriavidus gilardii]
AIB09117.1	NDM-1	270	Plasmid_associated	AIB09117.1 beta-lactamase NDM-1 (plasmid) [Acinetobacter calcoaceticus]
AID58531.1	NDM-1	270	Plasmid_associated	AID58531.1 Metallo-beta-lactamase NDM-1 (plasmid) [Acinetobacter lwoffii]
AIG86341.1	NDM-1	270	Plasmid_associated	AIG86341.1 beta-lactamase NDM-1 (plasmid) [Klebsiella pneumoniae subsp. pneumoniae PittNDM01]
pdb|4U4L|A	NDM-1	246	PDB_structure	pdb|4U4L|A Chain A, Beta-lactamase NDM-1
pdb|4U4L|B	NDM-1	246	PDB_structure	pdb|4U4L|B Chain B, Beta-lactamase NDM-1
pdb|4U4L|C	NDM-1	246	PDB_structure	pdb|4U4L|C Chain C, Beta-lactamase NDM-1
pdb|4U4L|D	NDM-1	246	PDB_structure	pdb|4U4L|D Chain D, Beta-lactamase NDM-1
AIM48196.1	NDM-1	270	Plasmid_associated	AIM48196.1 Metallo beta-lactamase NDM-1 (plasmid) [Escherichia coli]
AIM48399.1	NDM-1	270	Plasmid_associated	AIM48399.1 Metallo beta-lactamase NDM-1 (plasmid) [Providencia stuartii]
AIM48559.1	NDM-1	270	Plasmid_associated	AIM48559.1 NDM-1 metallo beta-lactamase (plasmid) [Enterobacter cloacae]
CEG02231.1	NDM-1	270	Plasmid_associated	CEG02231.1 beta-lactamase NDM-1 (plasmid) [Acinetobacter haemolyticus]
pdb|4RAM|A	NDM-1	243	PDB_structure	pdb|4RAM|A Chain A, Beta-lactamase NDM-1
pdb|4RAM|B	NDM-1	243	PDB_structure	pdb|4RAM|B Chain B, Beta-lactamase NDM-1
AIT04839.1	NDM-1	270	Precursor	AIT04839.1 Beta-lactamase NDM-1 precursor (plasmid) [Klebsiella pneumoniae]
AIT04848.1	NDM-1	270	Precursor	AIT04848.1 Beta-lactamase NDM-1 precursor (plasmid) [Klebsiella pneumoniae]
AIT04857.1	NDM-1	270	Precursor	AIT04857.1 Beta-lactamase NDM-1 precursor (plasmid) [Klebsiella pneumoniae]
AIU56909.1	NDM-1	270	Biological_protein	AIU56909.1 beta-lactamase NDM-1 [Acinetobacter baylyi]
AIU96915.1	NDM-1	270	Plasmid_associated	AIU96915.1 beta-lactamase NDM-1 (plasmid) [Klebsiella pneumoniae]
AIU96948.1	NDM-1	270	Plasmid_associated	AIU96948.1 beta-lactamase NDM-1 (plasmid) [Escherichia coli]
pdb|4RL0|A	NDM-1	242	PDB_structure	pdb|4RL0|A Chain A, Beta-lactamase NDM-1
pdb|4RL0|B	NDM-1	242	PDB_structure	pdb|4RL0|B Chain B, Beta-lactamase NDM-1
pdb|4RL2|A	NDM-1	246	PDB_structure	pdb|4RL2|A Chain A, Beta-lactamase NDM-1
pdb|4RL2|B	NDM-1	246	PDB_structure	pdb|4RL2|B Chain B, Beta-lactamase NDM-1
pdb|4RM5|A	NDM-1	242	PDB_structure	pdb|4RM5|A Chain A, Beta-lactamase NDM-1
pdb|4RM5|B	NDM-1	242	PDB_structure	pdb|4RM5|B Chain B, Beta-lactamase NDM-1
pdb|4RM5|C	NDM-1	242	PDB_structure	pdb|4RM5|C Chain C, Beta-lactamase NDM-1
pdb|4RM5|D	NDM-1	242	PDB_structure	pdb|4RM5|D Chain D, Beta-lactamase NDM-1
pdb|4RAW|A	NDM-1	243	PDB_structure	pdb|4RAW|A Chain A, Beta-lactamase NDM-1
pdb|4RAW|B	NDM-1	243	PDB_structure	pdb|4RAW|B Chain B, Beta-lactamase NDM-1
pdb|4RBS|A	NDM-1	243	PDB_structure	pdb|4RBS|A Chain A, Beta-lactamase NDM-1
pdb|4RBS|B	NDM-1	243	PDB_structure	pdb|4RBS|B Chain B, Beta-lactamase NDM-1
AIZ65657.1	NDM-1	270	Biological_protein	AIZ65657.1 New Delhi metallo-beta-lactamase NDM-1 [Enterobacter sp. Res2011-42]
AIZ65658.1	NDM-1	270	Biological_protein	AIZ65658.1 New Delhi metallo-beta-lactamase NDM-1 [Enterobacter sp. Res2011-134]
AIZ65659.1	NDM-1	270	Biological_protein	AIZ65659.1 New Delhi metallo-beta-lactamase NDM-1 [Acinetobacter sp. Res2011-156]
AIZ65660.1	NDM-1	270	Biological_protein	AIZ65660.1 New Delhi metallo-beta-lactamase NDM-1 [Escherichia coli]
AIZ65661.1	NDM-1	270	Biological_protein	AIZ65661.1 New Delhi metallo-beta-lactamase NDM-1 [Klebsiella pneumoniae]
AIZ65662.1	NDM-1	270	Biological_protein	AIZ65662.1 New Delhi metallo-beta-lactamase NDM-1 [Klebsiella pneumoniae]
AIZ65663.1	NDM-1	270	Biological_protein	AIZ65663.1 New Delhi metallo-beta-lactamase NDM-1 [Klebsiella pneumoniae]
AIZ65664.1	NDM-1	270	Biological_protein	AIZ65664.1 New Delhi metallo-beta-lactamase NDM-1 [Escherichia coli]
AIZ65665.1	NDM-1	270	Biological_protein	AIZ65665.1 New Delhi metallo-beta-lactamase NDM-1 [Escherichia coli]
AIZ65666.1	NDM-1	270	Biological_protein	AIZ65666.1 New Delhi metallo-beta-lactamase NDM-1 [Klebsiella pneumoniae]
AIZ65667.1	NDM-1	270	Biological_protein	AIZ65667.1 New Delhi metallo-beta-lactamase NDM-1 [Acinetobacter sp. Res2011-183]
AIZ65668.1	NDM-1	270	Biological_protein	AIZ65668.1 New Delhi metallo-beta-lactamase NDM-1 [Klebsiella pneumoniae]
AIZ65669.1	NDM-1	270	Biological_protein	AIZ65669.1 New Delhi metallo-beta-lactamase NDM-1 [Enterobacter sp. Res2012-22]
AIZ65670.1	NDM-1	270	Biological_protein	AIZ65670.1 New Delhi metallo-beta-lactamase NDM-1 [Acinetobacter sp. Res2013-NDI03]
AIZ65671.1	NDM-1	270	Biological_protein	AIZ65671.1 New Delhi metallo-beta-lactamase NDM-1 [Acinetobacter sp. Res2013-GD05]
AIZ65943.1	NDM-1	270	Biological_protein	AIZ65943.1 class B beta-lactamase NDM-1 [Escherichia coli]
AIZ65944.1	NDM-1	270	Biological_protein	AIZ65944.1 class B carbapenemase NDM-1 [Acinetobacter baumannii]
AJD76950.1	NDM-1	270	Plasmid_associated	AJD76950.1 NDM-1 (plasmid) [Serratia marcescens]
AJD76985.1	NDM-1	270	Biological_protein	AJD76985.1 NDM-1 [Proteus mirabilis]
AJD77075.1	NDM-1	270	Plasmid_associated	AJD77075.1 NDM-1 (plasmid) [Klebsiella pneumoniae]
AJD77187.1	NDM-1	270	Plasmid_associated	AJD77187.1 NDM-1 (plasmid) [Klebsiella pneumoniae]
AJK94077.1	NDM-1	270	Biological_protein	AJK94077.1 beta-lactamase NDM-1 [Acinetobacter baumannii]
AJK94081.1	NDM-1	270	Biological_protein	AJK94081.1 beta-lactamase NDM-1 [Citrobacter freundii]
AJL35292.1	NDM-1	270	Biological_protein	AJL35292.1 NDM-1 [Escherichia coli]
AJM90366.1	NDM-1	270	Plasmid_associated	AJM90366.1 Metallo-beta-lactamase NDM-1 (plasmid) [Klebsiella pneumoniae]
CEO86098.1	NDM-1	270	Precursor	CEO86098.1 Beta-lactamase NDM-1 precursor [Klebsiella pneumoniae]
AJP18442.1	NDM-1	270	Plasmid_associated	AJP18442.1 NDM-1 (plasmid) [Klebsiella pneumoniae]
AJP18537.1	NDM-1	270	Plasmid_associated	AJP18537.1 NDM-1 (plasmid) [Klebsiella pneumoniae]
AJQ17202.1	NDM-1	270	Plasmid_associated	AJQ17202.1 beta-lactamase NDM-1 (plasmid) [Escherichia coli]
AJS09412.1	NDM-1	270	Plasmid_associated	AJS09412.1 Metallo-beta-lactamase NDM-1 (plasmid) [Acinetobacter lactucae]
BAQ56316.1	NDM-1	270	Biological_protein	BAQ56316.1 NDM-1 metallo-beta-lactamase [Acinetobacter baumannii]
CQR91598.1	NDM-1	270	Plasmid_associated	CQR91598.1 NDM-1 metallo-beta-lactamase (plasmid) [Acinetobacter baumannii]
AKG90361.1	NDM-1	270	Plasmid_associated	AKG90361.1 metallo-beta-lactamase NDM-1 (plasmid) [Salmonella enterica subsp. enterica serovar Senftenberg]
BAR73391.1	NDM-1	270	Biological_protein	BAR73391.1 metallo-beta-lactamase NDM-1 [Pseudomonas sp. IOMTU 304]
AKI07083.1	NDM-1	270	Plasmid_associated	AKI07083.1 NDM-1 (plasmid) [Acinetobacter bereziniae]
AKJ21166.1	NDM-1	270	Plasmid_associated	AKJ21166.1 Beta-lactamase NDM-1 (plasmid) [Klebsiella aerogenes]
AKJ21214.1	NDM-1	270	Plasmid_associated	AKJ21214.1 Beta-lactamase NDM-1 (plasmid) [Leclercia adecarboxylata]
AKJ21334.1	NDM-1	270	Plasmid_associated	AKJ21334.1 Beta-lactamase NDM-1 (plasmid) [Klebsiella ornithinolytica]
AKL80055.1	NDM-1	270	Plasmid_associated	AKL80055.1 NDM-1 metallo beta-lactamase (plasmid) [Klebsiella pneumoniae subsp. pneumoniae]
KMH01095.1	NDM-1	270	Biological_protein	KMH01095.1 beta-lactamase NDM-1 [Klebsiella pneumoniae]
AKN19817.1	NDM-1	270	Precursor	AKN19817.1 Beta-lactamase NDM-1 precursor (plasmid) [Enterobacter cloacae]
AKN35214.1	NDM-1	270	Plasmid_associated	AKN35214.1 NDM-1 (plasmid) [Escherichia coli]
AKN35231.1	NDM-1	270	Plasmid_associated	AKN35231.1 NDM-1 (plasmid) [Escherichia coli]
AKN35286.1	NDM-1	270	Plasmid_associated	AKN35286.1 NDM-1 (plasmid) [Enterobacter cloacae]
AKN35295.1	NDM-1	270	Plasmid_associated	AKN35295.1 NDM-1 (plasmid) [Providencia rettgeri]
AKN35320.1	NDM-1	270	Plasmid_associated	AKN35320.1 NDM-1 (plasmid) [Klebsiella pneumoniae]
AKN35332.1	NDM-1	270	Plasmid_associated	AKN35332.1 NDM-1 (plasmid) [Klebsiella pneumoniae]
AKN35341.1	NDM-1	270	Plasmid_associated	AKN35341.1 NDM-1 (plasmid) [Escherichia coli]
pdb|5A5Z|A	NDM-1	251	PDB_structure	pdb|5A5Z|A Chain A, BETA-LACTAMASE NDM-1
pdb|5A5Z|C	NDM-1	251	PDB_structure	pdb|5A5Z|C Chain C, BETA-LACTAMASE NDM-1
AKP49195.1	NDM-1	270	Plasmid_associated	AKP49195.1 NDM-1 (plasmid) [Klebsiella pneumoniae]
KMX40034.1	NDM-1	270	Biological_protein	KMX40034.1 beta-lactamase NDM-1 [Klebsiella pneumoniae]
AKR16193.1	NDM-1	270	Biological_protein	AKR16193.1 beta-lactamase NDM-1 [Proteus mirabilis]
CRX63614.1	NDM-1	270	Biological_protein	CRX63614.1 Beta-lactamase NDM-1 [Acinetobacter baumannii]
AKT45722.1	NDM-1	270	Biological_protein	AKT45722.1 NDM-1 [Burkholderia cepacia]
AKT45723.1	NDM-1	270	Biological_protein	AKT45723.1 NDM-1 [Klebsiella pneumoniae]
AKT45724.1	NDM-1	270	Biological_protein	AKT45724.1 NDM-1 [Acinetobacter sp. NF6]
AKT45725.1	NDM-1	270	Biological_protein	AKT45725.1 NDM-1 [Acinetobacter sp. NF7]
AKT45726.1	NDM-1	270	Biological_protein	AKT45726.1 NDM-1 [Acinetobacter sp. NF8]
AKT45727.1	NDM-1	270	Biological_protein	AKT45727.1 NDM-1 [Acinetobacter sp. NF10]
AKT45728.1	NDM-1	270	Biological_protein	AKT45728.1 NDM-1 [Acinetobacter sp. NF11]
AKT45729.1	NDM-1	270	Biological_protein	AKT45729.1 NDM-1 [Acinetobacter sp. NF12]
AKT45730.1	NDM-1	270	Biological_protein	AKT45730.1 NDM-1 [Acinetobacter junii]
AKT45731.1	NDM-1	270	Biological_protein	AKT45731.1 NDM-1 [Providencia rettgeri]
AKT45732.1	NDM-1	270	Biological_protein	AKT45732.1 NDM-1 [Klebsiella pneumoniae]
AKT45733.1	NDM-1	270	Biological_protein	AKT45733.1 NDM-1 [Klebsiella pneumoniae]
AKT45734.1	NDM-1	270	Biological_protein	AKT45734.1 NDM-1 [Acinetobacter sp. NF17]
AKT45735.1	NDM-1	270	Biological_protein	AKT45735.1 NDM-1 [Acinetobacter sp. NF18]
AKT45736.1	NDM-1	270	Biological_protein	AKT45736.1 NDM-1 [Acinetobacter junii]
AKT45737.1	NDM-1	270	Biological_protein	AKT45737.1 NDM-1 [Klebsiella pneumoniae]
AKT45738.1	NDM-1	270	Biological_protein	AKT45738.1 NDM-1 [Acinetobacter sp. NF22]
AKT45739.1	NDM-1	270	Biological_protein	AKT45739.1 NDM-1 [Citrobacter freundii]
AKT45740.1	NDM-1	270	Biological_protein	AKT45740.1 NDM-1 [Klebsiella pneumoniae subsp. pneumoniae]
AKT45741.1	NDM-1	270	Biological_protein	AKT45741.1 NDM-1 [Klebsiella pneumoniae subsp. pneumoniae]
AKT45742.1	NDM-1	270	Biological_protein	AKT45742.1 NDM-1 [Acinetobacter sp. NF27]
AKT45743.1	NDM-1	270	Biological_protein	AKT45743.1 NDM-1 [Acinetobacter sp. NF28]
AKT45744.1	NDM-1	270	Biological_protein	AKT45744.1 NDM-1 [Acinetobacter sp. NF29]
AKT45745.1	NDM-1	270	Biological_protein	AKT45745.1 NDM-1 [Acinetobacter sp. NF30]
AKT45746.1	NDM-1	270	Biological_protein	AKT45746.1 NDM-1 [Acinetobacter sp. NF31]
AKT45747.1	NDM-1	270	Biological_protein	AKT45747.1 NDM-1 [Acinetobacter sp. NF32]
AKT45748.1	NDM-1	270	Biological_protein	AKT45748.1 NDM-1 [Acinetobacter johnsonii]
AKT45749.1	NDM-1	270	Biological_protein	AKT45749.1 NDM-1 [Acinetobacter sp. NF34]
AKT45750.1	NDM-1	270	Biological_protein	AKT45750.1 NDM-1 [Acinetobacter sp. NF35]
AKT45751.1	NDM-1	270	Biological_protein	AKT45751.1 NDM-1 [Acinetobacter sp. NF37]
AKT45752.1	NDM-1	270	Biological_protein	AKT45752.1 NDM-1 [Acinetobacter sp. NF38]
AKT45753.1	NDM-1	270	Biological_protein	AKT45753.1 NDM-1 [Acinetobacter junii]
AKT45754.1	NDM-1	270	Biological_protein	AKT45754.1 NDM-1 [Acinetobacter sp. NF40]
AKT45755.1	NDM-1	270	Biological_protein	AKT45755.1 NDM-1 [Pseudomonas sp. NF41]
AKT45756.1	NDM-1	270	Biological_protein	AKT45756.1 NDM-1 [Acinetobacter sp. NF42]
AKT45757.1	NDM-1	270	Biological_protein	AKT45757.1 NDM-1 [Acinetobacter baumannii]
AKT45758.1	NDM-1	270	Biological_protein	AKT45758.1 NDM-1 [Acinetobacter baumannii]
AKT45759.1	NDM-1	270	Biological_protein	AKT45759.1 NDM-1 [Enterobacter ludwigii]
AKT45760.1	NDM-1	270	Biological_protein	AKT45760.1 NDM-1 [Acinetobacter sp. NF46]
AKT45761.1	NDM-1	270	Biological_protein	AKT45761.1 NDM-1 [Acinetobacter junii]
AKT45762.1	NDM-1	270	Biological_protein	AKT45762.1 NDM-1 [Acinetobacter junii]
AKT45763.1	NDM-1	270	Biological_protein	AKT45763.1 NDM-1 [Acinetobacter sp. NF49]
AKT45764.1	NDM-1	270	Biological_protein	AKT45764.1 NDM-1 [Escherichia coli]
AKT45765.1	NDM-1	270	Biological_protein	AKT45765.1 NDM-1 [Acinetobacter johnsonii]
AKT45766.1	NDM-1	270	Biological_protein	AKT45766.1 NDM-1 [Acinetobacter sp. NF53]
AKT45767.1	NDM-1	270	Biological_protein	AKT45767.1 NDM-1 [Escherichia coli]
AKT45768.1	NDM-1	270	Biological_protein	AKT45768.1 NDM-1 [Providencia rettgeri]
AKT45769.1	NDM-1	270	Biological_protein	AKT45769.1 NDM-1 [Acinetobacter sp. NF57]
AKT45770.1	NDM-1	270	Biological_protein	AKT45770.1 NDM-1 [Acinetobacter sp. NF58]
AKT45771.1	NDM-1	270	Biological_protein	AKT45771.1 NDM-1 [Acinetobacter sp. NF59]
AKT45772.1	NDM-1	270	Biological_protein	AKT45772.1 NDM-1 [Acinetobacter sp. NF60]
AKT45773.1	NDM-1	270	Biological_protein	AKT45773.1 NDM-1 [Acinetobacter sp. NF62]
AKT45774.1	NDM-1	270	Biological_protein	AKT45774.1 NDM-1 [Acinetobacter sp. NF63]
AKT45775.1	NDM-1	270	Biological_protein	AKT45775.1 NDM-1 [Acinetobacter sp. NF64]
AKT45776.1	NDM-1	270	Biological_protein	AKT45776.1 NDM-1 [Acinetobacter sp. NF65]
AKT45777.1	NDM-1	270	Biological_protein	AKT45777.1 NDM-1 [Acinetobacter sp. NF66]
AKT45778.1	NDM-1	270	Biological_protein	AKT45778.1 NDM-1 [Acinetobacter sp. NF67]
AKT45779.1	NDM-1	270	Biological_protein	AKT45779.1 NDM-1 [Acinetobacter sp. NF69]
AKT45780.1	NDM-1	270	Biological_protein	AKT45780.1 NDM-1 [Acinetobacter johnsonii]
AKT45781.1	NDM-1	270	Biological_protein	AKT45781.1 NDM-1 [Acinetobacter sp. NF71]
AKT45782.1	NDM-1	270	Biological_protein	AKT45782.1 NDM-1 [Acinetobacter sp. NF72]
AKT45783.1	NDM-1	270	Biological_protein	AKT45783.1 NDM-1 [Acinetobacter sp. NF73]
AKT45784.1	NDM-1	270	Biological_protein	AKT45784.1 NDM-1 [Acinetobacter sp. NF74]
AKT45785.1	NDM-1	270	Biological_protein	AKT45785.1 NDM-1 [Acinetobacter sp. NF75]
AKT45786.1	NDM-1	270	Biological_protein	AKT45786.1 NDM-1 [Escherichia coli]
AKT45787.1	NDM-1	270	Biological_protein	AKT45787.1 NDM-1 [Providencia rettgeri]
AKT45788.1	NDM-1	270	Biological_protein	AKT45788.1 NDM-1 [Acinetobacter sp. NF78]
AKT45789.1	NDM-1	270	Biological_protein	AKT45789.1 NDM-1 [Acinetobacter sp. NF79]
AKT45790.1	NDM-1	270	Biological_protein	AKT45790.1 NDM-1 [Acinetobacter sp. NF80]
AKT45791.1	NDM-1	270	Biological_protein	AKT45791.1 NDM-1 [Pseudomonas sp. NF81]
AKT45792.1	NDM-1	270	Biological_protein	AKT45792.1 NDM-1 [Klebsiella pneumoniae]
AKT45793.1	NDM-1	270	Biological_protein	AKT45793.1 NDM-1 [Alcaligenes faecalis]
AKT45794.1	NDM-1	270	Biological_protein	AKT45794.1 NDM-1 [Providencia vermicola]
AKT45795.1	NDM-1	270	Biological_protein	AKT45795.1 NDM-1 [Acinetobacter sp. NF85]
AKT45796.1	NDM-1	270	Biological_protein	AKT45796.1 NDM-1 [Acinetobacter sp. NF86]
AKT45797.1	NDM-1	270	Biological_protein	AKT45797.1 NDM-1 [Acinetobacter sp. NF87]
AKT45798.1	NDM-1	270	Biological_protein	AKT45798.1 NDM-1 [Acinetobacter sp. NF94]
AKT45799.1	NDM-1	270	Biological_protein	AKT45799.1 NDM-1 [Acinetobacter johnsonii]
AKT45800.1	NDM-1	270	Biological_protein	AKT45800.1 NDM-1 [Acinetobacter sp. NF96]
AKT45801.1	NDM-1	270	Biological_protein	AKT45801.1 NDM-1 [Acinetobacter baumannii]
AKT45802.1	NDM-1	270	Biological_protein	AKT45802.1 NDM-1 [Acinetobacter sp. NF99]
AKT45803.1	NDM-1	270	Biological_protein	AKT45803.1 NDM-1 [Acinetobacter junii]
AKT45804.1	NDM-1	270	Biological_protein	AKT45804.1 NDM-1 [Acinetobacter sp. NF102]
AKT45805.1	NDM-1	270	Biological_protein	AKT45805.1 NDM-1 [Acinetobacter sp. NF103]
AKT45806.1	NDM-1	270	Biological_protein	AKT45806.1 NDM-1 [Citrobacter freundii]
AKT45807.1	NDM-1	270	Biological_protein	AKT45807.1 NDM-1 [Acinetobacter sp. NF105]
AKT45808.1	NDM-1	270	Biological_protein	AKT45808.1 NDM-1 [Providencia rettgeri]
AKT45809.1	NDM-1	270	Biological_protein	AKT45809.1 NDM-1 [Acinetobacter sp. NF108]
AKT45810.1	NDM-1	270	Biological_protein	AKT45810.1 NDM-1 [Citrobacter freundii]
AKT45811.1	NDM-1	270	Biological_protein	AKT45811.1 NDM-1 [Acinetobacter sp. NF111]
AKT45812.1	NDM-1	270	Biological_protein	AKT45812.1 NDM-1 [Escherichia coli]
AKT45813.1	NDM-1	270	Biological_protein	AKT45813.1 NDM-1 [Acinetobacter johnsonii]
AKT45814.1	NDM-1	270	Biological_protein	AKT45814.1 NDM-1 [Providencia vermicola]
AKT45815.1	NDM-1	270	Biological_protein	AKT45815.1 NDM-1 [Acinetobacter sp. NF116]
AKT45816.1	NDM-1	270	Biological_protein	AKT45816.1 NDM-1 [Pseudomonas sp. NF117]
AKT73342.1	NDM-1	270	Biological_protein	AKT73342.1 metallo-beta-lactamase NDM-1 [Acinetobacter pittii]
AKU47818.1	NDM-1	270	Plasmid_associated	AKU47818.1 beta-lactamase NDM-1 (plasmid) [Acinetobacter bereziniae]
ALA08835.1	NDM-1	270	Plasmid_associated	ALA08835.1 beta-lactamase NDM-1 (plasmid) [Citrobacter freundii]
ALD19744.1	NDM-1	244	Biological_protein	ALD19744.1 metallo-beta-lactamase NDM-1 [Escherichia coli]
ALD19783.1	NDM-1	271	Biological_protein	ALD19783.1 metallo-beta-lactamase NDM-1 [Acinetobacter baumannii]
ALD19865.1	NDM-1	264	Plasmid_associated	ALD19865.1 metallo-beta-lactamase NDM-1 (plasmid) [Pseudocitrobacter faecalis]
ALD19869.1	NDM-1	264	Plasmid_associated	ALD19869.1 metallo-beta-lactamase NDM-1 (plasmid) [Escherichia coli]
ALD19873.1	NDM-1	270	Plasmid_associated	ALD19873.1 metallo-beta-lactamase NDM-1 (plasmid) [Pseudocitrobacter faecalis]
ALD19883.1	NDM-1	271	Biological_protein	ALD19883.1 metallo-beta-lactamase NDM-1 [Citrobacter freundii]
ALD19889.1	NDM-1	244	Plasmid_associated	ALD19889.1 metallo-beta-lactamase NDM-1 (plasmid) [Klebsiella pneumoniae]
ALF35348.1	NDM-1	270	Plasmid_associated	ALF35348.1 Beta-lactamase NDM-1 (plasmid) [Enterobacter hormaechei]
BAT46949.1	NDM-1	270	Biological_protein	BAT46949.1 beta-lactamase NDM-1 [Escherichia coli]
BAT46973.1	NDM-1	270	Biological_protein	BAT46973.1 beta-lactamase NDM-1 [Escherichia coli]
ALQ87875.1	NDM-1	270	Plasmid_associated	ALQ87875.1 subclass B1 metallo-beta-lactamase NDM-1 (plasmid) [Klebsiella pneumoniae]
ALV81587.1	NDM-1	270	Precursor	ALV81587.1 Beta-lactamase NDM-1 precursor (plasmid) [Escherichia coli]
ALV81742.1	NDM-1	270	Precursor	ALV81742.1 Beta-lactamase NDM-1 precursor (plasmid) [Providencia rettgeri]
ALV78779.1	NDM-1	270	Precursor	ALV78779.1 Beta-lactamase NDM-1 precursor [Pseudomonas aeruginosa]
BAU22088.1	NDM-1	270	Biological_protein	BAU22088.1 beta-lactamase NDM-1 [Klebsiella pneumoniae]
CUW36427.1	NDM-1	270	Biological_protein	CUW36427.1 Beta-lactamase NDM-1 [Acinetobacter baumannii]
ALZ46450.1	NDM-1	270	Plasmid_associated	ALZ46450.1 metallo-beta-lactamase NDM-1 (plasmid) [Escherichia coli]
ALZ46459.1	NDM-1	270	Plasmid_associated	ALZ46459.1 NDM-1 metallo-beta-lactamase (plasmid) [Escherichia coli]
CDM73462.1	NDM-1	270	Biological_protein	CDM73462.1 Beta-lactamase NDM-1 [Acinetobacter baumannii P630]
KXO23147.1	NDM-1	270	Biological_protein	KXO23147.1 subclass B1 metallo-beta-lactamase NDM-1 [Klebsiella pneumoniae]
AMM30592.1	NDM-1	270	Plasmid_associated	AMM30592.1 subclass B1 metallo-beta-lactamase NDM-1 (plasmid) [Acinetobacter pittii]
AMP34726.1	NDM-1	270	Precursor	AMP34726.1 Beta-lactamase NDM-1 precursor (plasmid) [Salmonella enterica subsp. enterica serovar Stanley]
AMQ12492.1	NDM-1	270	Plasmid_associated	AMQ12492.1 NDM-1 (plasmid) [Klebsiella aerogenes]
AMQ45958.1	NDM-1	270	Plasmid_associated	AMQ45958.1 Beta-lactamase NDM-1 (plasmid) [Acinetobacter towneri]
KYN51288.1	NDM-1	270	Biological_protein	KYN51288.1 subclass B1 metallo-beta-lactamase NDM-1 [Escherichia coli]
ANC28018.1	NDM-1	270	Biological_protein	ANC28018.1 metallo-beta-lactamase NDM-1 [Klebsiella pneumoniae]
ANC28019.1	NDM-1	270	Biological_protein	ANC28019.1 metallo-beta-lactamase NDM-1 [Klebsiella pneumoniae]
ANC28020.1	NDM-1	270	Biological_protein	ANC28020.1 metallo-beta-lactamase NDM-1 [Klebsiella pneumoniae]
ANC28021.1	NDM-1	270	Biological_protein	ANC28021.1 metallo-beta-lactamase NDM-1 [Klebsiella pneumoniae]
OAI32049.1	NDM-1	270	Biological_protein	OAI32049.1 subclass B1 metallo-beta-lactamase NDM-1 [Escherichia coli]
ANF44110.1	NDM-1	270	Plasmid_associated	ANF44110.1 subclass B1 metallo-beta-lactamase NDM-1 (plasmid) [Klebsiella pneumoniae]
ANF80532.1	NDM-1	270	Plasmid_associated	ANF80532.1 subclass B1 metallo-beta-lactamase NDM-1 (plasmid) [Salmonella enterica]
ANF99562.1	NDM-1	270	Biological_protein	ANF99562.1 NDM-1 [Klebsiella pneumoniae]
ANF99563.1	NDM-1	270	Biological_protein	ANF99563.1 NDM-1 [Klebsiella pneumoniae]
ANF99564.1	NDM-1	270	Biological_protein	ANF99564.1 NDM-1 [Klebsiella pneumoniae]
ANJ15745.1	NDM-1	270	Plasmid_associated	ANJ15745.1 NDM-1 metallo-beta-lactamase (plasmid) [Klebsiella pneumoniae subsp. pneumoniae]
ANJ15746.1	NDM-1	270	Plasmid_associated	ANJ15746.1 NDM-1 metallo-beta-lactamase (plasmid) [Escherichia coli]
ANM85706.1	NDM-1	270	Plasmid_associated	ANM85706.1 subclass B1 metallo-beta-lactamase NDM-1 (plasmid) [Escherichia coli]
OBU88529.1	NDM-1	270	Plasmid_associated	OBU88529.1 subclass B1 metallo-beta-lactamase NDM-1 (plasmid) [Escherichia coli]
ANS59695.1	NDM-1	270	Plasmid_associated	ANS59695.1 subclass B1 metallo-beta-lactamase NDM-1 (plasmid) [Klebsiella pneumoniae]
ANU04676.1	NDM-1	270	Biological_protein	ANU04676.1 beta-lactamase NDM-1 [Klebsiella pneumoniae]
ANU04677.1	NDM-1	270	Biological_protein	ANU04677.1 beta-lactamase NDM-1 [Klebsiella pneumoniae]
ANU04678.1	NDM-1	270	Biological_protein	ANU04678.1 beta-lactamase NDM-1 [Klebsiella pneumoniae]
ANU04679.1	NDM-1	270	Biological_protein	ANU04679.1 beta-lactamase NDM-1 [Klebsiella pneumoniae]
ANU04680.1	NDM-1	270	Biological_protein	ANU04680.1 beta-lactamase NDM-1 [Klebsiella pneumoniae]
ANU04681.1	NDM-1	270	Biological_protein	ANU04681.1 beta-lactamase NDM-1 [Klebsiella pneumoniae]
ANU04682.1	NDM-1	270	Biological_protein	ANU04682.1 beta-lactamase NDM-1 [Klebsiella pneumoniae]
ANU04683.1	NDM-1	270	Biological_protein	ANU04683.1 beta-lactamase NDM-1 [Klebsiella pneumoniae]
ANU04684.1	NDM-1	270	Biological_protein	ANU04684.1 beta-lactamase NDM-1 [Klebsiella pneumoniae]
ANU04685.1	NDM-1	270	Biological_protein	ANU04685.1 beta-lactamase NDM-1 [Klebsiella pneumoniae]
ANW35666.1	NDM-1	270	Biological_protein	ANW35666.1 beta-lactamase NDM-1 [Klebsiella pneumoniae]
OCN11849.1	NDM-1	270	Biological_protein	OCN11849.1 subclass B1 metallo-beta-lactamase NDM-1 [Serratia marcescens]
OCN16978.1	NDM-1	270	Biological_protein	OCN16978.1 subclass B1 metallo-beta-lactamase NDM-1 [Klebsiella pneumoniae subsp. pneumoniae]
OCN25814.1	NDM-1	270	Biological_protein	OCN25814.1 subclass B1 metallo-beta-lactamase NDM-1 [Klebsiella pneumoniae subsp. pneumoniae]
OCN26528.1	NDM-1	270	Biological_protein	OCN26528.1 subclass B1 metallo-beta-lactamase NDM-1 [Serratia marcescens]
OCN37384.1	NDM-1	270	Biological_protein	OCN37384.1 subclass B1 metallo-beta-lactamase NDM-1 [Klebsiella pneumoniae subsp. pneumoniae]
OCN53579.1	NDM-1	270	Biological_protein	OCN53579.1 subclass B1 metallo-beta-lactamase NDM-1 [Serratia marcescens]
OCN53735.1	NDM-1	270	Biological_protein	OCN53735.1 subclass B1 metallo-beta-lactamase NDM-1 [Serratia marcescens]
OCN54863.1	NDM-1	270	Biological_protein	OCN54863.1 subclass B1 metallo-beta-lactamase NDM-1 [Serratia marcescens]
OCN55529.1	NDM-1	270	Biological_protein	OCN55529.1 subclass B1 metallo-beta-lactamase NDM-1 [Serratia marcescens]
OCN79025.1	NDM-1	270	Biological_protein	OCN79025.1 subclass B1 metallo-beta-lactamase NDM-1 [Klebsiella pneumoniae subsp. pneumoniae]
OCN81171.1	NDM-1	270	Biological_protein	OCN81171.1 subclass B1 metallo-beta-lactamase NDM-1 [Klebsiella pneumoniae subsp. pneumoniae]
OCN82118.1	NDM-1	270	Biological_protein	OCN82118.1 subclass B1 metallo-beta-lactamase NDM-1 [Klebsiella pneumoniae subsp. pneumoniae]
OCO21828.1	NDM-1	270	Biological_protein	OCO21828.1 subclass B1 metallo-beta-lactamase NDM-1 [Klebsiella pneumoniae subsp. pneumoniae]
OCO27406.1	NDM-1	270	Biological_protein	OCO27406.1 subclass B1 metallo-beta-lactamase NDM-1 [Serratia marcescens]
OCO41153.1	NDM-1	270	Biological_protein	OCO41153.1 subclass B1 metallo-beta-lactamase NDM-1 [Klebsiella pneumoniae subsp. pneumoniae]
OCO59432.1	NDM-1	270	Biological_protein	OCO59432.1 subclass B1 metallo-beta-lactamase NDM-1 [Citrobacter freundii]
OCO59491.1	NDM-1	270	Biological_protein	OCO59491.1 subclass B1 metallo-beta-lactamase NDM-1 [Escherichia coli]
OCO67451.1	NDM-1	270	Biological_protein	OCO67451.1 subclass B1 metallo-beta-lactamase NDM-1 [Klebsiella pneumoniae subsp. pneumoniae]
OCO73073.1	NDM-1	270	Biological_protein	OCO73073.1 subclass B1 metallo-beta-lactamase NDM-1 [Serratia marcescens]
OCO79693.1	NDM-1	270	Biological_protein	OCO79693.1 subclass B1 metallo-beta-lactamase NDM-1 [Serratia marcescens]
OCO84580.1	NDM-1	270	Biological_protein	OCO84580.1 subclass B1 metallo-beta-lactamase NDM-1 [Serratia marcescens]
OCO97310.1	NDM-1	270	Biological_protein	OCO97310.1 subclass B1 metallo-beta-lactamase NDM-1 [Serratia marcescens]
OCQ47005.1	NDM-1	270	Biological_protein	OCQ47005.1 subclass B1 metallo-beta-lactamase NDM-1 [Escherichia coli]
OCY58272.1	NDM-1	270	Biological_protein	OCY58272.1 subclass B1 metallo-beta-lactamase NDM-1 [Acinetobacter pittii]
OCY75732.1	NDM-1	270	Biological_protein	OCY75732.1 subclass B1 metallo-beta-lactamase NDM-1 [Acinetobacter pittii]
OCY80089.1	NDM-1	270	Biological_protein	OCY80089.1 subclass B1 metallo-beta-lactamase NDM-1 [Acinetobacter pittii]
OCY81668.1	NDM-1	270	Biological_protein	OCY81668.1 subclass B1 metallo-beta-lactamase NDM-1 [Acinetobacter pittii]
AOF02515.1	NDM-1	270	Plasmid_associated	AOF02515.1 subclass B1 metallo-beta-lactamase NDM-1 (plasmid) [Klebsiella pneumoniae]
ODH14283.1	NDM-1	270	Biological_protein	ODH14283.1 subclass B1 metallo-beta-lactamase NDM-1 [Escherichia coli]
ODH16135.1	NDM-1	270	Biological_protein	ODH16135.1 subclass B1 metallo-beta-lactamase NDM-1 [Escherichia coli]
ODH25698.1	NDM-1	270	Biological_protein	ODH25698.1 subclass B1 metallo-beta-lactamase NDM-1 [Escherichia coli]
ODH29075.1	NDM-1	270	Biological_protein	ODH29075.1 subclass B1 metallo-beta-lactamase NDM-1 [Escherichia coli]
ODH38499.1	NDM-1	270	Biological_protein	ODH38499.1 subclass B1 metallo-beta-lactamase NDM-1 [Escherichia coli]
AOH95595.1	NDM-1	270	Plasmid_associated	AOH95595.1 subclass B1 metallo-beta-lactamase NDM-1 (plasmid) [Escherichia coli]
ODO72727.1	NDM-1	270	Biological_protein	ODO72727.1 subclass B1 metallo-beta-lactamase NDM-1 [Klebsiella pneumoniae]
ODO79763.1	NDM-1	270	Biological_protein	ODO79763.1 subclass B1 metallo-beta-lactamase NDM-1 [Klebsiella pneumoniae]
ODP00823.1	NDM-1	270	Biological_protein	ODP00823.1 subclass B1 metallo-beta-lactamase NDM-1 [Klebsiella pneumoniae]
ODP00967.1	NDM-1	270	Biological_protein	ODP00967.1 subclass B1 metallo-beta-lactamase NDM-1 [Klebsiella pneumoniae]
ODP07827.1	NDM-1	270	Biological_protein	ODP07827.1 subclass B1 metallo-beta-lactamase NDM-1 [Klebsiella pneumoniae]
ODP16058.1	NDM-1	270	Biological_protein	ODP16058.1 subclass B1 metallo-beta-lactamase NDM-1 [Klebsiella pneumoniae]
ODP20020.1	NDM-1	270	Biological_protein	ODP20020.1 subclass B1 metallo-beta-lactamase NDM-1 [Klebsiella pneumoniae]
AOM73211.1	NDM-1	270	Precursor	AOM73211.1 Beta-lactamase NDM-1 precursor (plasmid) [Escherichia coli]
OEG80843.1	NDM-1	270	Biological_protein	OEG80843.1 subclass B1 metallo-beta-lactamase NDM-1 [Klebsiella michiganensis]
OEG82743.1	NDM-1	270	Biological_protein	OEG82743.1 subclass B1 metallo-beta-lactamase NDM-1 [Enterobacter asburiae]
OEG83918.1	NDM-1	270	Biological_protein	OEG83918.1 subclass B1 metallo-beta-lactamase NDM-1 [Enterobacter hormaechei subsp. hoffmannii]
OEG95576.1	NDM-1	270	Biological_protein	OEG95576.1 subclass B1 metallo-beta-lactamase NDM-1 [Enterobacter kobei]
OEG96689.1	NDM-1	270	Biological_protein	OEG96689.1 subclass B1 metallo-beta-lactamase NDM-1 [Enterobacter roggenkampii]
OEH00661.1	NDM-1	270	Biological_protein	OEH00661.1 subclass B1 metallo-beta-lactamase NDM-1 [Enterobacter asburiae]
OEH10029.1	NDM-1	270	Biological_protein	OEH10029.1 subclass B1 metallo-beta-lactamase NDM-1 [Enterobacter kobei]
OEH10105.1	NDM-1	270	Biological_protein	OEH10105.1 subclass B1 metallo-beta-lactamase NDM-1 [Enterobacter asburiae]
OEH20723.1	NDM-1	270	Biological_protein	OEH20723.1 subclass B1 metallo-beta-lactamase NDM-1 [Citrobacter freundii]
OEH22413.1	NDM-1	270	Biological_protein	OEH22413.1 subclass B1 metallo-beta-lactamase NDM-1 [Enterobacter sp. ST121:950178628]
OEI85850.1	NDM-1	270	Biological_protein	OEI85850.1 subclass B1 metallo-beta-lactamase NDM-1 [Klebsiella pneumoniae]
OES48450.1	NDM-1	267	Biological_protein	OES48450.1 subclass B1 metallo-beta-lactamase NDM-1 [Pseudomonas aeruginosa]
OFI16402.1	NDM-1	270	Biological_protein	OFI16402.1 subclass B1 metallo-beta-lactamase NDM-1 [Klebsiella pneumoniae]
AOZ61061.1	NDM-1	270	Biological_protein	AOZ61061.1 metallo-beta-lactamase NDM-1 [Escherichia coli]
APC14146.1	NDM-1	270	Precursor	APC14146.1 Beta-lactamase NDM-1 precursor,Metallo-beta-lactamase superfamily (plasmid) [Providencia rettgeri]
OIV75317.1	NDM-1	270	Biological_protein	OIV75317.1 subclass B1 metallo-beta-lactamase NDM-1 [Klebsiella pneumoniae]
OIV79761.1	NDM-1	270	Biological_protein	OIV79761.1 subclass B1 metallo-beta-lactamase NDM-1 [Klebsiella pneumoniae]
OJJ89794.1	NDM-1	270	Biological_protein	OJJ89794.1 subclass B1 metallo-beta-lactamase NDM-1 [Klebsiella pneumoniae]
OJK09195.1	NDM-1	270	Biological_protein	OJK09195.1 subclass B1 metallo-beta-lactamase NDM-1 [Escherichia coli]
OJK09540.1	NDM-1	270	Biological_protein	OJK09540.1 subclass B1 metallo-beta-lactamase NDM-1 [Escherichia coli]
OJK09586.1	NDM-1	270	Biological_protein	OJK09586.1 subclass B1 metallo-beta-lactamase NDM-1 [Escherichia coli]
OJK22526.1	NDM-1	270	Biological_protein	OJK22526.1 subclass B1 metallo-beta-lactamase NDM-1 [Escherichia coli]
OJK30493.1	NDM-1	270	Biological_protein	OJK30493.1 subclass B1 metallo-beta-lactamase NDM-1 [Escherichia coli]
OJK30588.1	NDM-1	270	Biological_protein	OJK30588.1 subclass B1 metallo-beta-lactamase NDM-1 [Escherichia coli]
OJK37832.1	NDM-1	270	Biological_protein	OJK37832.1 subclass B1 metallo-beta-lactamase NDM-1 [Escherichia coli]
OJK45450.1	NDM-1	270	Biological_protein	OJK45450.1 subclass B1 metallo-beta-lactamase NDM-1 [Escherichia coli]
OJK49001.1	NDM-1	270	Biological_protein	OJK49001.1 subclass B1 metallo-beta-lactamase NDM-1 [Escherichia coli]
OJK53802.1	NDM-1	270	Biological_protein	OJK53802.1 subclass B1 metallo-beta-lactamase NDM-1 [Escherichia coli]
OJK58019.1	NDM-1	270	Biological_protein	OJK58019.1 subclass B1 metallo-beta-lactamase NDM-1 [Escherichia coli]
OJK64171.1	NDM-1	270	Biological_protein	OJK64171.1 subclass B1 metallo-beta-lactamase NDM-1 [Escherichia coli]
OJK67889.1	NDM-1	270	Biological_protein	OJK67889.1 subclass B1 metallo-beta-lactamase NDM-1 [Escherichia coli]
OJK72233.1	NDM-1	270	Biological_protein	OJK72233.1 subclass B1 metallo-beta-lactamase NDM-1 [Escherichia coli]
OJK79891.1	NDM-1	270	Biological_protein	OJK79891.1 subclass B1 metallo-beta-lactamase NDM-1 [Escherichia coli]
OJK84607.1	NDM-1	270	Biological_protein	OJK84607.1 subclass B1 metallo-beta-lactamase NDM-1 [Escherichia coli]
OJK88231.1	NDM-1	270	Biological_protein	OJK88231.1 subclass B1 metallo-beta-lactamase NDM-1 [Escherichia coli]
OJK98159.1	NDM-1	270	Biological_protein	OJK98159.1 subclass B1 metallo-beta-lactamase NDM-1 [Escherichia coli]
OJK99058.1	NDM-1	270	Biological_protein	OJK99058.1 subclass B1 metallo-beta-lactamase NDM-1 [Escherichia coli]
OJK99113.1	NDM-1	270	Biological_protein	OJK99113.1 subclass B1 metallo-beta-lactamase NDM-1 [Escherichia coli]
OJL14509.1	NDM-1	270	Biological_protein	OJL14509.1 subclass B1 metallo-beta-lactamase NDM-1 [Escherichia coli]
OJL15934.1	NDM-1	270	Biological_protein	OJL15934.1 subclass B1 metallo-beta-lactamase NDM-1 [Escherichia coli]
OJL21918.1	NDM-1	270	Biological_protein	OJL21918.1 subclass B1 metallo-beta-lactamase NDM-1 [Escherichia coli]
OJL26990.1	NDM-1	270	Biological_protein	OJL26990.1 subclass B1 metallo-beta-lactamase NDM-1 [Escherichia coli]
OJL27606.1	NDM-1	270	Biological_protein	OJL27606.1 subclass B1 metallo-beta-lactamase NDM-1 [Escherichia coli]
OJL40437.1	NDM-1	270	Biological_protein	OJL40437.1 subclass B1 metallo-beta-lactamase NDM-1 [Escherichia coli]
OJL44587.1	NDM-1	270	Biological_protein	OJL44587.1 subclass B1 metallo-beta-lactamase NDM-1 [Escherichia coli]
OJL46647.1	NDM-1	270	Biological_protein	OJL46647.1 subclass B1 metallo-beta-lactamase NDM-1 [Escherichia coli]
OJL52264.1	NDM-1	270	Biological_protein	OJL52264.1 subclass B1 metallo-beta-lactamase NDM-1 [Escherichia coli]
OJL61083.1	NDM-1	270	Biological_protein	OJL61083.1 subclass B1 metallo-beta-lactamase NDM-1 [Escherichia coli]
OJL61175.1	NDM-1	270	Biological_protein	OJL61175.1 subclass B1 metallo-beta-lactamase NDM-1 [Escherichia coli]
OJL70223.1	NDM-1	270	Biological_protein	OJL70223.1 subclass B1 metallo-beta-lactamase NDM-1 [Escherichia coli]
OJL74303.1	NDM-1	270	Biological_protein	OJL74303.1 subclass B1 metallo-beta-lactamase NDM-1 [Escherichia coli]
OJL78247.1	NDM-1	270	Biological_protein	OJL78247.1 subclass B1 metallo-beta-lactamase NDM-1 [Escherichia coli]
OJL82650.1	NDM-1	270	Biological_protein	OJL82650.1 subclass B1 metallo-beta-lactamase NDM-1 [Escherichia coli]
OJL90158.1	NDM-1	270	Biological_protein	OJL90158.1 subclass B1 metallo-beta-lactamase NDM-1 [Escherichia coli]
OJL95642.1	NDM-1	270	Biological_protein	OJL95642.1 subclass B1 metallo-beta-lactamase NDM-1 [Escherichia coli]
OJL99554.1	NDM-1	270	Biological_protein	OJL99554.1 subclass B1 metallo-beta-lactamase NDM-1 [Escherichia coli]
OJM01152.1	NDM-1	270	Biological_protein	OJM01152.1 subclass B1 metallo-beta-lactamase NDM-1 [Escherichia coli]
OJM11921.1	NDM-1	270	Biological_protein	OJM11921.1 subclass B1 metallo-beta-lactamase NDM-1 [Escherichia coli]
OJM13337.1	NDM-1	270	Biological_protein	OJM13337.1 subclass B1 metallo-beta-lactamase NDM-1 [Escherichia coli]
OJM17472.1	NDM-1	270	Biological_protein	OJM17472.1 subclass B1 metallo-beta-lactamase NDM-1 [Escherichia coli]
OJM27285.1	NDM-1	270	Biological_protein	OJM27285.1 subclass B1 metallo-beta-lactamase NDM-1 [Escherichia coli]
OJM28844.1	NDM-1	270	Biological_protein	OJM28844.1 subclass B1 metallo-beta-lactamase NDM-1 [Escherichia coli]
OJM36073.1	NDM-1	270	Biological_protein	OJM36073.1 subclass B1 metallo-beta-lactamase NDM-1 [Escherichia coli]
OJM42407.1	NDM-1	270	Biological_protein	OJM42407.1 subclass B1 metallo-beta-lactamase NDM-1 [Escherichia coli]
OJM43947.1	NDM-1	270	Biological_protein	OJM43947.1 subclass B1 metallo-beta-lactamase NDM-1 [Escherichia coli]
OJM55012.1	NDM-1	270	Biological_protein	OJM55012.1 subclass B1 metallo-beta-lactamase NDM-1 [Escherichia coli]
OJM56211.1	NDM-1	270	Biological_protein	OJM56211.1 subclass B1 metallo-beta-lactamase NDM-1 [Escherichia coli]
OJM66572.1	NDM-1	270	Biological_protein	OJM66572.1 subclass B1 metallo-beta-lactamase NDM-1 [Escherichia coli]
OJM68604.1	NDM-1	270	Biological_protein	OJM68604.1 subclass B1 metallo-beta-lactamase NDM-1 [Escherichia coli]
OJM70384.1	NDM-1	270	Biological_protein	OJM70384.1 subclass B1 metallo-beta-lactamase NDM-1 [Escherichia coli]
OJM82228.1	NDM-1	270	Biological_protein	OJM82228.1 subclass B1 metallo-beta-lactamase NDM-1 [Escherichia coli]
OJM82383.1	NDM-1	270	Biological_protein	OJM82383.1 subclass B1 metallo-beta-lactamase NDM-1 [Escherichia coli]
OJM84184.1	NDM-1	270	Biological_protein	OJM84184.1 subclass B1 metallo-beta-lactamase NDM-1 [Escherichia coli]
OJM85782.1	NDM-1	270	Biological_protein	OJM85782.1 subclass B1 metallo-beta-lactamase NDM-1 [Escherichia coli]
OJN01862.1	NDM-1	270	Biological_protein	OJN01862.1 subclass B1 metallo-beta-lactamase NDM-1 [Escherichia coli]
OJN02333.1	NDM-1	270	Biological_protein	OJN02333.1 subclass B1 metallo-beta-lactamase NDM-1 [Escherichia coli]
OJN02529.1	NDM-1	270	Biological_protein	OJN02529.1 subclass B1 metallo-beta-lactamase NDM-1 [Escherichia coli]
OJN14590.1	NDM-1	270	Biological_protein	OJN14590.1 subclass B1 metallo-beta-lactamase NDM-1 [Escherichia coli]
OJN16124.1	NDM-1	270	Biological_protein	OJN16124.1 subclass B1 metallo-beta-lactamase NDM-1 [Escherichia coli]
OJN22647.1	NDM-1	270	Biological_protein	OJN22647.1 subclass B1 metallo-beta-lactamase NDM-1 [Escherichia coli]
OJN27675.1	NDM-1	270	Biological_protein	OJN27675.1 subclass B1 metallo-beta-lactamase NDM-1 [Escherichia coli]
OJN31672.1	NDM-1	270	Biological_protein	OJN31672.1 subclass B1 metallo-beta-lactamase NDM-1 [Escherichia coli]
OJN37409.1	NDM-1	270	Biological_protein	OJN37409.1 subclass B1 metallo-beta-lactamase NDM-1 [Escherichia coli]
OJN38595.1	NDM-1	270	Biological_protein	OJN38595.1 subclass B1 metallo-beta-lactamase NDM-1 [Escherichia coli]
OJN44099.1	NDM-1	270	Biological_protein	OJN44099.1 subclass B1 metallo-beta-lactamase NDM-1 [Escherichia coli]
OJN52736.1	NDM-1	270	Biological_protein	OJN52736.1 subclass B1 metallo-beta-lactamase NDM-1 [Escherichia coli]
OJN52866.1	NDM-1	270	Biological_protein	OJN52866.1 subclass B1 metallo-beta-lactamase NDM-1 [Escherichia coli]
OJN63937.1	NDM-1	270	Biological_protein	OJN63937.1 subclass B1 metallo-beta-lactamase NDM-1 [Escherichia coli]
OJN71898.1	NDM-1	270	Biological_protein	OJN71898.1 subclass B1 metallo-beta-lactamase NDM-1 [Escherichia coli]
OJN75657.1	NDM-1	270	Biological_protein	OJN75657.1 subclass B1 metallo-beta-lactamase NDM-1 [Escherichia coli]
OJN79396.1	NDM-1	270	Biological_protein	OJN79396.1 subclass B1 metallo-beta-lactamase NDM-1 [Escherichia coli]
OJN88116.1	NDM-1	270	Biological_protein	OJN88116.1 subclass B1 metallo-beta-lactamase NDM-1 [Escherichia coli]
OJN89376.1	NDM-1	270	Biological_protein	OJN89376.1 subclass B1 metallo-beta-lactamase NDM-1 [Escherichia coli]
OJN90420.1	NDM-1	270	Biological_protein	OJN90420.1 subclass B1 metallo-beta-lactamase NDM-1 [Escherichia coli]
OJO02749.1	NDM-1	270	Biological_protein	OJO02749.1 subclass B1 metallo-beta-lactamase NDM-1 [Escherichia coli]
OJO03065.1	NDM-1	270	Biological_protein	OJO03065.1 subclass B1 metallo-beta-lactamase NDM-1 [Escherichia coli]
OJO07791.1	NDM-1	270	Biological_protein	OJO07791.1 subclass B1 metallo-beta-lactamase NDM-1 [Escherichia coli]
OJO22623.1	NDM-1	270	Biological_protein	OJO22623.1 subclass B1 metallo-beta-lactamase NDM-1 [Escherichia coli]
OJO23276.1	NDM-1	270	Biological_protein	OJO23276.1 subclass B1 metallo-beta-lactamase NDM-1 [Escherichia coli]
OJO26284.1	NDM-1	270	Biological_protein	OJO26284.1 subclass B1 metallo-beta-lactamase NDM-1 [Escherichia coli]
OJO26314.1	NDM-1	270	Biological_protein	OJO26314.1 subclass B1 metallo-beta-lactamase NDM-1 [Escherichia coli]
OJO37686.1	NDM-1	270	Biological_protein	OJO37686.1 subclass B1 metallo-beta-lactamase NDM-1 [Escherichia coli]
OJO39319.1	NDM-1	270	Biological_protein	OJO39319.1 subclass B1 metallo-beta-lactamase NDM-1 [Escherichia coli]
OJO49551.1	NDM-1	270	Biological_protein	OJO49551.1 subclass B1 metallo-beta-lactamase NDM-1 [Escherichia coli]
OJO51093.1	NDM-1	270	Biological_protein	OJO51093.1 subclass B1 metallo-beta-lactamase NDM-1 [Escherichia coli]
OJO54026.1	NDM-1	270	Biological_protein	OJO54026.1 subclass B1 metallo-beta-lactamase NDM-1 [Escherichia coli]
OJO59557.1	NDM-1	270	Biological_protein	OJO59557.1 subclass B1 metallo-beta-lactamase NDM-1 [Escherichia coli]
OJO63890.1	NDM-1	270	Biological_protein	OJO63890.1 subclass B1 metallo-beta-lactamase NDM-1 [Escherichia coli]
OJO72830.1	NDM-1	270	Biological_protein	OJO72830.1 subclass B1 metallo-beta-lactamase NDM-1 [Escherichia coli]
OJO77554.1	NDM-1	270	Biological_protein	OJO77554.1 subclass B1 metallo-beta-lactamase NDM-1 [Escherichia coli]
OJO83919.1	NDM-1	270	Biological_protein	OJO83919.1 subclass B1 metallo-beta-lactamase NDM-1 [Escherichia coli]
OJO85050.1	NDM-1	270	Biological_protein	OJO85050.1 subclass B1 metallo-beta-lactamase NDM-1 [Escherichia coli]
OJO85984.1	NDM-1	270	Biological_protein	OJO85984.1 subclass B1 metallo-beta-lactamase NDM-1 [Escherichia coli]
OJO95286.1	NDM-1	270	Biological_protein	OJO95286.1 subclass B1 metallo-beta-lactamase NDM-1 [Escherichia coli]
OJP01219.1	NDM-1	270	Biological_protein	OJP01219.1 subclass B1 metallo-beta-lactamase NDM-1 [Escherichia coli]
OJP06743.1	NDM-1	270	Biological_protein	OJP06743.1 subclass B1 metallo-beta-lactamase NDM-1 [Escherichia coli]
OJP11471.1	NDM-1	270	Biological_protein	OJP11471.1 subclass B1 metallo-beta-lactamase NDM-1 [Escherichia coli]
OJP12964.1	NDM-1	270	Biological_protein	OJP12964.1 subclass B1 metallo-beta-lactamase NDM-1 [Escherichia coli]
OJP16878.1	NDM-1	270	Biological_protein	OJP16878.1 subclass B1 metallo-beta-lactamase NDM-1 [Escherichia coli]
OJP19118.1	NDM-1	270	Biological_protein	OJP19118.1 subclass B1 metallo-beta-lactamase NDM-1 [Escherichia coli]
OJP26328.1	NDM-1	270	Biological_protein	OJP26328.1 subclass B1 metallo-beta-lactamase NDM-1 [Escherichia coli]
OJP31294.1	NDM-1	270	Biological_protein	OJP31294.1 subclass B1 metallo-beta-lactamase NDM-1 [Escherichia coli]
OJP40227.1	NDM-1	270	Biological_protein	OJP40227.1 subclass B1 metallo-beta-lactamase NDM-1 [Escherichia coli]
OJP41237.1	NDM-1	270	Biological_protein	OJP41237.1 subclass B1 metallo-beta-lactamase NDM-1 [Escherichia coli]
OJP52296.1	NDM-1	270	Biological_protein	OJP52296.1 subclass B1 metallo-beta-lactamase NDM-1 [Escherichia coli]
OJP55145.1	NDM-1	270	Biological_protein	OJP55145.1 subclass B1 metallo-beta-lactamase NDM-1 [Escherichia coli]
OJP63017.1	NDM-1	270	Biological_protein	OJP63017.1 subclass B1 metallo-beta-lactamase NDM-1 [Escherichia coli]
OJP65449.1	NDM-1	270	Biological_protein	OJP65449.1 subclass B1 metallo-beta-lactamase NDM-1 [Escherichia coli]
OJP68749.1	NDM-1	270	Biological_protein	OJP68749.1 subclass B1 metallo-beta-lactamase NDM-1 [Escherichia coli]
OJP71365.1	NDM-1	270	Biological_protein	OJP71365.1 subclass B1 metallo-beta-lactamase NDM-1 [Escherichia coli]
OJP81506.1	NDM-1	270	Biological_protein	OJP81506.1 subclass B1 metallo-beta-lactamase NDM-1 [Escherichia coli]
OJP84965.1	NDM-1	270	Biological_protein	OJP84965.1 subclass B1 metallo-beta-lactamase NDM-1 [Escherichia coli]
OJP85129.1	NDM-1	270	Biological_protein	OJP85129.1 subclass B1 metallo-beta-lactamase NDM-1 [Escherichia coli]
OJP92752.1	NDM-1	270	Biological_protein	OJP92752.1 subclass B1 metallo-beta-lactamase NDM-1 [Escherichia coli]
OJP93984.1	NDM-1	270	Biological_protein	OJP93984.1 subclass B1 metallo-beta-lactamase NDM-1 [Escherichia coli]
OJQ02118.1	NDM-1	270	Biological_protein	OJQ02118.1 subclass B1 metallo-beta-lactamase NDM-1 [Escherichia coli]
OJQ10319.1	NDM-1	270	Biological_protein	OJQ10319.1 subclass B1 metallo-beta-lactamase NDM-1 [Escherichia coli]
OJQ11890.1	NDM-1	270	Biological_protein	OJQ11890.1 subclass B1 metallo-beta-lactamase NDM-1 [Escherichia coli]
OJQ19566.1	NDM-1	270	Biological_protein	OJQ19566.1 subclass B1 metallo-beta-lactamase NDM-1 [Escherichia coli]
OJQ24191.1	NDM-1	270	Biological_protein	OJQ24191.1 subclass B1 metallo-beta-lactamase NDM-1 [Escherichia coli]
OJQ24883.1	NDM-1	270	Biological_protein	OJQ24883.1 subclass B1 metallo-beta-lactamase NDM-1 [Escherichia coli]
OJQ34906.1	NDM-1	270	Biological_protein	OJQ34906.1 subclass B1 metallo-beta-lactamase NDM-1 [Escherichia coli]
OJQ36502.1	NDM-1	270	Biological_protein	OJQ36502.1 subclass B1 metallo-beta-lactamase NDM-1 [Escherichia coli]
OJQ36986.1	NDM-1	270	Biological_protein	OJQ36986.1 subclass B1 metallo-beta-lactamase NDM-1 [Escherichia coli]
OJQ42446.1	NDM-1	270	Biological_protein	OJQ42446.1 subclass B1 metallo-beta-lactamase NDM-1 [Escherichia coli]
OJQ45073.1	NDM-1	270	Biological_protein	OJQ45073.1 subclass B1 metallo-beta-lactamase NDM-1 [Escherichia coli]
OJQ56146.1	NDM-1	270	Biological_protein	OJQ56146.1 subclass B1 metallo-beta-lactamase NDM-1 [Escherichia coli]
OJQ59100.1	NDM-1	270	Biological_protein	OJQ59100.1 subclass B1 metallo-beta-lactamase NDM-1 [Escherichia coli]
OJQ63404.1	NDM-1	270	Biological_protein	OJQ63404.1 subclass B1 metallo-beta-lactamase NDM-1 [Escherichia coli]
OJQ69901.1	NDM-1	270	Biological_protein	OJQ69901.1 subclass B1 metallo-beta-lactamase NDM-1 [Escherichia coli]
OJQ70247.1	NDM-1	270	Biological_protein	OJQ70247.1 subclass B1 metallo-beta-lactamase NDM-1 [Escherichia coli]
OJQ75786.1	NDM-1	270	Biological_protein	OJQ75786.1 subclass B1 metallo-beta-lactamase NDM-1 [Escherichia coli]
OJQ84345.1	NDM-1	270	Biological_protein	OJQ84345.1 subclass B1 metallo-beta-lactamase NDM-1 [Escherichia coli]
OJQ90042.1	NDM-1	270	Biological_protein	OJQ90042.1 subclass B1 metallo-beta-lactamase NDM-1 [Escherichia coli]
OJQ91830.1	NDM-1	270	Biological_protein	OJQ91830.1 subclass B1 metallo-beta-lactamase NDM-1 [Escherichia coli]
OJQ98473.1	NDM-1	270	Biological_protein	OJQ98473.1 subclass B1 metallo-beta-lactamase NDM-1 [Escherichia coli]
OJQ99737.1	NDM-1	270	Biological_protein	OJQ99737.1 subclass B1 metallo-beta-lactamase NDM-1 [Escherichia coli]
OJR04755.1	NDM-1	270	Biological_protein	OJR04755.1 subclass B1 metallo-beta-lactamase NDM-1 [Escherichia coli]
OJR10039.1	NDM-1	270	Biological_protein	OJR10039.1 subclass B1 metallo-beta-lactamase NDM-1 [Escherichia coli]
OJR12401.1	NDM-1	270	Biological_protein	OJR12401.1 subclass B1 metallo-beta-lactamase NDM-1 [Escherichia coli]
OJR26979.1	NDM-1	270	Biological_protein	OJR26979.1 subclass B1 metallo-beta-lactamase NDM-1 [Escherichia coli]
OJR27219.1	NDM-1	270	Biological_protein	OJR27219.1 subclass B1 metallo-beta-lactamase NDM-1 [Escherichia coli]
OJR29503.1	NDM-1	270	Biological_protein	OJR29503.1 subclass B1 metallo-beta-lactamase NDM-1 [Escherichia coli]
OJR39634.1	NDM-1	270	Biological_protein	OJR39634.1 subclass B1 metallo-beta-lactamase NDM-1 [Escherichia coli]
OJR41608.1	NDM-1	270	Biological_protein	OJR41608.1 subclass B1 metallo-beta-lactamase NDM-1 [Escherichia coli]
OJR44543.1	NDM-1	270	Biological_protein	OJR44543.1 subclass B1 metallo-beta-lactamase NDM-1 [Escherichia coli]
OJR57338.1	NDM-1	270	Biological_protein	OJR57338.1 subclass B1 metallo-beta-lactamase NDM-1 [Escherichia coli]
OJR62297.1	NDM-1	270	Biological_protein	OJR62297.1 subclass B1 metallo-beta-lactamase NDM-1 [Escherichia coli]
OJR65758.1	NDM-1	270	Biological_protein	OJR65758.1 subclass B1 metallo-beta-lactamase NDM-1 [Escherichia coli]
OJR69747.1	NDM-1	270	Biological_protein	OJR69747.1 subclass B1 metallo-beta-lactamase NDM-1 [Escherichia coli]
OJR79824.1	NDM-1	270	Biological_protein	OJR79824.1 subclass B1 metallo-beta-lactamase NDM-1 [Escherichia coli]
OJR85798.1	NDM-1	270	Biological_protein	OJR85798.1 subclass B1 metallo-beta-lactamase NDM-1 [Escherichia coli]
OJR88329.1	NDM-1	270	Biological_protein	OJR88329.1 subclass B1 metallo-beta-lactamase NDM-1 [Escherichia coli]
OJR88961.1	NDM-1	270	Biological_protein	OJR88961.1 subclass B1 metallo-beta-lactamase NDM-1 [Escherichia coli]
OJR89643.1	NDM-1	270	Biological_protein	OJR89643.1 subclass B1 metallo-beta-lactamase NDM-1 [Escherichia coli]
OJS01389.1	NDM-1	270	Biological_protein	OJS01389.1 subclass B1 metallo-beta-lactamase NDM-1 [Escherichia coli]
OJS08708.1	NDM-1	270	Biological_protein	OJS08708.1 subclass B1 metallo-beta-lactamase NDM-1 [Escherichia coli]
OJS09470.1	NDM-1	270	Biological_protein	OJS09470.1 subclass B1 metallo-beta-lactamase NDM-1 [Escherichia coli]
OJS92352.1	NDM-1	270	Biological_protein	OJS92352.1 subclass B1 metallo-beta-lactamase NDM-1 [Escherichia coli]
APM56792.1	NDM-1	270	Plasmid_associated	APM56792.1 subclass B1 metallo-beta-lactamase NDM-1 (plasmid) [Klebsiella pneumoniae]
OKL92194.1	NDM-1	270	Biological_protein	OKL92194.1 beta-lactamase NDM-1 [Escherichia coli]
OKN43463.1	NDM-1	270	Biological_protein	OKN43463.1 beta-lactamase NDM-1 [Klebsiella pneumoniae]
OKO28934.1	NDM-1	270	Biological_protein	OKO28934.1 beta-lactamase NDM-1 [Acinetobacter baumannii]
OKO43422.1	NDM-1	270	Biological_protein	OKO43422.1 beta-lactamase NDM-1 [Acinetobacter baumannii]
APR50682.1	NDM-1	270	Plasmid_associated	APR50682.1 subclass B1 metallo-beta-lactamase NDM-1 (plasmid) [Klebsiella pneumoniae]
APT66221.1	NDM-1	247	Biological_protein	APT66221.1 beta-metallo-lactamase NDM-1, partial [Klebsiella pneumoniae subsp. pneumoniae]
APX52901.1	NDM-1	249	Plasmid_associated	APX52901.1 carbapenem-hydrolyzing metallo-beta-lactamase NDM-1, partial (plasmid) [Klebsiella pneumoniae]
APY22234.1	NDM-1	287	Precursor	APY22234.1 Beta-lactamase NDM-1 precursor (plasmid) [Klebsiella pneumoniae]
ONK54431.1	NDM-1	270	Biological_protein	ONK54431.1 subclass B1 metallo-beta-lactamase NDM-1 [Escherichia coli]
AQL13620.1	NDM-1	270	Plasmid_associated	AQL13620.1 subclass B1 metallo-beta-lactamase NDM-1 (plasmid) [Klebsiella variicola]
AQL23987.1	NDM-1	270	Plasmid_associated	AQL23987.1 subclass B1 metallo-beta-lactamase NDM-1 (plasmid) [Klebsiella variicola]
AQL24323.1	NDM-1	270	Plasmid_associated	AQL24323.1 subclass B1 metallo-beta-lactamase NDM-1 (plasmid) [Klebsiella variicola]
OOB85717.1	NDM-1	270	Biological_protein	OOB85717.1 subclass B1 metallo-beta-lactamase NDM-1 [Leclercia adecarboxylata]
OOM87954.1	NDM-1	270	Biological_protein	OOM87954.1 subclass B1 metallo-beta-lactamase NDM-1 [Acinetobacter baumannii]
OOM89531.1	NDM-1	270	Biological_protein	OOM89531.1 subclass B1 metallo-beta-lactamase NDM-1 [Acinetobacter baumannii]
OOM97691.1	NDM-1	270	Biological_protein	OOM97691.1 subclass B1 metallo-beta-lactamase NDM-1 [Acinetobacter baumannii]
AQY04153.1	NDM-1	246	Biological_protein	AQY04153.1 metallo-beta-lactamase NDM-1, partial [Stenotrophomonas maltophilia]
AQZ21444.1	NDM-1	270	Precursor	AQZ21444.1 Beta-lactamase NDM-1 precursor (plasmid) [Enterobacter cloacae]
AQZ21569.1	NDM-1	270	Precursor	AQZ21569.1 Beta-lactamase NDM-1 precursor (plasmid) [Enterobacter cloacae]
ARA20459.1	NDM-1	270	Plasmid_associated	ARA20459.1 subclass B1 metallo-beta-lactamase NDM-1 (plasmid) [Escherichia coli]
ARA34130.1	NDM-1	270	Plasmid_associated	ARA34130.1 subclass B1 metallo-beta-lactamase NDM-1 (plasmid) [Escherichia coli]
ARA50152.1	NDM-1	270	Plasmid_associated	ARA50152.1 subclass B1 metallo-beta-lactamase NDM-1 (plasmid) [Klebsiella pneumoniae]
ARA73667.1	NDM-1	270	Biological_protein	ARA73667.1 Beta-lactamase NDM-1 [Escherichia coli]
ARB07379.1	NDM-1	270	Biological_protein	ARB07379.1 metallo-beta-lactamase NDM-1 [Acinetobacter baumannii]
SLM58024.1	NDM-1	270	Precursor	SLM58024.1 Beta-lactamase NDM-1 precursor [Acinetobacter baumannii]
SMB69725.1	NDM-1	270	Precursor	SMB69725.1 Beta-lactamase NDM-1 precursor [Acinetobacter baumannii]
ORC54003.1	NDM-1	270	Biological_protein	ORC54003.1 subclass B1 metallo-beta-lactamase NDM-1 [Klebsiella pneumoniae subsp. pneumoniae]
ARI91781.1	NDM-1	270	Biological_protein	ARI91781.1 subclass B1 metallo-beta-lactamase NDM-1 [Pseudomonas aeruginosa]
ARI98219.1	NDM-1	270	Biological_protein	ARI98219.1 subclass B1 metallo-beta-lactamase NDM-1 [Pseudomonas aeruginosa]
ORT68329.1	NDM-1	270	Biological_protein	ORT68329.1 subclass B1 metallo-beta-lactamase NDM-1 [Citrobacter werkmanii]
ARJ58196.1	NDM-1	270	Plasmid_associated	ARJ58196.1 Beta-lactamase NDM-1 (plasmid) [Enterobacter cloacae]
OSH91193.1	NDM-1	270	Plasmid_associated	OSH91193.1 subclass B1 metallo-beta-lactamase NDM-1 (plasmid) [Klebsiella pneumoniae]
OSH94048.1	NDM-1	270	Plasmid_associated	OSH94048.1 subclass B1 metallo-beta-lactamase NDM-1 (plasmid) [Klebsiella pneumoniae]
ARK36277.1	NDM-1	270	Plasmid_associated	ARK36277.1 NDM-1 (plasmid) [Escherichia coli]
ARM25685.1	NDM-1	270	Plasmid_associated	ARM25685.1 subclass B1 metallo-beta-lactamase NDM-1 (plasmid) [Klebsiella pneumoniae]
OSP13291.1	NDM-1	270	Biological_protein	OSP13291.1 subclass B1 metallo-beta-lactamase NDM-1 [Citrobacter werkmanii]
OSX84088.1	NDM-1	270	Biological_protein	OSX84088.1 subclass B1 metallo-beta-lactamase NDM-1 [Serratia marcescens]
ARQ26766.1	NDM-1	270	Plasmid_associated	ARQ26766.1 subclass B1 metallo-beta-lactamase NDM-1 (plasmid) [Escherichia coli]
OTA09107.1	NDM-1	270	Plasmid_associated	OTA09107.1 subclass B1 metallo-beta-lactamase NDM-1 (plasmid) [Escherichia coli]
OTF06020.1	NDM-1	270	Biological_protein	OTF06020.1 subclass B1 metallo-beta-lactamase NDM-1 [Pseudomonas aeruginosa]
OTF15050.1	NDM-1	270	Biological_protein	OTF15050.1 subclass B1 metallo-beta-lactamase NDM-1 [Pseudomonas aeruginosa]
OTF21656.1	NDM-1	270	Biological_protein	OTF21656.1 subclass B1 metallo-beta-lactamase NDM-1 [Pseudomonas aeruginosa]
OTF28322.1	NDM-1	270	Biological_protein	OTF28322.1 subclass B1 metallo-beta-lactamase NDM-1 [Pseudomonas aeruginosa]
OTF35132.1	NDM-1	270	Biological_protein	OTF35132.1 subclass B1 metallo-beta-lactamase NDM-1 [Pseudomonas aeruginosa]
OTF42464.1	NDM-1	270	Biological_protein	OTF42464.1 subclass B1 metallo-beta-lactamase NDM-1 [Pseudomonas aeruginosa]
OTF49363.1	NDM-1	270	Biological_protein	OTF49363.1 subclass B1 metallo-beta-lactamase NDM-1 [Pseudomonas aeruginosa]
OTF57042.1	NDM-1	270	Biological_protein	OTF57042.1 subclass B1 metallo-beta-lactamase NDM-1 [Pseudomonas aeruginosa]
OTF64460.1	NDM-1	270	Biological_protein	OTF64460.1 subclass B1 metallo-beta-lactamase NDM-1 [Pseudomonas aeruginosa]
OTP63464.1	NDM-1	270	Biological_protein	OTP63464.1 subclass B1 metallo-beta-lactamase NDM-1 [Klebsiella pneumoniae]
ARR63277.1	NDM-1	270	Plasmid_associated	ARR63277.1 subclass B1 metallo-beta-lactamase NDM-1 (plasmid) [Escherichia coli]
ARR68600.1	NDM-1	270	Plasmid_associated	ARR68600.1 subclass B1 metallo-beta-lactamase NDM-1 (plasmid) [Escherichia coli]
OUE99387.1	NDM-1	270	Biological_protein	OUE99387.1 beta-lactamase NDM-1 [Enterobacter hormaechei]
OUF57122.1	NDM-1	270	Biological_protein	OUF57122.1 beta-lactamase NDM-1 [Escherichia coli]
OUF86836.1	NDM-1	270	Biological_protein	OUF86836.1 beta-lactamase NDM-1 [Escherichia coli]
OUF87589.1	NDM-1	270	Biological_protein	OUF87589.1 beta-lactamase NDM-1 [Escherichia coli]
OUG01978.1	NDM-1	270	Biological_protein	OUG01978.1 beta-lactamase NDM-1 [Escherichia coli]
OUH15431.1	NDM-1	270	Biological_protein	OUH15431.1 beta-lactamase NDM-1 [Klebsiella pneumoniae]
ART08888.1	NDM-1	270	Plasmid_associated	ART08888.1 subclass B1 metallo-beta-lactamase NDM-1 (plasmid) [Klebsiella variicola]
ART14211.1	NDM-1	270	Plasmid_associated	ART14211.1 subclass B1 metallo-beta-lactamase NDM-1 (plasmid) [Klebsiella pneumoniae]
OUM76152.1	NDM-1	270	Biological_protein	OUM76152.1 subclass B1 metallo-beta-lactamase NDM-1 [Acinetobacter baumannii]
OUM77230.1	NDM-1	270	Biological_protein	OUM77230.1 subclass B1 metallo-beta-lactamase NDM-1 [Acinetobacter baumannii]
ARV75863.1	NDM-1	270	Plasmid_associated	ARV75863.1 Beta-lactamase NDM-1 (plasmid) [Providencia rettgeri]
ARV76035.1	NDM-1	270	Plasmid_associated	ARV76035.1 Beta-lactamase NDM-1 (plasmid) [Providencia rettgeri]
BAX83496.1	NDM-1	270	Plasmid_associated	BAX83496.1 NDM-1 protein (plasmid) [Escherichia coli]
ARW95034.1	NDM-1	270	Plasmid_associated	ARW95034.1 subclass B1 metallo-beta-lactamase NDM-1 (plasmid) [Escherichia coli]
ARX11002.1	NDM-1	270	Plasmid_associated	ARX11002.1 subclass B1 metallo-beta-lactamase NDM-1 (plasmid) [Proteus mirabilis]
ARX11005.1	NDM-1	270	Plasmid_associated	ARX11005.1 subclass B1 metallo-beta-lactamase NDM-1 (plasmid) [Proteus mirabilis]
ARX22681.1	NDM-1	270	Plasmid_associated	ARX22681.1 subclass B1 metallo-beta-lactamase NDM-1 (plasmid) [Klebsiella pneumoniae]
ARX41977.1	NDM-1	270	Plasmid_associated	ARX41977.1 subclass B1 metallo-beta-lactamase NDM-1 (plasmid) [Klebsiella pneumoniae]
ARX47529.1	NDM-1	270	Plasmid_associated	ARX47529.1 subclass B1 metallo-beta-lactamase NDM-1 (plasmid) [Klebsiella pneumoniae]
ARX53940.1	NDM-1	270	Plasmid_associated	ARX53940.1 subclass B1 metallo-beta-lactamase NDM-1 (plasmid) [Escherichia coli]
OWA86597.1	NDM-1	270	Biological_protein	OWA86597.1 subclass B1 metallo-beta-lactamase NDM-1 [Klebsiella pneumoniae]
OWK64779.1	NDM-1	270	Biological_protein	OWK64779.1 subclass B1 metallo-beta-lactamase NDM-1 [Acinetobacter baumannii]
ASC19938.1	NDM-1	270	Plasmid_associated	ASC19938.1 subclass B1 metallo-beta-lactamase NDM-1 (plasmid) [Escherichia coli]
ASC26190.1	NDM-1	270	Plasmid_associated	ASC26190.1 subclass B1 metallo-beta-lactamase NDM-1 (plasmid) [Klebsiella pneumoniae]
ASC26336.1	NDM-1	270	Plasmid_associated	ASC26336.1 subclass B1 metallo-beta-lactamase NDM-1 (plasmid) [Klebsiella pneumoniae]
ASC31767.1	NDM-1	270	Plasmid_associated	ASC31767.1 subclass B1 metallo-beta-lactamase NDM-1 (plasmid) [Klebsiella pneumoniae]
ASC37278.1	NDM-1	270	Plasmid_associated	ASC37278.1 subclass B1 metallo-beta-lactamase NDM-1 (plasmid) [Klebsiella pneumoniae]
ASC42828.1	NDM-1	270	Plasmid_associated	ASC42828.1 subclass B1 metallo-beta-lactamase NDM-1 (plasmid) [Klebsiella pneumoniae]
OWQ03971.1	NDM-1	270	Biological_protein	OWQ03971.1 subclass B1 metallo-beta-lactamase NDM-1 [Klebsiella pneumoniae]
OWQ21502.1	NDM-1	270	Biological_protein	OWQ21502.1 subclass B1 metallo-beta-lactamase NDM-1 [Klebsiella pneumoniae]
ASG57051.1	NDM-1	270	Plasmid_associated	ASG57051.1 subclass B1 metallo-beta-lactamase NDM-1 (plasmid) [Klebsiella pneumoniae]
AMQ45941.2	NDM-1	270	Plasmid_associated	AMQ45941.2 Beta-lactamase NDM-1 (plasmid) [Acinetobacter towneri]
ASK77458.1	NDM-1	270	Plasmid_associated	ASK77458.1 subclass B1 metallo-beta-lactamase NDM-1 (plasmid) [Klebsiella michiganensis]
OXS73903.1	NDM-1	270	Biological_protein	OXS73903.1 subclass B1 metallo-beta-lactamase NDM-1 [Acinetobacter baumannii]
OXU53002.1	NDM-1	270	Biological_protein	OXU53002.1 subclass B1 metallo-beta-lactamase NDM-1 [Acinetobacter baumannii]
OXU63838.1	NDM-1	270	Biological_protein	OXU63838.1 subclass B1 metallo-beta-lactamase NDM-1 [Klebsiella pneumoniae subsp. pneumoniae]
OXU78724.1	NDM-1	270	Biological_protein	OXU78724.1 subclass B1 metallo-beta-lactamase NDM-1 [Klebsiella pneumoniae subsp. pneumoniae]
ASR82119.1	NDM-1	270	Plasmid_associated	ASR82119.1 Beta-lactamase NDM-1 (plasmid) [Cronobacter sakazakii]
OYE08515.1	NDM-1	270	Biological_protein	OYE08515.1 subclass B1 metallo-beta-lactamase NDM-1 [Klebsiella pneumoniae subsp. pneumoniae]
OYE35839.1	NDM-1	270	Biological_protein	OYE35839.1 subclass B1 metallo-beta-lactamase NDM-1 [Klebsiella pneumoniae subsp. pneumoniae]
OYE70234.1	NDM-1	270	Biological_protein	OYE70234.1 subclass B1 metallo-beta-lactamase NDM-1 [Klebsiella pneumoniae subsp. pneumoniae]
OYE76660.1	NDM-1	270	Biological_protein	OYE76660.1 subclass B1 metallo-beta-lactamase NDM-1 [Klebsiella pneumoniae subsp. pneumoniae]
OYE86538.1	NDM-1	270	Biological_protein	OYE86538.1 subclass B1 metallo-beta-lactamase NDM-1 [Klebsiella pneumoniae subsp. pneumoniae]
OYE93015.1	NDM-1	270	Biological_protein	OYE93015.1 subclass B1 metallo-beta-lactamase NDM-1 [Klebsiella pneumoniae subsp. pneumoniae]
OYE97688.1	NDM-1	270	Biological_protein	OYE97688.1 subclass B1 metallo-beta-lactamase NDM-1 [Klebsiella pneumoniae subsp. pneumoniae]
OYF16487.1	NDM-1	270	Biological_protein	OYF16487.1 subclass B1 metallo-beta-lactamase NDM-1 [Klebsiella pneumoniae subsp. pneumoniae]
OYF18849.1	NDM-1	270	Biological_protein	OYF18849.1 subclass B1 metallo-beta-lactamase NDM-1 [Klebsiella pneumoniae subsp. pneumoniae]
OYF33790.1	NDM-1	270	Biological_protein	OYF33790.1 subclass B1 metallo-beta-lactamase NDM-1 [Klebsiella pneumoniae subsp. pneumoniae]
OYF49529.1	NDM-1	270	Biological_protein	OYF49529.1 subclass B1 metallo-beta-lactamase NDM-1 [Klebsiella pneumoniae subsp. pneumoniae]
OYF62034.1	NDM-1	270	Biological_protein	OYF62034.1 subclass B1 metallo-beta-lactamase NDM-1 [Klebsiella pneumoniae subsp. pneumoniae]
OYF66530.1	NDM-1	270	Biological_protein	OYF66530.1 subclass B1 metallo-beta-lactamase NDM-1 [Klebsiella pneumoniae subsp. pneumoniae]
OYF93340.1	NDM-1	270	Biological_protein	OYF93340.1 subclass B1 metallo-beta-lactamase NDM-1 [Klebsiella pneumoniae subsp. pneumoniae]
OYG02155.1	NDM-1	270	Biological_protein	OYG02155.1 subclass B1 metallo-beta-lactamase NDM-1 [Klebsiella pneumoniae subsp. pneumoniae]
OYG09221.1	NDM-1	270	Biological_protein	OYG09221.1 subclass B1 metallo-beta-lactamase NDM-1 [Klebsiella pneumoniae subsp. pneumoniae]
OYG44897.1	NDM-1	270	Biological_protein	OYG44897.1 subclass B1 metallo-beta-lactamase NDM-1 [Klebsiella pneumoniae subsp. pneumoniae]
OYG50555.1	NDM-1	270	Biological_protein	OYG50555.1 subclass B1 metallo-beta-lactamase NDM-1 [Klebsiella pneumoniae subsp. pneumoniae]
OZC24652.1	NDM-1	270	Plasmid_associated	OZC24652.1 subclass B1 metallo-beta-lactamase NDM-1 (plasmid) [Escherichia coli]
OZN50465.1	NDM-1	270	Plasmid_associated	OZN50465.1 subclass B1 metallo-beta-lactamase NDM-1 (plasmid) [Klebsiella pneumoniae]
OZN55954.1	NDM-1	270	Plasmid_associated	OZN55954.1 subclass B1 metallo-beta-lactamase NDM-1 (plasmid) [Klebsiella pneumoniae]
OZP60680.1	NDM-1	270	Biological_protein	OZP60680.1 subclass B1 metallo-beta-lactamase NDM-1 [Enterobacter hormaechei]
OZP76431.1	NDM-1	270	Biological_protein	OZP76431.1 subclass B1 metallo-beta-lactamase NDM-1 [Klebsiella pneumoniae]
OZS16284.1	NDM-1	270	Biological_protein	OZS16284.1 subclass B1 metallo-beta-lactamase NDM-1 [Klebsiella oxytoca]
OZS21517.1	NDM-1	270	Biological_protein	OZS21517.1 subclass B1 metallo-beta-lactamase NDM-1 [Klebsiella michiganensis]
ASW34024.1	NDM-1	270	Biological_protein	ASW34024.1 metallo-beta-lactamase NDM-1 [Pseudomonas aeruginosa]
PAX06286.1	NDM-1	270	Biological_protein	PAX06286.1 subclass B1 metallo-beta-lactamase NDM-1 [Acinetobacter baumannii]
ASZ59647.1	NDM-1	270	Plasmid_associated	ASZ59647.1 subclass B1 metallo-beta-lactamase NDM-1 (plasmid) [Klebsiella michiganensis]
ATB17817.1	NDM-1	270	Plasmid_associated	ATB17817.1 New Delhi metallo-beta-lactamase NDM-1 (plasmid) [Escherichia coli]
ATI25493.1	NDM-1	270	Biological_protein	ATI25493.1 metallo-beta-lactamase NDM-1 [Citrobacter freundii]
ATI25500.1	NDM-1	270	Biological_protein	ATI25500.1 metallo-beta-lactamase NDM-1 [Klebsiella pneumoniae]
ATI25507.1	NDM-1	270	Biological_protein	ATI25507.1 metallo-beta-lactamase NDM-1 [Klebsiella pneumoniae]
ATI25514.1	NDM-1	270	Biological_protein	ATI25514.1 metallo-beta-lactamase NDM-1 [Klebsiella pneumoniae]
PDQ12990.1	NDM-1	270	Biological_protein	PDQ12990.1 subclass B1 metallo-beta-lactamase NDM-1 [Enterobacter cloacae]
PHG89665.1	NDM-1	270	Biological_protein	PHG89665.1 subclass B1 metallo-beta-lactamase NDM-1 [Escherichia coli]
PHG89802.1	NDM-1	270	Biological_protein	PHG89802.1 subclass B1 metallo-beta-lactamase NDM-1 [Escherichia coli]
PHH11239.1	NDM-1	270	Biological_protein	PHH11239.1 subclass B1 metallo-beta-lactamase NDM-1 [Morganella morganii]
PHH17346.1	NDM-1	270	Biological_protein	PHH17346.1 subclass B1 metallo-beta-lactamase NDM-1 [Klebsiella pneumoniae]
ATM35008.1	NDM-1	270	Plasmid_associated	ATM35008.1 subclass B1 metallo-beta-lactamase NDM-1 (plasmid) [Klebsiella pneumoniae]
ATM40337.1	NDM-1	270	Plasmid_associated	ATM40337.1 subclass B1 metallo-beta-lactamase NDM-1 (plasmid) [Klebsiella pneumoniae]
ATM46108.1	NDM-1	270	Plasmid_associated	ATM46108.1 subclass B1 metallo-beta-lactamase NDM-1 (plasmid) [Klebsiella pneumoniae]
ATM68692.1	NDM-1	270	Plasmid_associated	ATM68692.1 subclass B1 metallo-beta-lactamase NDM-1 (plasmid) [Klebsiella pneumoniae]
PHM82400.1	NDM-1	270	Biological_protein	PHM82400.1 subclass B1 metallo-beta-lactamase NDM-1 [Acinetobacter nosocomialis]
PHM86522.1	NDM-1	270	Biological_protein	PHM86522.1 subclass B1 metallo-beta-lactamase NDM-1 [Acinetobacter baumannii]
PHM90184.1	NDM-1	270	Biological_protein	PHM90184.1 subclass B1 metallo-beta-lactamase NDM-1 [Acinetobacter baumannii]
ATO02487.1	NDM-1	270	Plasmid_associated	ATO02487.1 subclass B1 metallo-beta-lactamase NDM-1 (plasmid) [Klebsiella pneumoniae subsp. pneumoniae]
ATO08268.1	NDM-1	270	Plasmid_associated	ATO08268.1 subclass B1 metallo-beta-lactamase NDM-1 (plasmid) [Klebsiella pneumoniae subsp. pneumoniae]
ATO26352.1	NDM-1	270	Plasmid_associated	ATO26352.1 subclass B1 metallo-beta-lactamase NDM-1 (plasmid) [Klebsiella pneumoniae]
PHP81382.1	NDM-1	270	Biological_protein	PHP81382.1 subclass B1 metallo-beta-lactamase NDM-1 [Acinetobacter baumannii]
PHY74021.1	NDM-1	270	Plasmid_associated	PHY74021.1 subclass B1 metallo-beta-lactamase NDM-1 (plasmid) [Serratia marcescens]
PHY75279.1	NDM-1	270	Plasmid_associated	PHY75279.1 subclass B1 metallo-beta-lactamase NDM-1 (plasmid) [Klebsiella pneumoniae]
PHY81764.1	NDM-1	270	Plasmid_associated	PHY81764.1 subclass B1 metallo-beta-lactamase NDM-1 (plasmid) [Serratia marcescens]
PHY86378.1	NDM-1	270	Plasmid_associated	PHY86378.1 subclass B1 metallo-beta-lactamase NDM-1 (plasmid) [Serratia marcescens]
PHZ02165.1	NDM-1	270	Plasmid_associated	PHZ02165.1 subclass B1 metallo-beta-lactamase NDM-1 (plasmid) [Citrobacter freundii]
PHZ96707.1	NDM-1	270	Plasmid_associated	PHZ96707.1 subclass B1 metallo-beta-lactamase NDM-1 (plasmid) [Klebsiella variicola]
PIA00519.1	NDM-1	270	Plasmid_associated	PIA00519.1 subclass B1 metallo-beta-lactamase NDM-1 (plasmid) [Enterobacter hormaechei]
PIA05896.1	NDM-1	270	Plasmid_associated	PIA05896.1 subclass B1 metallo-beta-lactamase NDM-1 (plasmid) [Enterobacter cloacae]
PIA12200.1	NDM-1	270	Plasmid_associated	PIA12200.1 subclass B1 metallo-beta-lactamase NDM-1 (plasmid) [Klebsiella variicola]
PIC06517.1	NDM-1	270	Plasmid_associated	PIC06517.1 subclass B1 metallo-beta-lactamase NDM-1 (plasmid) [Serratia marcescens]
ATQ64031.1	NDM-1	270	Plasmid_associated	ATQ64031.1 NDM-1 (plasmid) [Enterobacter cloacae]
PIK64187.1	NDM-1	270	Plasmid_associated	PIK64187.1 subclass B1 metallo-beta-lactamase NDM-1 (plasmid) [Klebsiella pneumoniae]
PIL47384.1	NDM-1	256	Biological_protein	PIL47384.1 subclass B1 metallo-beta-lactamase NDM-1, partial [Acinetobacter baumannii]
PIL55448.1	NDM-1	270	Biological_protein	PIL55448.1 subclass B1 metallo-beta-lactamase NDM-1 [Acinetobacter baumannii]
PIL58168.1	NDM-1	270	Biological_protein	PIL58168.1 subclass B1 metallo-beta-lactamase NDM-1 [Acinetobacter baumannii]
PIL61093.1	NDM-1	270	Biological_protein	PIL61093.1 subclass B1 metallo-beta-lactamase NDM-1 [Acinetobacter baumannii]
PIL65196.1	NDM-1	259	Biological_protein	PIL65196.1 subclass B1 metallo-beta-lactamase NDM-1 [Acinetobacter baumannii]
PIL67792.1	NDM-1	270	Biological_protein	PIL67792.1 subclass B1 metallo-beta-lactamase NDM-1 [Acinetobacter baumannii]
PIL74085.1	NDM-1	270	Biological_protein	PIL74085.1 subclass B1 metallo-beta-lactamase NDM-1 [Acinetobacter baumannii]
PIL77608.1	NDM-1	270	Biological_protein	PIL77608.1 subclass B1 metallo-beta-lactamase NDM-1 [Acinetobacter baumannii]
PIL77961.1	NDM-1	256	Biological_protein	PIL77961.1 subclass B1 metallo-beta-lactamase NDM-1, partial [Acinetobacter baumannii]
PIL86686.1	NDM-1	267	Biological_protein	PIL86686.1 subclass B1 metallo-beta-lactamase NDM-1 [Acinetobacter baumannii]
PIW54870.1	NDM-1	244	Biological_protein	PIW54870.1 MAG: subclass B1 metallo-beta-lactamase NDM-1 [Sphingomonadales bacterium CG12_big_fil_rev_8_21_14_0_65_65_10]
ATW95051.1	NDM-1	270	Plasmid_associated	ATW95051.1 subclass B1 metallo-beta-lactamase NDM-1 (plasmid) [Enterobacter sp. CRENT-193]
ATX17374.1	NDM-1	270	Plasmid_associated	ATX17374.1 subclass B1 metallo-beta-lactamase NDM-1 (plasmid) [Escherichia coli]
PJG36544.1	NDM-1	270	Biological_protein	PJG36544.1 subclass B1 metallo-beta-lactamase NDM-1 [Enterobacter hormaechei]
PJI70472.1	NDM-1	270	Biological_protein	PJI70472.1 subclass B1 metallo-beta-lactamase NDM-1 [Pseudomonas asiatica]
PJR28249.1	NDM-1	270	Biological_protein	PJR28249.1 subclass B1 metallo-beta-lactamase NDM-1 [Klebsiella pneumoniae subsp. pneumoniae]
PKD48084.1	NDM-1	270	Biological_protein	PKD48084.1 subclass B1 metallo-beta-lactamase NDM-1 [Escherichia coli]
PKH29506.1	NDM-1	270	Biological_protein	PKH29506.1 subclass B1 metallo-beta-lactamase NDM-1 [Acinetobacter radioresistens]
PKS83445.1	NDM-1	270	Biological_protein	PKS83445.1 subclass B1 metallo-beta-lactamase NDM-1 [Klebsiella pneumoniae]
AUH26485.1	NDM-1	270	Plasmid_associated	AUH26485.1 metallo-beta-lactamase, NDM-1 (plasmid) [Escherichia coli]
AUH26530.1	NDM-1	270	Plasmid_associated	AUH26530.1 metallo-beta-lactamase, NDM-1 (plasmid) [Escherichia coli]
AUH26575.1	NDM-1	270	Plasmid_associated	AUH26575.1 metallo-beta-lactamase, NDM-1 (plasmid) [Escherichia coli]
AUH26620.1	NDM-1	270	Plasmid_associated	AUH26620.1 metallo-beta-lactamase, NDM-1 (plasmid) [Escherichia coli]
AUH26665.1	NDM-1	270	Plasmid_associated	AUH26665.1 metallo-beta-lactamase, NDM-1 (plasmid) [Escherichia coli]
PLK31001.1	NDM-1	270	Biological_protein	PLK31001.1 subclass B1 metallo-beta-lactamase NDM-1 [Klebsiella variicola]
AUL71622.1	NDM-1	270	Plasmid_associated	AUL71622.1 subclass B1 metallo-beta-lactamase NDM-1 (plasmid) [Escherichia coli]
AUS91685.1	NDM-1	270	Plasmid_associated	AUS91685.1 subclass B1 metallo-beta-lactamase NDM-1 (plasmid) [Klebsiella pneumoniae]
AUS91796.1	NDM-1	270	Plasmid_associated	AUS91796.1 subclass B1 metallo-beta-lactamase NDM-1 (plasmid) [Serratia marcescens]
AUS91916.1	NDM-1	270	Plasmid_associated	AUS91916.1 subclass B1 metallo-beta-lactamase NDM-1 (plasmid) [Serratia marcescens]
AUS92034.1	NDM-1	270	Plasmid_associated	AUS92034.1 subclass B1 metallo-beta-lactamase NDM-1 (plasmid) [Klebsiella pneumoniae]
AUS92151.1	NDM-1	270	Plasmid_associated	AUS92151.1 subclass B1 metallo-beta-lactamase NDM-1 (plasmid) [Klebsiella pneumoniae]
AUS92275.1	NDM-1	270	Plasmid_associated	AUS92275.1 subclass B1 metallo-beta-lactamase NDM-1 (plasmid) [Klebsiella michiganensis]
AUS92385.1	NDM-1	270	Plasmid_associated	AUS92385.1 subclass B1 metallo-beta-lactamase NDM-1 (plasmid) [Enterobacter cloacae]
AUS92488.1	NDM-1	270	Plasmid_associated	AUS92488.1 subclass B1 metallo-beta-lactamase NDM-1 (plasmid) [Serratia marcescens]
AUS92590.1	NDM-1	270	Plasmid_associated	AUS92590.1 subclass B1 metallo-beta-lactamase NDM-1 (plasmid) [Enterobacter cloacae]
AUS92693.1	NDM-1	270	Plasmid_associated	AUS92693.1 subclass B1 metallo-beta-lactamase NDM-1 (plasmid) [Serratia marcescens]
AUT31155.1	NDM-1	267	Biological_protein	AUT31155.1 beta-lactamase NDM-1 [cloning vector pBAD-kan-BlaP-NDM-1]
AUT40003.1	NDM-1	270	Plasmid_associated	AUT40003.1 subclass B1 metallo-beta-lactamase NDM-1 (plasmid) [Acinetobacter baumannii]
AUT25481.1	NDM-1	270	Plasmid_associated	AUT25481.1 subclass B1 metallo-beta-lactamase NDM-1 (plasmid) [Klebsiella pneumoniae]
AUX91383.1	NDM-1	270	Plasmid_associated	AUX91383.1 subclass B1 metallo-beta-lactamase NDM-1 (plasmid) [Acinetobacter sp. ACNIH1]
POU21041.1	NDM-1	270	Biological_protein	POU21041.1 subclass B1 metallo-beta-lactamase NDM-1 [Acinetobacter sp. ACNIH3]
POV73656.1	NDM-1	270	Biological_protein	POV73656.1 subclass B1 metallo-beta-lactamase NDM-1 [Acinetobacter sp. ABNIH27]
POV76012.1	NDM-1	270	Biological_protein	POV76012.1 subclass B1 metallo-beta-lactamase NDM-1 [Acinetobacter sp. ACNIH4]
AVA18192.1	NDM-1	270	Plasmid_associated	AVA18192.1 Carbapenemase NDM-1 (plasmid) [Citrobacter freundii]
AVB75403.1	NDM-1	270	Plasmid_associated	AVB75403.1 subclass B1 metallo-beta-lactamase NDM-1 (plasmid) [Klebsiella pneumoniae]
PPB94059.1	NDM-1	270	Biological_protein	PPB94059.1 subclass B1 metallo-beta-lactamase NDM-1 [Acinetobacter baumannii]
PPC12320.1	NDM-1	270	Biological_protein	PPC12320.1 subclass B1 metallo-beta-lactamase NDM-1 [Acinetobacter baumannii]
AVG45349.1	NDM-1	244	Biological_protein	AVG45349.1 beta-metallo-lactamase NDM-1, partial [Klebsiella pneumoniae subsp. pneumoniae]
AVG45350.1	NDM-1	249	Biological_protein	AVG45350.1 beta-metallo-lactamase NDM-1, partial [Klebsiella pneumoniae subsp. pneumoniae]
AVG45351.1	NDM-1	246	Biological_protein	AVG45351.1 beta-metallo-lactamase NDM-1, partial [Klebsiella pneumoniae subsp. pneumoniae]
AVG45352.1	NDM-1	249	Biological_protein	AVG45352.1 beta-metallo-lactamase NDM-1, partial [Klebsiella pneumoniae subsp. pneumoniae]
AVG45353.1	NDM-1	249	Biological_protein	AVG45353.1 beta-metallo-lactamase NDM-1, partial [Klebsiella pneumoniae subsp. pneumoniae]
AVG45354.1	NDM-1	249	Biological_protein	AVG45354.1 beta-metallo-lactamase NDM-1, partial [Klebsiella pneumoniae subsp. pneumoniae]
AVG45355.1	NDM-1	249	Biological_protein	AVG45355.1 beta-metallo-lactamase NDM-1, partial [Klebsiella pneumoniae subsp. pneumoniae]
pdb|5YPI|A	NDM-1	242	PDB_structure	pdb|5YPI|A Chain A, Metallo-beta-lactamase NDM-1
pdb|5YPI|B	NDM-1	242	PDB_structure	pdb|5YPI|B Chain B, Metallo-beta-lactamase NDM-1
pdb|5YPI|C	NDM-1	242	PDB_structure	pdb|5YPI|C Chain C, Metallo-beta-lactamase NDM-1
pdb|5YPI|D	NDM-1	242	PDB_structure	pdb|5YPI|D Chain D, Metallo-beta-lactamase NDM-1
pdb|5YPI|E	NDM-1	242	PDB_structure	pdb|5YPI|E Chain E, Metallo-beta-lactamase NDM-1
pdb|5YPI|F	NDM-1	242	PDB_structure	pdb|5YPI|F Chain F, Metallo-beta-lactamase NDM-1
pdb|5YPI|G	NDM-1	242	PDB_structure	pdb|5YPI|G Chain G, Metallo-beta-lactamase NDM-1
pdb|5YPI|H	NDM-1	242	PDB_structure	pdb|5YPI|H Chain H, Metallo-beta-lactamase NDM-1
pdb|5YPK|A	NDM-1	242	PDB_structure	pdb|5YPK|A Chain A, Metallo-beta-lactamase NDM-1
pdb|5YPK|B	NDM-1	242	PDB_structure	pdb|5YPK|B Chain B, Metallo-beta-lactamase NDM-1
pdb|5YPK|C	NDM-1	242	PDB_structure	pdb|5YPK|C Chain C, Metallo-beta-lactamase NDM-1
pdb|5YPK|D	NDM-1	242	PDB_structure	pdb|5YPK|D Chain D, Metallo-beta-lactamase NDM-1
pdb|5YPK|E	NDM-1	242	PDB_structure	pdb|5YPK|E Chain E, Metallo-beta-lactamase NDM-1
pdb|5YPK|F	NDM-1	242	PDB_structure	pdb|5YPK|F Chain F, Metallo-beta-lactamase NDM-1
pdb|5YPK|G	NDM-1	242	PDB_structure	pdb|5YPK|G Chain G, Metallo-beta-lactamase NDM-1
pdb|5YPK|H	NDM-1	242	PDB_structure	pdb|5YPK|H Chain H, Metallo-beta-lactamase NDM-1
pdb|5YPL|A	NDM-1	242	PDB_structure	pdb|5YPL|A Chain A, Metallo-beta-lactamase NDM-1
pdb|5YPL|B	NDM-1	242	PDB_structure	pdb|5YPL|B Chain B, Metallo-beta-lactamase NDM-1
pdb|5YPM|A	NDM-1	242	PDB_structure	pdb|5YPM|A Chain A, Metallo-beta-lactamase NDM-1
pdb|5YPM|B	NDM-1	242	PDB_structure	pdb|5YPM|B Chain B, Metallo-beta-lactamase NDM-1
pdb|5YPM|C	NDM-1	242	PDB_structure	pdb|5YPM|C Chain C, Metallo-beta-lactamase NDM-1
pdb|5YPM|D	NDM-1	242	PDB_structure	pdb|5YPM|D Chain D, Metallo-beta-lactamase NDM-1
pdb|5YPM|E	NDM-1	242	PDB_structure	pdb|5YPM|E Chain E, Metallo-beta-lactamase NDM-1
pdb|5YPM|F	NDM-1	242	PDB_structure	pdb|5YPM|F Chain F, Metallo-beta-lactamase NDM-1
pdb|5YPM|G	NDM-1	242	PDB_structure	pdb|5YPM|G Chain G, Metallo-beta-lactamase NDM-1
pdb|5YPM|H	NDM-1	242	PDB_structure	pdb|5YPM|H Chain H, Metallo-beta-lactamase NDM-1
pdb|5YPN|A	NDM-1	242	PDB_structure	pdb|5YPN|A Chain A, Metallo-beta-lactamase NDM-1
pdb|5YPN|B	NDM-1	242	PDB_structure	pdb|5YPN|B Chain B, Metallo-beta-lactamase NDM-1
AVH50753.1	NDM-1	270	Plasmid_associated	AVH50753.1 subclass B1 metallo-beta-lactamase NDM-1 (plasmid) [Acinetobacter sp. SWBY1]
PQH11544.1	NDM-1	270	Biological_protein	PQH11544.1 subclass B1 metallo-beta-lactamase NDM-1 [Klebsiella ornithinolytica]
PQH33135.1	NDM-1	270	Biological_protein	PQH33135.1 subclass B1 metallo-beta-lactamase NDM-1 [Klebsiella ornithinolytica]
AVK38951.1	NDM-1	270	Biological_protein	AVK38951.1 beta-lactamase NDM-1 [Morganella morganii]
PQQ50280.1	NDM-1	270	Biological_protein	PQQ50280.1 subclass B1 metallo-beta-lactamase NDM-1 [Klebsiella pneumoniae]
AVL21396.1	NDM-1	270	Plasmid_associated	AVL21396.1 subclass B1 metallo-beta-lactamase NDM-1 (plasmid) [Enterobacter cloacae]
AVN26640.1	NDM-1	270	Biological_protein	AVN26640.1 subclass B1 metallo-beta-lactamase NDM-1 [Acinetobacter baumannii]
AVN31816.1	NDM-1	270	Plasmid_associated	AVN31816.1 subclass B1 metallo-beta-lactamase NDM-1 (plasmid) [Acinetobacter baumannii]
PSF19244.1	NDM-1	270	Biological_protein	PSF19244.1 subclass B1 metallo-beta-lactamase NDM-1 [Escherichia coli]
PSF88454.1	NDM-1	270	Biological_protein	PSF88454.1 subclass B1 metallo-beta-lactamase NDM-1 [Escherichia coli]
AVP38376.1	NDM-1	270	Biological_protein	AVP38376.1 metallo-beta-lactamase NDM-1, partial [Stenotrophomonas maltophilia]
AVS14684.1	NDM-1	270	Plasmid_associated	AVS14684.1 subclass B1 metallo-beta-lactamase NDM-1 (plasmid) [Salmonella enterica]
AVS24370.1	NDM-1	270	Plasmid_associated	AVS24370.1 subclass B1 metallo-beta-lactamase NDM-1 (plasmid) [Klebsiella pneumoniae]
AVT92165.1	NDM-1	270	Plasmid_associated	AVT92165.1 subclass B1 metallo-beta-lactamase NDM-1 (plasmid) [Klebsiella pneumoniae]
AVU50036.1	NDM-1	270	Biological_protein	AVU50036.1 subclass B1 metallo-beta-lactamase NDM-1 [Enterobacter cloacae]
AVU68806.1	NDM-1	270	Plasmid_associated	AVU68806.1 subclass B1 metallo-beta-lactamase NDM-1 (plasmid) [Escherichia coli]
AVX50396.1	NDM-1	270	Plasmid_associated	AVX50396.1 NDM-1 (plasmid) [Klebsiella ornithinolytica]
AVX50545.1	NDM-1	270	Plasmid_associated	AVX50545.1 NDM-1 (plasmid) [Klebsiella pneumoniae]
AVX50848.1	NDM-1	270	Plasmid_associated	AVX50848.1 NDM-1 (plasmid) [Escherichia coli]
AVZ84373.1	NDM-1	270	Plasmid_associated	AVZ84373.1 subclass B1 metallo-beta-lactamase NDM-1 (plasmid) [Acinetobacter sp. WCHA45]
AWA60653.1	NDM-1	270	Plasmid_associated	AWA60653.1 subclass B1 metallo-beta-lactamase NDM-1 (plasmid) [Klebsiella pneumoniae]
AWA46698.1	NDM-1	270	Biological_protein	AWA46698.1 subclass B1 metallo-beta-lactamase NDM-1 [Acinetobacter junii]
AWC00128.1	NDM-1	270	Plasmid_associated	AWC00128.1 subclass B1 metallo-beta-lactamase NDM-1 (plasmid) [Klebsiella pneumoniae]
AWC26946.1	NDM-1	270	Biological_protein	AWC26946.1 NDM-1 metallo-beta-lactamase [Enterobacter cloacae]
AWD11819.1	NDM-1	270	Plasmid_associated	AWD11819.1 subclass B1 metallo-beta-lactamase NDM-1 (plasmid) [Salmonella enterica subsp. enterica serovar Corvallis]
AWD37493.1	NDM-1	270	Biological_protein	AWD37493.1 metallo-beta-lactamase NDM-1 [Escherichia coli]
AWF23953.1	NDM-1	270	Plasmid_associated	AWF23953.1 beta-lactamase NDM-1 (plasmid) [Escherichia coli]
AWH59368.1	NDM-1	270	Plasmid_associated	AWH59368.1 metallo-beta-lactamase NDM-1 (plasmid) [Klebsiella pneumoniae]
AWH60728.1	NDM-1	244	Plasmid_associated	AWH60728.1 subclass B1 metallo-beta-lactamase NDM-1 (plasmid) [Escherichia coli]
AWJ95930.1	NDM-1	270	Plasmid_associated	AWJ95930.1 metallo-beta-lactamase NDM-1 (plasmid) [Enterobacter cloacae]
PWF55876.1	NDM-1	270	Biological_protein	PWF55876.1 subclass B1 metallo-beta-lactamase NDM-1 [Klebsiella pneumoniae]
AWL29701.1	NDM-1	270	Biological_protein	AWL29701.1 subclass B1 metallo-beta-lactamase NDM-1 [Acinetobacter defluvii]
AWM65109.1	NDM-1	270	Plasmid_associated	AWM65109.1 subclass B1 metallo-beta-lactamase NDM-1 (plasmid) [Escherichia coli]
AWM65348.1	NDM-1	270	Plasmid_associated	AWM65348.1 subclass B1 metallo-beta-lactamase NDM-1 (plasmid) [Escherichia coli]
AWM65599.1	NDM-1	270	Plasmid_associated	AWM65599.1 subclass B1 metallo-beta-lactamase NDM-1 (plasmid) [Klebsiella pneumoniae]
AWM66049.1	NDM-1	270	Plasmid_associated	AWM66049.1 metallo-beta-lactamase, NDM-1 (plasmid) [Escherichia coli]
PWT55841.1	NDM-1	270	Biological_protein	PWT55841.1 subclass B1 metallo-beta-lactamase NDM-1 [Vibrio parahaemolyticus]
AWO67555.1	NDM-1	252	Biological_protein	AWO67555.1 carbapenemase NDM-1, partial [Klebsiella pneumoniae subsp. pneumoniae]
PXA31415.1	NDM-1	270	Biological_protein	PXA31415.1 subclass B1 metallo-beta-lactamase NDM-1 [Acinetobacter baumannii]
AWR61368.1	NDM-1	270	Plasmid_associated	AWR61368.1 subclass B1 metallo-beta-lactamase NDM-1 (plasmid) [Proteus mirabilis]
AWR61374.1	NDM-1	270	Plasmid_associated	AWR61374.1 subclass B1 metallo-beta-lactamase NDM-1 (plasmid) [Proteus mirabilis]
AWR61380.1	NDM-1	270	Plasmid_associated	AWR61380.1 subclass B1 metallo-beta-lactamase NDM-1 (plasmid) [Proteus mirabilis]
AWS53124.1	NDM-1	270	Plasmid_associated	AWS53124.1 subclass B1 metallo-beta-lactamase NDM-1 (plasmid) [Providencia rettgeri]
AWS99233.1	NDM-1	270	Plasmid_associated	AWS99233.1 subclass B1 metallo-beta-lactamase NDM-1 (plasmid) [Citrobacter sp. CRE-46]
PYZ51770.1	NDM-1	270	Biological_protein	PYZ51770.1 subclass B1 metallo-beta-lactamase NDM-1 [Providencia rettgeri]
PZM06051.1	NDM-1	270	Biological_protein	PZM06051.1 subclass B1 metallo-beta-lactamase NDM-1 [Acinetobacter baumannii]
PZM18720.1	NDM-1	270	Biological_protein	PZM18720.1 subclass B1 metallo-beta-lactamase NDM-1 [Acinetobacter baumannii]
RAL71926.1	NDM-1	270	Biological_protein	RAL71926.1 beta-lactamase NDM-1 [Enterobacter hormaechei]
AWX31245.1	NDM-1	270	Plasmid_associated	AWX31245.1 Metallo beta-lactamase NDM-1 (plasmid) [Klebsiella pneumoniae]
AWX59995.1	NDM-1	270	Biological_protein	AWX59995.1 metallo-beta-lactamase NDM-1 [Escherichia coli]
AWX59996.1	NDM-1	270	Biological_protein	AWX59996.1 metallo-beta-lactamase NDM 1 [Escherichia coli]
AWX59997.1	NDM-1	270	Biological_protein	AWX59997.1 metallo-beta-lactamase NDM 1 [Escherichia coli]
AWX59998.1	NDM-1	270	Biological_protein	AWX59998.1 metallo-beta-lactamase NDM 1 [Escherichia coli]
AWZ67902.1	NDM-1	270	Plasmid_associated	AWZ67902.1 beta-lactamase NDM-1 (plasmid) [Escherichia coli]
AWZ95649.1	NDM-1	264	Plasmid_associated	AWZ95649.1 beta-lactamase NDM-1 (plasmid) [Enterobacter hormaechei]
SSU60672.1	NDM-1	270	Precursor	SSU60672.1 Beta-lactamase NDM-1 precursor [Acinetobacter baumannii]
SSQ81998.1	NDM-1	270	Precursor	SSQ81998.1 Beta-lactamase NDM-1 precursor [Acinetobacter baumannii]
SSO93591.1	NDM-1	270	Precursor	SSO93591.1 Beta-lactamase NDM-1 precursor [Acinetobacter baumannii]
SSV09052.1	NDM-1	270	Precursor	SSV09052.1 Beta-lactamase NDM-1 precursor [Acinetobacter baumannii]
SSV33876.1	NDM-1	270	Precursor	SSV33876.1 Beta-lactamase NDM-1 precursor [Acinetobacter baumannii]
SSU17909.1	NDM-1	270	Precursor	SSU17909.1 Beta-lactamase NDM-1 precursor [Acinetobacter baumannii]
SSU21073.1	NDM-1	270	Precursor	SSU21073.1 Beta-lactamase NDM-1 precursor [Acinetobacter baumannii]
SSR96761.1	NDM-1	270	Precursor	SSR96761.1 Beta-lactamase NDM-1 precursor [Acinetobacter baumannii]
AXE42807.1	NDM-1	270	Plasmid_associated	AXE42807.1 metallo-beta-lactamase NDM-1 (plasmid) [Enterobacter cloacae]
AXE42949.1	NDM-1	244	Plasmid_associated	AXE42949.1 metallo-beta-lactamase NDM-1 (plasmid) [Klebsiella pneumoniae]
AXF37967.1	NDM-1	270	Plasmid_associated	AXF37967.1 beta-lactamase NDM-1 (plasmid) [Acinetobacter baylyi]
BBE58699.1	NDM-1	287	Plasmid_associated	BBE58699.1 Subclass B1 beta-lactamase, NDM-1 (plasmid) [Klebsiella pneumoniae]
BBE64072.1	NDM-1	270	Biological_protein	BBE64072.1 Subclass B1 beta-lactamase, NDM-1 [Klebsiella pneumoniae]
BBE69657.1	NDM-1	270	Biological_protein	BBE69657.1 Subclass B1 beta-lactamase, NDM-1 [Klebsiella pneumoniae]
AXG65556.1	NDM-1	270	Biological_protein	AXG65556.1 New Delhi metallo-beta-lactamase NDM-1 [Salmonella enterica subsp. enterica serovar Stanley]
AXH21451.1	NDM-1	270	Plasmid_associated	AXH21451.1 subclass B1 metallo-beta-lactamase NDM-1 (plasmid) [Escherichia coli]
AXH79605.1	NDM-1	270	Biological_protein	AXH79605.1 New Delhi metallo-beta-lactamase NDM-1 [Salmonella enterica subsp. enterica serovar Stanley]
AXH80002.1	NDM-1	270	Biological_protein	AXH80002.1 metallo-beta-lactamase NDM-1 [Escherichia coli]
AXH80005.1	NDM-1	270	Biological_protein	AXH80005.1 metallo-beta-lactamase NDM-1 [Klebsiella pneumoniae]
AXH79779.1	NDM-1	270	Plasmid_associated	AXH79779.1 mMetallo-beta-lactamase NDM-1 (plasmid) [Stenotrophomonas maltophilia]
AXH79780.1	NDM-1	270	Plasmid_associated	AXH79780.1 metallo-beta-lactamase NDM-1 (plasmid) [Brucella anthropi]
AXH79781.1	NDM-1	270	Plasmid_associated	AXH79781.1 metallo-beta-lactamase NDM-1 (plasmid) [Acinetobacter baumannii]
AXH80133.1	NDM-1	270	Biological_protein	AXH80133.1 New Delhi metallo-beta-lactamase NDM-1 [Klebsiella pneumoniae]
AXH80134.1	NDM-1	270	Biological_protein	AXH80134.1 New Delhi metallo-beta-lactamase NDM-1 [Klebsiella pneumoniae]
AXH80135.1	NDM-1	270	Biological_protein	AXH80135.1 New Delhi metallo-beta-lactamase NDM-1 [Klebsiella pneumoniae]
AXH80136.1	NDM-1	270	Biological_protein	AXH80136.1 New Delhi metallo-beta-lactamase NDM-1 [Klebsiella pneumoniae]
AXH80137.1	NDM-1	270	Biological_protein	AXH80137.1 New Delhi metallo-beta-lactamase NDM-1 [Klebsiella pneumoniae]
AXH80138.1	NDM-1	270	Biological_protein	AXH80138.1 New Delhi metallo-beta-lactamase NDM-1 [Klebsiella pneumoniae]
AXH80139.1	NDM-1	270	Biological_protein	AXH80139.1 New Delhi metallo-beta-lactamase NDM-1 [Klebsiella pneumoniae]
AXH80140.1	NDM-1	270	Biological_protein	AXH80140.1 New Delhi metallo-beta-lactamase NDM-1 [Klebsiella pneumoniae]
AXH80141.1	NDM-1	270	Biological_protein	AXH80141.1 New Delhi metallo-beta-lactamase NDM-1 [Klebsiella pneumoniae]
AXH80142.1	NDM-1	270	Biological_protein	AXH80142.1 New Delhi metallo-beta-lactamase NDM-1 [Klebsiella pneumoniae]
AXH88379.1	NDM-1	270	Plasmid_associated	AXH88379.1 subclass B1 metallo-beta-lactamase NDM-1 (plasmid) [Escherichia coli]
AXK31144.1	NDM-1	270	Plasmid_associated	AXK31144.1 subclass B1 metallo-beta-lactamase NDM-1 (plasmid) [Escherichia coli]
AXL04561.1	NDM-1	270	Plasmid_associated	AXL04561.1 subclass B1 metallo-beta-lactamase NDM-1 (plasmid) [Escherichia coli]
AXL64014.1	NDM-1	270	Plasmid_associated	AXL64014.1 subclass B1 metallo-beta-lactamase NDM-1 (plasmid) [Klebsiella pneumoniae subsp. pneumoniae]
AXL64021.1	NDM-1	270	Plasmid_associated	AXL64021.1 subclass B1 metallo-beta-lactamase NDM-1 (plasmid) [Klebsiella pneumoniae subsp. pneumoniae]
AXL64028.1	NDM-1	270	Plasmid_associated	AXL64028.1 subclass B1 metallo-beta-lactamase NDM-1 (plasmid) [Klebsiella pneumoniae subsp. pneumoniae]
AXM05390.1	NDM-1	245	Biological_protein	AXM05390.1 metallo-beta-lactamase NDM-1, partial [Morganella morganii]
AXM05409.1	NDM-1	240	Biological_protein	AXM05409.1 beta-lactamase NDM-1, partial [Enterobacter kobei]
AXM05410.1	NDM-1	240	Biological_protein	AXM05410.1 beta-lactamase NDM-1, partial [Enterobacter cloacae]
REI56178.1	NDM-1	270	Biological_protein	REI56178.1 subclass B1 metallo-beta-lactamase NDM-1 [Klebsiella variicola]
REI60462.1	NDM-1	270	Biological_protein	REI60462.1 subclass B1 metallo-beta-lactamase NDM-1 [Klebsiella variicola]
REI76430.1	NDM-1	270	Biological_protein	REI76430.1 subclass B1 metallo-beta-lactamase NDM-1 [Klebsiella variicola]
RFC15518.1	NDM-1	270	Biological_protein	RFC15518.1 subclass B1 metallo-beta-lactamase NDM-1 [Klebsiella pneumoniae]
RFM41056.1	NDM-1	270	Plasmid_associated	RFM41056.1 subclass B1 metallo-beta-lactamase NDM-1 (plasmid) [Klebsiella pneumoniae]
RFS23048.1	NDM-1	270	Biological_protein	RFS23048.1 subclass B1 metallo-beta-lactamase NDM-1 [Acinetobacter sp. SWAC5]
RFS90624.1	NDM-1	270	Biological_protein	RFS90624.1 subclass B1 metallo-beta-lactamase NDM-1 [Klebsiella aerogenes]
RFT58531.1	NDM-1	270	Biological_protein	RFT58531.1 subclass B1 metallo-beta-lactamase NDM-1 [Salmonella enterica subsp. enterica serovar Senftenberg]
AXQ22506.1	NDM-1	270	Biological_protein	AXQ22506.1 subclass B1 metallo-beta-lactamase NDM-1 [Acinetobacter wuhouensis]
AXQ45936.1	NDM-1	270	Plasmid_associated	AXQ45936.1 subclass B1 metallo-beta-lactamase NDM-1 (plasmid) [Klebsiella pneumoniae subsp. pneumoniae]
RGA15234.1	NDM-1	270	Biological_protein	RGA15234.1 subclass B1 metallo-beta-lactamase NDM-1 [Klebsiella pneumoniae]
RGA21618.1	NDM-1	270	Biological_protein	RGA21618.1 subclass B1 metallo-beta-lactamase NDM-1 [Klebsiella pneumoniae]
RGA25636.1	NDM-1	270	Biological_protein	RGA25636.1 subclass B1 metallo-beta-lactamase NDM-1 [Klebsiella pneumoniae]
RGA27111.1	NDM-1	270	Biological_protein	RGA27111.1 subclass B1 metallo-beta-lactamase NDM-1 [Klebsiella pneumoniae]
RGA39870.1	NDM-1	270	Biological_protein	RGA39870.1 subclass B1 metallo-beta-lactamase NDM-1 [Klebsiella pneumoniae]
RGA41236.1	NDM-1	270	Biological_protein	RGA41236.1 subclass B1 metallo-beta-lactamase NDM-1 [Klebsiella pneumoniae]
RGA47728.1	NDM-1	270	Biological_protein	RGA47728.1 subclass B1 metallo-beta-lactamase NDM-1 [Klebsiella pneumoniae]
RGA53442.1	NDM-1	270	Biological_protein	RGA53442.1 subclass B1 metallo-beta-lactamase NDM-1 [Klebsiella pneumoniae]
RGA61952.1	NDM-1	270	Biological_protein	RGA61952.1 subclass B1 metallo-beta-lactamase NDM-1 [Klebsiella pneumoniae]
RGA79263.1	NDM-1	270	Biological_protein	RGA79263.1 subclass B1 metallo-beta-lactamase NDM-1 [Klebsiella pneumoniae]
RGA82336.1	NDM-1	270	Biological_protein	RGA82336.1 subclass B1 metallo-beta-lactamase NDM-1 [Klebsiella pneumoniae]
RGD87439.1	NDM-1	270	Biological_protein	RGD87439.1 subclass B1 metallo-beta-lactamase NDM-1 [Acinetobacter sp. SWAC57]
BBF82801.1	NDM-1	270	Plasmid_associated	BBF82801.1 NDM-1 (plasmid) [Enterobacter hormaechei subsp. xiangfangensis]
BBF83114.1	NDM-1	270	Plasmid_associated	BBF83114.1 NDM-1 (plasmid) [Enterobacter hormaechei subsp. xiangfangensis]
BBF83311.1	NDM-1	270	Plasmid_associated	BBF83311.1 NDM-1 (plasmid) [Klebsiella pneumoniae]
BBF83392.1	NDM-1	270	Plasmid_associated	BBF83392.1 NDM-1 (plasmid) [Enterobacter hormaechei subsp. xiangfangensis]
AXS97686.1	NDM-1	270	Biological_protein	AXS97686.1 subclass B1 metallo-beta-lactamase NDM-1 [Pseudomonas aeruginosa]
AXT04180.1	NDM-1	270	Biological_protein	AXT04180.1 subclass B1 metallo-beta-lactamase NDM-1 [Pseudomonas aeruginosa]
AXT10645.1	NDM-1	270	Biological_protein	AXT10645.1 subclass B1 metallo-beta-lactamase NDM-1 [Pseudomonas aeruginosa]
AXU00368.1	NDM-1	270	Plasmid_associated	AXU00368.1 subclass B1 metallo-beta-lactamase NDM-1 (plasmid) [Klebsiella pneumoniae]
BBG22478.1	NDM-1	270	Biological_protein	BBG22478.1 metallo-beta-lactamase NDM-1 [Escherichia coli]
RHX50739.1	NDM-1	270	Biological_protein	RHX50739.1 subclass B1 metallo-beta-lactamase NDM-1 [Escherichia coli]
AXY55185.1	NDM-1	270	Plasmid_associated	AXY55185.1 subclass B1 metallo-beta-lactamase NDM-1 (plasmid) [Acinetobacter chinensis]
AXY58620.1	NDM-1	270	Plasmid_associated	AXY58620.1 subclass B1 metallo-beta-lactamase NDM-1 (plasmid) [Acinetobacter sp. WCHAc010052]
AXZ35402.1	NDM-1	270	Plasmid_associated	AXZ35402.1 subclass B1 metallo-beta-lactamase NDM-1 (plasmid) [Salmonella enterica subsp. enterica serovar Senftenberg]
AXZ96449.1	NDM-1	270	Biological_protein	AXZ96449.1 metallo-beta-lactamase NDM-1 [Escherichia coli]
AXZ96450.1	NDM-1	270	Biological_protein	AXZ96450.1 metallo-beta-lactamase NDM-1 [Escherichia coli]
AYA01622.1	NDM-1	270	Plasmid_associated	AYA01622.1 subclass B1 metallo-beta-lactamase NDM-1 (plasmid) [Acinetobacter sp. WCHAc010034]
AYA67022.1	NDM-1	270	Plasmid_associated	AYA67022.1 subclass B1 metallo-beta-lactamase NDM-1 (plasmid) [Acinetobacter sp. WCHA55]
AYA69074.1	NDM-1	270	Biological_protein	AYA69074.1 subclass B1 metallo-beta-lactamase NDM-1 [Acinetobacter sp. WCHA55]
RKG37512.1	NDM-1	270	Biological_protein	RKG37512.1 subclass B1 metallo-beta-lactamase NDM-1 [Acinetobacter sp. WCHAc060007]
RKL59687.1	NDM-1	270	Biological_protein	RKL59687.1 subclass B1 metallo-beta-lactamase NDM-1 [Acinetobacter baumannii]
RKO39524.1	NDM-1	270	Biological_protein	RKO39524.1 subclass B1 metallo-beta-lactamase NDM-1 [Acinetobacter baumannii]
RKO41281.1	NDM-1	270	Biological_protein	RKO41281.1 subclass B1 metallo-beta-lactamase NDM-1 [Acinetobacter baumannii]
RKO48412.1	NDM-1	270	Biological_protein	RKO48412.1 subclass B1 metallo-beta-lactamase NDM-1 [Acinetobacter baumannii]
RKO54152.1	NDM-1	270	Biological_protein	RKO54152.1 subclass B1 metallo-beta-lactamase NDM-1 [Acinetobacter baumannii]
RLS21094.1	NDM-1	270	Biological_protein	RLS21094.1 subclass B1 metallo-beta-lactamase NDM-1 [Acinetobacter baumannii]
RLZ23860.1	NDM-1	270	Biological_protein	RLZ23860.1 subclass B1 metallo-beta-lactamase NDM-1 [Klebsiella pneumoniae]
RLZ55249.1	NDM-1	270	Biological_protein	RLZ55249.1 subclass B1 metallo-beta-lactamase NDM-1 [Klebsiella pneumoniae]
RLZ72605.1	NDM-1	270	Biological_protein	RLZ72605.1 subclass B1 metallo-beta-lactamase NDM-1 [Enterobacter hormaechei]
RLZ84304.1	NDM-1	270	Biological_protein	RLZ84304.1 subclass B1 metallo-beta-lactamase NDM-1 [Klebsiella pneumoniae]
RMA35783.1	NDM-1	270	Biological_protein	RMA35783.1 subclass B1 metallo-beta-lactamase NDM-1 [Klebsiella pneumoniae]
AYO55978.1	NDM-1	270	Biological_protein	AYO55978.1 subclass B1 metallo-beta-lactamase NDM-1 [Acinetobacter wuhouensis]
RMD07054.1	NDM-1	270	Biological_protein	RMD07054.1 subclass B1 metallo-beta-lactamase NDM-1 [Klebsiella pneumoniae]
RMD16148.1	NDM-1	270	Biological_protein	RMD16148.1 subclass B1 metallo-beta-lactamase NDM-1 [Klebsiella pneumoniae]
AYP18786.1	NDM-1	270	Plasmid_associated	AYP18786.1 metallo-beta-lactamase NDM-1 (plasmid) [Atlantibacter hermannii]
AYP18787.1	NDM-1	270	Plasmid_associated	AYP18787.1 metallo-beta-lactamase NDM-1 (plasmid) [Acinetobacter baumannii]
AYP18788.1	NDM-1	270	Plasmid_associated	AYP18788.1 metallo-beta-lactamase NDM-1 (plasmid) [Stenotrophomonas maltophilia]
RNC98376.1	NDM-1	270	Biological_protein	RNC98376.1 subclass B1 metallo-beta-lactamase NDM-1 [Acinetobacter baumannii]
RNC98687.1	NDM-1	270	Biological_protein	RNC98687.1 subclass B1 metallo-beta-lactamase NDM-1 [Acinetobacter baumannii]
RND08953.1	NDM-1	270	Biological_protein	RND08953.1 subclass B1 metallo-beta-lactamase NDM-1 [Acinetobacter baumannii]
RND11035.1	NDM-1	270	Biological_protein	RND11035.1 subclass B1 metallo-beta-lactamase NDM-1 [Acinetobacter baumannii]
RND16476.1	NDM-1	270	Biological_protein	RND16476.1 subclass B1 metallo-beta-lactamase NDM-1 [Acinetobacter baumannii]
AYQ84131.1	NDM-1	270	Biological_protein	AYQ84131.1 subclass B1 metallo-beta-lactamase NDM-1 [Pseudomonas aeruginosa]
AYR13934.1	NDM-1	270	Biological_protein	AYR13934.1 subclass B1 metallo-beta-lactamase NDM-1 [Pseudomonas aeruginosa]
AYU88770.1	NDM-1	270	Biological_protein	AYU88770.1 subclass B1 metallo-beta-lactamase NDM-1 [Pseudomonas aeruginosa]
RNL87915.1	NDM-1	270	Biological_protein	RNL87915.1 subclass B1 metallo-beta-lactamase NDM-1 [Pseudomonas aeruginosa]
AYX80455.1	NDM-1	270	Biological_protein	AYX80455.1 subclass B1 metallo-beta-lactamase NDM-1 [Pseudomonas aeruginosa]
AYX80456.1	NDM-1	270	Biological_protein	AYX80456.1 subclass B1 metallo-beta-lactamase NDM-1 [Pseudomonas aeruginosa]
RRE67469.1	NDM-1	270	Biological_protein	RRE67469.1 subclass B1 metallo-beta-lactamase NDM-1 [Klebsiella pneumoniae]
RRF10561.1	NDM-1	270	Biological_protein	RRF10561.1 subclass B1 metallo-beta-lactamase NDM-1 [Klebsiella pneumoniae]
RRK02927.1	NDM-1	270	Biological_protein	RRK02927.1 subclass B1 metallo-beta-lactamase NDM-1 [Pseudomonas aeruginosa]
AZK36007.1	NDM-1	270	Biological_protein	AZK36007.1 subclass B1 metallo-beta-lactamase NDM-1 [Klebsiella pneumoniae subsp. pneumoniae]
RRR22771.1	NDM-1	270	Biological_protein	RRR22771.1 subclass B1 metallo-beta-lactamase NDM-1 [Enterobacter hormaechei]
AZL76592.1	NDM-1	270	Plasmid_associated	AZL76592.1 subclass B1 metallo-beta-lactamase NDM-1 (plasmid) [Klebsiella pneumoniae]
AZM39895.1	NDM-1	270	Biological_protein	AZM39895.1 subclass B1 metallo-beta-lactamase NDM-1 [Acinetobacter baumannii]
AZM44163.1	NDM-1	270	Biological_protein	AZM44163.1 subclass B1 metallo-beta-lactamase NDM-1 [Escherichia coli]
AZM68480.1	NDM-1	270	Plasmid_associated	AZM68480.1 NDM-1 metallo-beta-lactamase (plasmid) [Citrobacter freundii]
AZM68559.1	NDM-1	270	Plasmid_associated	AZM68559.1 NDM-1 metallo-beta-lactamase (plasmid) [Klebsiella quasipneumoniae subsp. quasipneumoniae]
AZM68638.1	NDM-1	270	Plasmid_associated	AZM68638.1 NDM-1 metallo-beta-lactamase (plasmid) [Enterobacter cloacae]
AZN03501.1	NDM-1	270	Biological_protein	AZN03501.1 subclass B1 metallo-beta-lactamase NDM-1 [Pseudomonas aeruginosa]
AZN05444.1	NDM-1	270	Biological_protein	AZN05444.1 subclass B1 metallo-beta-lactamase NDM-1 [Pseudomonas aeruginosa]
AZN09049.1	NDM-1	270	Biological_protein	AZN09049.1 subclass B1 metallo-beta-lactamase NDM-1 [Pseudomonas aeruginosa]
AZN16087.1	NDM-1	270	Biological_protein	AZN16087.1 subclass B1 metallo-beta-lactamase NDM-1 [Pseudomonas aeruginosa]
RSZ23516.1	NDM-1	270	Plasmid_associated	RSZ23516.1 subclass B1 metallo-beta-lactamase NDM-1 (plasmid) [Acinetobacter bereziniae]
AZN67167.1	NDM-1	270	Biological_protein	AZN67167.1 subclass B1 metallo-beta-lactamase NDM-1 [Acinetobacter haemolyticus]
RTA79011.1	NDM-1	270	Biological_protein	RTA79011.1 subclass B1 metallo-beta-lactamase NDM-1 [Pseudomonas aeruginosa]
RTB01090.1	NDM-1	270	Biological_protein	RTB01090.1 subclass B1 metallo-beta-lactamase NDM-1 [Pseudomonas aeruginosa]
AZP28270.1	NDM-1	270	Biological_protein	AZP28270.1 subclass B1 metallo-beta-lactamase NDM-1 [Acinetobacter pittii]
VEH75856.1	NDM-1	299	Precursor	VEH75856.1 Beta-lactamase NDM-1 precursor [Kocuria rhizophila]
RTM30762.1	NDM-1	270	Biological_protein	RTM30762.1 subclass B1 metallo-beta-lactamase NDM-1 [Enterobacter hormaechei subsp. xiangfangensis]
RTM41534.1	NDM-1	270	Biological_protein	RTM41534.1 subclass B1 metallo-beta-lactamase NDM-1 [Enterobacter hormaechei subsp. xiangfangensis]
RTM46206.1	NDM-1	270	Biological_protein	RTM46206.1 subclass B1 metallo-beta-lactamase NDM-1 [Enterobacter hormaechei subsp. xiangfangensis]
RTM56193.1	NDM-1	270	Biological_protein	RTM56193.1 subclass B1 metallo-beta-lactamase NDM-1 [Enterobacter hormaechei subsp. xiangfangensis]
RTM59001.1	NDM-1	270	Biological_protein	RTM59001.1 subclass B1 metallo-beta-lactamase NDM-1 [Enterobacter hormaechei subsp. xiangfangensis]
RTN14058.1	NDM-1	270	Biological_protein	RTN14058.1 subclass B1 metallo-beta-lactamase NDM-1 [Enterobacter hormaechei]
RTP00015.1	NDM-1	270	Biological_protein	RTP00015.1 subclass B1 metallo-beta-lactamase NDM-1 [Enterobacter cloacae]
RTP22193.1	NDM-1	270	Biological_protein	RTP22193.1 subclass B1 metallo-beta-lactamase NDM-1 [Enterobacter hormaechei]
RTP34649.1	NDM-1	270	Biological_protein	RTP34649.1 subclass B1 metallo-beta-lactamase NDM-1 [Enterobacter hormaechei]
RTP43405.1	NDM-1	270	Biological_protein	RTP43405.1 subclass B1 metallo-beta-lactamase NDM-1 [Enterobacter hormaechei]
RTP46871.1	NDM-1	270	Biological_protein	RTP46871.1 subclass B1 metallo-beta-lactamase NDM-1 [Enterobacter hormaechei]
RTP57698.1	NDM-1	270	Biological_protein	RTP57698.1 subclass B1 metallo-beta-lactamase NDM-1 [Enterobacter hormaechei]
RTP58852.1	NDM-1	270	Biological_protein	RTP58852.1 subclass B1 metallo-beta-lactamase NDM-1 [Enterobacter hormaechei]
RTP71985.1	NDM-1	270	Biological_protein	RTP71985.1 subclass B1 metallo-beta-lactamase NDM-1 [Enterobacter hormaechei]
RTP86445.1	NDM-1	270	Biological_protein	RTP86445.1 subclass B1 metallo-beta-lactamase NDM-1 [Enterobacter asburiae]
RTQ01364.1	NDM-1	270	Biological_protein	RTQ01364.1 subclass B1 metallo-beta-lactamase NDM-1 [Enterobacter hormaechei]
RTQ08456.1	NDM-1	270	Biological_protein	RTQ08456.1 subclass B1 metallo-beta-lactamase NDM-1 [Enterobacter hormaechei]
RTQ15897.1	NDM-1	270	Biological_protein	RTQ15897.1 subclass B1 metallo-beta-lactamase NDM-1 [Enterobacter mori]
RUL01918.1	NDM-1	270	Biological_protein	RUL01918.1 subclass B1 metallo-beta-lactamase NDM-1 [Klebsiella pneumoniae subsp. pneumoniae]
RUL39557.1	NDM-1	270	Biological_protein	RUL39557.1 subclass B1 metallo-beta-lactamase NDM-1 [Klebsiella pneumoniae subsp. pneumoniae]
RUL41355.1	NDM-1	270	Biological_protein	RUL41355.1 subclass B1 metallo-beta-lactamase NDM-1 [Klebsiella pneumoniae subsp. pneumoniae]
RUL57227.1	NDM-1	270	Biological_protein	RUL57227.1 subclass B1 metallo-beta-lactamase NDM-1 [Shigella sonnei]
RUL66914.1	NDM-1	270	Biological_protein	RUL66914.1 subclass B1 metallo-beta-lactamase NDM-1 [Escherichia coli]
RUL68424.1	NDM-1	270	Biological_protein	RUL68424.1 subclass B1 metallo-beta-lactamase NDM-1 [Escherichia coli]
RUN95496.1	NDM-1	270	Biological_protein	RUN95496.1 subclass B1 metallo-beta-lactamase NDM-1 [Enterobacter cloacae]
RUQ17000.1	NDM-1	270	Biological_protein	RUQ17000.1 subclass B1 metallo-beta-lactamase NDM-1 [Escherichia coli]
AXE72484.2	NDM-1	270	Biological_protein	AXE72484.2 metallo-beta-lactamase NDM-1 [Pseudomonas aeruginosa]
AXE72485.2	NDM-1	270	Biological_protein	AXE72485.2 metallo-beta-lactamase NDM-1 [Providencia stuartii]
AXE72486.2	NDM-1	270	Biological_protein	AXE72486.2 metallo-beta-lactamase NDM-1 [Klebsiella pneumoniae]
AXE72487.2	NDM-1	270	Biological_protein	AXE72487.2 metallo-beta-lactamase NDM-1 [Acinetobacter baumannii]
AXE72488.2	NDM-1	270	Biological_protein	AXE72488.2 metallo-beta-lactamase NDM-1 [Acinetobacter baumannii]
AZR92250.1	NDM-1	270	Plasmid_associated	AZR92250.1 subclass B1 metallo-beta-lactamase NDM-1 (plasmid) [Escherichia coli]
RVR40392.1	NDM-1	270	Biological_protein	RVR40392.1 subclass B1 metallo-beta-lactamase NDM-1 [Escherichia coli]
RVT34325.1	NDM-1	270	Biological_protein	RVT34325.1 subclass B1 metallo-beta-lactamase NDM-1 [Acinetobacter indicus]
AZZ87299.1	NDM-1	270	Plasmid_associated	AZZ87299.1 NDM-1 metallo-beta-lactamase (plasmid) [Citrobacter amalonaticus]
AZZ88096.1	NDM-1	270	Plasmid_associated	AZZ88096.1 Beta-lactamase NDM-1 (plasmid) [Citrobacter werkmanii]
RWT85964.1	NDM-1	270	Biological_protein	RWT85964.1 subclass B1 metallo-beta-lactamase NDM-1 [Escherichia coli]
QAR16123.1	NDM-1	270	Plasmid_associated	QAR16123.1 beta-lactamase NDM-1 (plasmid) [Acinetobacter baumannii]
QAR16163.1	NDM-1	270	Plasmid_associated	QAR16163.1 beta-lactamase NDM-1 (plasmid) [Acinetobacter pittii]
RXD21316.1	NDM-1	270	Biological_protein	RXD21316.1 subclass B1 metallo-beta-lactamase NDM-1 [Acinetobacter baumannii]
RXD26001.1	NDM-1	270	Biological_protein	RXD26001.1 subclass B1 metallo-beta-lactamase NDM-1 [Acinetobacter baumannii]
QAT97615.1	NDM-1	270	Biological_protein	QAT97615.1 subclass B1 metallo-beta-lactamase NDM-1 [Klebsiella pneumoniae]
QAT97616.1	NDM-1	270	Biological_protein	QAT97616.1 subclass B1 metallo-beta-lactamase NDM-1 [Klebsiella pneumoniae]
QAT97617.1	NDM-1	270	Biological_protein	QAT97617.1 subclass B1 metallo-beta-lactamase NDM-1 [Klebsiella pneumoniae]
QAT97618.1	NDM-1	270	Biological_protein	QAT97618.1 subclass B1 metallo-beta-lactamase NDM-1 [Klebsiella pneumoniae]
QAT97619.1	NDM-1	270	Biological_protein	QAT97619.1 subclass B1 metallo-beta-lactamase NDM-1 [Klebsiella pneumoniae]
QAT97620.1	NDM-1	270	Biological_protein	QAT97620.1 subclass B1 metallo-beta-lactamase NDM-1 [Klebsiella pneumoniae]
QAT97621.1	NDM-1	270	Biological_protein	QAT97621.1 subclass B1 metallo-beta-lactamase NDM-1 [Klebsiella pneumoniae]
QAT97622.1	NDM-1	270	Biological_protein	QAT97622.1 subclass B1 metallo-beta-lactamase NDM-1 [Klebsiella pneumoniae]
QAT97623.1	NDM-1	270	Biological_protein	QAT97623.1 subclass B1 metallo-beta-lactamase NDM-1 [Klebsiella pneumoniae]
QAT97624.1	NDM-1	270	Biological_protein	QAT97624.1 subclass B1 metallo-beta-lactamase NDM-1 [Klebsiella pneumoniae]
QAT97625.1	NDM-1	270	Biological_protein	QAT97625.1 subclass B1 metallo-beta-lactamase NDM-1 [Klebsiella pneumoniae]
QAT97626.1	NDM-1	270	Biological_protein	QAT97626.1 subclass B1 metallo-beta-lactamase NDM-1 [Klebsiella pneumoniae]
QAT97627.1	NDM-1	270	Biological_protein	QAT97627.1 subclass B1 metallo-beta-lactamase NDM-1 [Klebsiella pneumoniae]
QAT97628.1	NDM-1	270	Biological_protein	QAT97628.1 subclass B1 metallo-beta-lactamase NDM-1 [Klebsiella pneumoniae]
RXI15348.1	NDM-1	270	Biological_protein	RXI15348.1 subclass B1 metallo-beta-lactamase NDM-1 [Klebsiella michiganensis]
SYX53208.1	NDM-1	270	Precursor	SYX53208.1 Beta-lactamase NDM-1 precursor (plasmid) [Escherichia coli]
RXO90003.1	NDM-1	270	Biological_protein	RXO90003.1 subclass B1 metallo-beta-lactamase NDM-1 [Escherichia coli]
RXP21082.1	NDM-1	270	Biological_protein	RXP21082.1 subclass B1 metallo-beta-lactamase NDM-1 [Escherichia coli]
RXP71856.1	NDM-1	270	Biological_protein	RXP71856.1 subclass B1 metallo-beta-lactamase NDM-1 [Escherichia coli]
RXP82371.1	NDM-1	270	Biological_protein	RXP82371.1 subclass B1 metallo-beta-lactamase NDM-1 [Escherichia coli]
QAZ79966.1	NDM-1	270	Plasmid_associated	QAZ79966.1 subclass B1 metallo-beta-lactamase NDM-1 (plasmid) [Escherichia coli]
QAZ84747.1	NDM-1	270	Plasmid_associated	QAZ84747.1 subclass B1 metallo-beta-lactamase NDM-1 (plasmid) [Escherichia coli]
RYA57135.1	NDM-1	270	Biological_protein	RYA57135.1 subclass B1 metallo-beta-lactamase NDM-1 [Enterobacter cloacae complex sp. 4DZ3-28B]
RYA73410.1	NDM-1	270	Biological_protein	RYA73410.1 subclass B1 metallo-beta-lactamase NDM-1 [Enterobacter cloacae complex sp. 2DZ2F20B]
RYA74079.1	NDM-1	270	Biological_protein	RYA74079.1 subclass B1 metallo-beta-lactamase NDM-1 [Enterobacter cloacae complex sp. 4DZ3-17B2]
RYA85179.1	NDM-1	270	Biological_protein	RYA85179.1 subclass B1 metallo-beta-lactamase NDM-1 [Enterobacter cloacae complex sp. 4DZ1-17B1]
RYA91010.1	NDM-1	270	Biological_protein	RYA91010.1 subclass B1 metallo-beta-lactamase NDM-1 [Enterobacter cloacae complex sp. 743-2DZ2F-22B]
RYA96566.1	NDM-1	270	Biological_protein	RYA96566.1 subclass B1 metallo-beta-lactamase NDM-1 [Enterobacter cloacae complex sp. 742-ADZ3-9B]
QBA58061.1	NDM-1	270	Plasmid_associated	QBA58061.1 NDM-1 metallo beta-lactamase (plasmid) [Klebsiella pneumoniae subsp. pneumoniae]
RYH17066.1	NDM-1	270	Biological_protein	RYH17066.1 subclass B1 metallo-beta-lactamase NDM-1 [Proteus mirabilis]
RYH56548.1	NDM-1	270	Biological_protein	RYH56548.1 subclass B1 metallo-beta-lactamase NDM-1 [Enterobacter hormaechei]
RYI79099.1	NDM-1	270	Biological_protein	RYI79099.1 subclass B1 metallo-beta-lactamase NDM-1 [Klebsiella pneumoniae]
RZA43809.1	NDM-1	270	Biological_protein	RZA43809.1 subclass B1 metallo-beta-lactamase NDM-1 [Proteus mirabilis]
QBC06160.1	NDM-1	270	Biological_protein	QBC06160.1 subclass B1 metallo-beta-lactamase NDM-1 [Pseudomonas aeruginosa]
RZF76826.1	NDM-1	270	Biological_protein	RZF76826.1 subclass B1 metallo-beta-lactamase NDM-1 [Klebsiella pneumoniae]
RZG42955.1	NDM-1	270	Biological_protein	RZG42955.1 subclass B1 metallo-beta-lactamase NDM-1 [Acinetobacter wuhouensis]
RZG63537.1	NDM-1	270	Biological_protein	RZG63537.1 subclass B1 metallo-beta-lactamase NDM-1 [Acinetobacter junii]
RZG71780.1	NDM-1	270	Biological_protein	RZG71780.1 subclass B1 metallo-beta-lactamase NDM-1 [Acinetobacter sp. WCHAc060025]
RZG77987.1	NDM-1	270	Biological_protein	RZG77987.1 subclass B1 metallo-beta-lactamase NDM-1 [Acinetobacter venetianus]
RZG81776.1	NDM-1	270	Biological_protein	RZG81776.1 subclass B1 metallo-beta-lactamase NDM-1 [Acinetobacter sp. WCHAc060033]
RZN96265.1	NDM-1	270	Biological_protein	RZN96265.1 subclass B1 metallo-beta-lactamase NDM-1 [Acinetobacter johnsonii]
RZP48610.1	NDM-1	270	Biological_protein	RZP48610.1 subclass B1 metallo-beta-lactamase NDM-1 [Escherichia coli]
QBF35311.1	NDM-1	270	Biological_protein	QBF35311.1 subclass B1 metallo-beta-lactamase NDM-1 [Acinetobacter baumannii]
TAH95734.1	NDM-1	270	Biological_protein	TAH95734.1 subclass B1 metallo-beta-lactamase NDM-1 [Klebsiella pneumoniae]
TAI09714.1	NDM-1	270	Biological_protein	TAI09714.1 subclass B1 metallo-beta-lactamase NDM-1 [Klebsiella pneumoniae]
TAI09953.1	NDM-1	270	Biological_protein	TAI09953.1 subclass B1 metallo-beta-lactamase NDM-1 [Klebsiella pneumoniae]
TAI23798.1	NDM-1	270	Biological_protein	TAI23798.1 subclass B1 metallo-beta-lactamase NDM-1 [Klebsiella pneumoniae]
BBI40669.1	NDM-1	270	Biological_protein	BBI40669.1 metallo-beta-lactamase NDM-1 [Pseudomonas sp.]
BBI40676.1	NDM-1	270	Biological_protein	BBI40676.1 metallo-beta-lactamase NDM-1 [Pseudomonas sp.]
BBI40686.1	NDM-1	270	Biological_protein	BBI40686.1 metallo-beta-lactamase NDM-1 [Pseudomonas sp.]
BBI40697.1	NDM-1	270	Biological_protein	BBI40697.1 metallo-beta-lactamase NDM-1 [Pseudomonas sp.]
BBI40705.1	NDM-1	270	Biological_protein	BBI40705.1 metallo-beta-lactamase NDM-1 [Pseudomonas sp.]
BBI40729.1	NDM-1	270	Biological_protein	BBI40729.1 metallo-beta-lactamase NDM-1 [Pseudomonas sp.]
BBI40740.1	NDM-1	270	Biological_protein	BBI40740.1 metallo-beta-lactamase NDM-1 [Pseudomonas sp.]
QBP84477.1	NDM-1	270	Plasmid_associated	QBP84477.1 subclass B1 metallo-beta-lactamase NDM-1 (plasmid) [Klebsiella pneumoniae]
QBQ03906.1	NDM-1	270	Biological_protein	QBQ03906.1 subclass B1 metallo-beta-lactamase NDM-1 [Acinetobacter baumannii]
QBQ03907.1	NDM-1	270	Biological_protein	QBQ03907.1 subclass B1 metallo-beta-lactamase NDM-1 [Acinetobacter baumannii]
QBQ03908.1	NDM-1	270	Biological_protein	QBQ03908.1 subclass B1 metallo-beta-lactamase NDM-1 [Acinetobacter baumannii]
QBQ03909.1	NDM-1	270	Biological_protein	QBQ03909.1 subclass B1 metallo-beta-lactamase NDM-1 [Acinetobacter baumannii]
QBQ03910.1	NDM-1	270	Biological_protein	QBQ03910.1 subclass B1 metallo-beta-lactamase NDM-1 [Acinetobacter baumannii]
QBQ03911.1	NDM-1	270	Biological_protein	QBQ03911.1 subclass B1 metallo-beta-lactamase NDM-1 [Acinetobacter baumannii]
TFD99847.1	NDM-1	270	Biological_protein	TFD99847.1 subclass B1 metallo-beta-lactamase NDM-1 [Enterobacter hormaechei]
QBQ84474.1	NDM-1	270	Biological_protein	QBQ84474.1 metallo-beta-lactamase NDM-1 [Proteus vulgaris]
QBQ84581.1	NDM-1	270	Plasmid_associated	QBQ84581.1 metallo-beta-lactamase, NDM-1 (plasmid) [Enterobacter cloacae]
QBQ84631.1	NDM-1	270	Plasmid_associated	QBQ84631.1 metallo-beta-lactamase, NDM-1 (plasmid) [Klebsiella pneumoniae]
QBQ84681.1	NDM-1	270	Plasmid_associated	QBQ84681.1 metallo-beta-lactamase, NDM-1 (plasmid) [Escherichia coli]
QBQ84731.1	NDM-1	270	Plasmid_associated	QBQ84731.1 metallo-beta-lactamase, NDM-1 (plasmid) [Citrobacter freundii]
QBQ84781.1	NDM-1	270	Plasmid_associated	QBQ84781.1 metallo-beta-lactamase, NDM-1 (plasmid) [Klebsiella pneumoniae]
QBQ84830.1	NDM-1	270	Plasmid_associated	QBQ84830.1 metallo-beta-lactamase, NDM-1 (plasmid) [Morganella morganii]
QBQ84881.1	NDM-1	270	Plasmid_associated	QBQ84881.1 metallo-beta-lactamase, NDM-1 (plasmid) [Klebsiella pneumoniae]
QBQ84932.1	NDM-1	270	Plasmid_associated	QBQ84932.1 metallo-beta-lactamase, NDM-1 (plasmid) [Escherichia coli]
QBQ85833.1	NDM-1	270	Biological_protein	QBQ85833.1 subclass B1 metallo-beta-lactamase NDM-1 [Pseudomonas aeruginosa]
TGB14025.1	NDM-1	270	Biological_protein	TGB14025.1 subclass B1 metallo-beta-lactamase NDM-1 [Pseudomonas aeruginosa]
QBY89789.1	NDM-1	270	Biological_protein	QBY89789.1 subclass B1 metallo-beta-lactamase NDM-1 [Acinetobacter baumannii]
VFY91379.1	NDM-1	270	Precursor	VFY91379.1 Beta-lactamase NDM-1 precursor [Escherichia coli]
THA88640.1	NDM-1	270	Biological_protein	THA88640.1 subclass B1 metallo-beta-lactamase NDM-1 [Enterobacter hormaechei]
THA99667.1	NDM-1	270	Biological_protein	THA99667.1 subclass B1 metallo-beta-lactamase NDM-1 [Citrobacter freundii]
THB28593.1	NDM-1	270	Biological_protein	THB28593.1 subclass B1 metallo-beta-lactamase NDM-1 [Klebsiella pneumoniae]
THB57095.1	NDM-1	270	Biological_protein	THB57095.1 subclass B1 metallo-beta-lactamase NDM-1 [Klebsiella pneumoniae]
QCB65874.1	NDM-1	270	Plasmid_associated	QCB65874.1 Beta-lactamase NDM-1 (plasmid) [Klebsiella ornithinolytica]
THH59700.1	NDM-1	270	Biological_protein	THH59700.1 subclass B1 metallo-beta-lactamase NDM-1 [Klebsiella pneumoniae subsp. pneumoniae]
THH98783.1	NDM-1	270	Biological_protein	THH98783.1 subclass B1 metallo-beta-lactamase NDM-1 [Klebsiella pneumoniae subsp. pneumoniae]
THI07080.1	NDM-1	270	Biological_protein	THI07080.1 subclass B1 metallo-beta-lactamase NDM-1 [Klebsiella pneumoniae subsp. pneumoniae]
THI26877.1	NDM-1	270	Biological_protein	THI26877.1 subclass B1 metallo-beta-lactamase NDM-1 [Klebsiella pneumoniae subsp. pneumoniae]
THI36340.1	NDM-1	270	Biological_protein	THI36340.1 subclass B1 metallo-beta-lactamase NDM-1 [Klebsiella pneumoniae subsp. pneumoniae]
THI47886.1	NDM-1	270	Biological_protein	THI47886.1 subclass B1 metallo-beta-lactamase NDM-1 [Klebsiella pneumoniae subsp. pneumoniae]
THI50903.1	NDM-1	270	Biological_protein	THI50903.1 subclass B1 metallo-beta-lactamase NDM-1 [Klebsiella pneumoniae]
THI65885.1	NDM-1	270	Biological_protein	THI65885.1 subclass B1 metallo-beta-lactamase NDM-1 [Klebsiella pneumoniae subsp. pneumoniae]
THI78375.1	NDM-1	270	Biological_protein	THI78375.1 subclass B1 metallo-beta-lactamase NDM-1 [Klebsiella pneumoniae subsp. pneumoniae]
THK42810.1	NDM-1	270	Biological_protein	THK42810.1 subclass B1 metallo-beta-lactamase NDM-1 [Klebsiella pneumoniae]
THK42918.1	NDM-1	270	Biological_protein	THK42918.1 subclass B1 metallo-beta-lactamase NDM-1 [Klebsiella pneumoniae]
THK45445.1	NDM-1	270	Biological_protein	THK45445.1 subclass B1 metallo-beta-lactamase NDM-1 [Klebsiella pneumoniae subsp. pneumoniae]
THK74314.1	NDM-1	270	Biological_protein	THK74314.1 subclass B1 metallo-beta-lactamase NDM-1 [Klebsiella pneumoniae subsp. pneumoniae]
THK74816.1	NDM-1	270	Biological_protein	THK74816.1 subclass B1 metallo-beta-lactamase NDM-1 [Klebsiella pneumoniae]
THK92611.1	NDM-1	270	Biological_protein	THK92611.1 subclass B1 metallo-beta-lactamase NDM-1 [Klebsiella pneumoniae subsp. pneumoniae]
THK94144.1	NDM-1	270	Biological_protein	THK94144.1 subclass B1 metallo-beta-lactamase NDM-1 [Klebsiella pneumoniae]
THL03390.1	NDM-1	270	Biological_protein	THL03390.1 subclass B1 metallo-beta-lactamase NDM-1 [Klebsiella pneumoniae subsp. pneumoniae]
THL07159.1	NDM-1	270	Biological_protein	THL07159.1 subclass B1 metallo-beta-lactamase NDM-1 [Klebsiella pneumoniae subsp. pneumoniae]
THL13043.1	NDM-1	270	Biological_protein	THL13043.1 subclass B1 metallo-beta-lactamase NDM-1 [Klebsiella pneumoniae]
THL20505.1	NDM-1	270	Biological_protein	THL20505.1 subclass B1 metallo-beta-lactamase NDM-1 [Klebsiella pneumoniae subsp. pneumoniae]
THL20546.1	NDM-1	270	Biological_protein	THL20546.1 subclass B1 metallo-beta-lactamase NDM-1 [Klebsiella pneumoniae subsp. pneumoniae]
THL33687.1	NDM-1	270	Biological_protein	THL33687.1 subclass B1 metallo-beta-lactamase NDM-1 [Klebsiella pneumoniae]
THL35890.1	NDM-1	270	Biological_protein	THL35890.1 subclass B1 metallo-beta-lactamase NDM-1 [Klebsiella pneumoniae subsp. pneumoniae]
THL49837.1	NDM-1	270	Biological_protein	THL49837.1 subclass B1 metallo-beta-lactamase NDM-1 [Klebsiella pneumoniae subsp. pneumoniae]
THL51022.1	NDM-1	270	Biological_protein	THL51022.1 subclass B1 metallo-beta-lactamase NDM-1 [Klebsiella pneumoniae subsp. pneumoniae]
THL51835.1	NDM-1	270	Biological_protein	THL51835.1 subclass B1 metallo-beta-lactamase NDM-1 [Klebsiella pneumoniae subsp. pneumoniae]
THL66193.1	NDM-1	270	Biological_protein	THL66193.1 subclass B1 metallo-beta-lactamase NDM-1 [Klebsiella pneumoniae]
THL66698.1	NDM-1	270	Biological_protein	THL66698.1 subclass B1 metallo-beta-lactamase NDM-1 [Klebsiella pneumoniae]
THL67717.1	NDM-1	270	Biological_protein	THL67717.1 subclass B1 metallo-beta-lactamase NDM-1 [Klebsiella pneumoniae]
THL82440.1	NDM-1	270	Biological_protein	THL82440.1 subclass B1 metallo-beta-lactamase NDM-1 [Klebsiella pneumoniae subsp. pneumoniae]
THL82651.1	NDM-1	270	Biological_protein	THL82651.1 subclass B1 metallo-beta-lactamase NDM-1 [Klebsiella pneumoniae]
THM04192.1	NDM-1	270	Biological_protein	THM04192.1 subclass B1 metallo-beta-lactamase NDM-1 [Klebsiella pneumoniae]
THM32648.1	NDM-1	270	Biological_protein	THM32648.1 subclass B1 metallo-beta-lactamase NDM-1 [Klebsiella pneumoniae]
THM42314.1	NDM-1	270	Biological_protein	THM42314.1 subclass B1 metallo-beta-lactamase NDM-1 [Klebsiella pneumoniae subsp. pneumoniae]
THM43578.1	NDM-1	270	Biological_protein	THM43578.1 subclass B1 metallo-beta-lactamase NDM-1 [Klebsiella pneumoniae]
THM53079.1	NDM-1	270	Biological_protein	THM53079.1 subclass B1 metallo-beta-lactamase NDM-1 [Klebsiella pneumoniae subsp. pneumoniae]
THN00784.1	NDM-1	270	Biological_protein	THN00784.1 subclass B1 metallo-beta-lactamase NDM-1 [Klebsiella pneumoniae subsp. pneumoniae]
THN18232.1	NDM-1	270	Biological_protein	THN18232.1 subclass B1 metallo-beta-lactamase NDM-1 [Klebsiella pneumoniae]
THN21635.1	NDM-1	270	Biological_protein	THN21635.1 subclass B1 metallo-beta-lactamase NDM-1 [Klebsiella pneumoniae]
THN22896.1	NDM-1	270	Biological_protein	THN22896.1 subclass B1 metallo-beta-lactamase NDM-1 [Klebsiella pneumoniae]
THN32301.1	NDM-1	270	Biological_protein	THN32301.1 subclass B1 metallo-beta-lactamase NDM-1 [Klebsiella pneumoniae]
THN36258.1	NDM-1	270	Biological_protein	THN36258.1 subclass B1 metallo-beta-lactamase NDM-1 [Klebsiella pneumoniae]
THN41756.1	NDM-1	270	Biological_protein	THN41756.1 subclass B1 metallo-beta-lactamase NDM-1 [Klebsiella pneumoniae subsp. pneumoniae]
THN48686.1	NDM-1	270	Biological_protein	THN48686.1 subclass B1 metallo-beta-lactamase NDM-1 [Klebsiella pneumoniae subsp. pneumoniae]
THN50334.1	NDM-1	270	Biological_protein	THN50334.1 subclass B1 metallo-beta-lactamase NDM-1 [Klebsiella pneumoniae subsp. pneumoniae]
THN60743.1	NDM-1	270	Biological_protein	THN60743.1 subclass B1 metallo-beta-lactamase NDM-1 [Klebsiella pneumoniae subsp. pneumoniae]
THN61860.1	NDM-1	270	Biological_protein	THN61860.1 subclass B1 metallo-beta-lactamase NDM-1 [Klebsiella pneumoniae subsp. pneumoniae]
THN68905.1	NDM-1	270	Biological_protein	THN68905.1 subclass B1 metallo-beta-lactamase NDM-1 [Klebsiella pneumoniae subsp. pneumoniae]
THN73269.1	NDM-1	270	Biological_protein	THN73269.1 subclass B1 metallo-beta-lactamase NDM-1 [Klebsiella pneumoniae subsp. pneumoniae]
THN83017.1	NDM-1	270	Biological_protein	THN83017.1 subclass B1 metallo-beta-lactamase NDM-1 [Klebsiella pneumoniae]
THN83044.1	NDM-1	270	Biological_protein	THN83044.1 subclass B1 metallo-beta-lactamase NDM-1 [Klebsiella pneumoniae subsp. pneumoniae]
THN86202.1	NDM-1	270	Biological_protein	THN86202.1 subclass B1 metallo-beta-lactamase NDM-1 [Klebsiella pneumoniae subsp. pneumoniae]
THN99097.1	NDM-1	270	Biological_protein	THN99097.1 subclass B1 metallo-beta-lactamase NDM-1 [Klebsiella pneumoniae subsp. pneumoniae]
THO00183.1	NDM-1	270	Biological_protein	THO00183.1 subclass B1 metallo-beta-lactamase NDM-1 [Klebsiella pneumoniae subsp. pneumoniae]
THO01726.1	NDM-1	270	Biological_protein	THO01726.1 subclass B1 metallo-beta-lactamase NDM-1 [Klebsiella pneumoniae subsp. pneumoniae]
THO14608.1	NDM-1	270	Biological_protein	THO14608.1 subclass B1 metallo-beta-lactamase NDM-1 [Klebsiella pneumoniae subsp. pneumoniae]
THO17108.1	NDM-1	270	Biological_protein	THO17108.1 subclass B1 metallo-beta-lactamase NDM-1 [Klebsiella pneumoniae subsp. pneumoniae]
THO19879.1	NDM-1	270	Biological_protein	THO19879.1 subclass B1 metallo-beta-lactamase NDM-1 [Klebsiella pneumoniae subsp. pneumoniae]
THO30541.1	NDM-1	270	Biological_protein	THO30541.1 subclass B1 metallo-beta-lactamase NDM-1 [Klebsiella pneumoniae subsp. pneumoniae]
THO32283.1	NDM-1	270	Biological_protein	THO32283.1 subclass B1 metallo-beta-lactamase NDM-1 [Klebsiella pneumoniae]
THO38366.1	NDM-1	270	Biological_protein	THO38366.1 subclass B1 metallo-beta-lactamase NDM-1 [Klebsiella pneumoniae]
THO44753.1	NDM-1	270	Biological_protein	THO44753.1 subclass B1 metallo-beta-lactamase NDM-1 [Klebsiella pneumoniae]
THO47869.1	NDM-1	270	Biological_protein	THO47869.1 subclass B1 metallo-beta-lactamase NDM-1 [Klebsiella pneumoniae]
THO55500.1	NDM-1	270	Biological_protein	THO55500.1 subclass B1 metallo-beta-lactamase NDM-1 [Klebsiella pneumoniae]
THO59984.1	NDM-1	270	Biological_protein	THO59984.1 subclass B1 metallo-beta-lactamase NDM-1 [Klebsiella pneumoniae]
THO65317.1	NDM-1	270	Biological_protein	THO65317.1 subclass B1 metallo-beta-lactamase NDM-1 [Klebsiella pneumoniae subsp. pneumoniae]
THO71706.1	NDM-1	270	Biological_protein	THO71706.1 subclass B1 metallo-beta-lactamase NDM-1 [Klebsiella pneumoniae]
THO75912.1	NDM-1	270	Biological_protein	THO75912.1 subclass B1 metallo-beta-lactamase NDM-1 [Klebsiella pneumoniae subsp. pneumoniae]
THO82452.1	NDM-1	270	Biological_protein	THO82452.1 subclass B1 metallo-beta-lactamase NDM-1 [Klebsiella pneumoniae subsp. pneumoniae]
THO87511.1	NDM-1	270	Biological_protein	THO87511.1 subclass B1 metallo-beta-lactamase NDM-1 [Klebsiella pneumoniae subsp. pneumoniae]
THO96522.1	NDM-1	270	Biological_protein	THO96522.1 subclass B1 metallo-beta-lactamase NDM-1 [Klebsiella pneumoniae subsp. pneumoniae]
THP01888.1	NDM-1	270	Biological_protein	THP01888.1 subclass B1 metallo-beta-lactamase NDM-1 [Klebsiella pneumoniae subsp. pneumoniae]
THP12497.1	NDM-1	270	Biological_protein	THP12497.1 subclass B1 metallo-beta-lactamase NDM-1 [Klebsiella pneumoniae]
THP17652.1	NDM-1	270	Biological_protein	THP17652.1 subclass B1 metallo-beta-lactamase NDM-1 [Klebsiella pneumoniae subsp. pneumoniae]
THP26831.1	NDM-1	270	Biological_protein	THP26831.1 subclass B1 metallo-beta-lactamase NDM-1 [Klebsiella pneumoniae subsp. pneumoniae]
THP27064.1	NDM-1	270	Biological_protein	THP27064.1 subclass B1 metallo-beta-lactamase NDM-1 [Klebsiella pneumoniae]
THP36283.1	NDM-1	270	Biological_protein	THP36283.1 subclass B1 metallo-beta-lactamase NDM-1 [Klebsiella pneumoniae subsp. pneumoniae]
THP41459.1	NDM-1	270	Biological_protein	THP41459.1 subclass B1 metallo-beta-lactamase NDM-1 [Klebsiella pneumoniae]
THP42577.1	NDM-1	270	Biological_protein	THP42577.1 subclass B1 metallo-beta-lactamase NDM-1 [Klebsiella pneumoniae]
THP52987.1	NDM-1	270	Biological_protein	THP52987.1 subclass B1 metallo-beta-lactamase NDM-1 [Klebsiella pneumoniae]
THP57399.1	NDM-1	270	Biological_protein	THP57399.1 subclass B1 metallo-beta-lactamase NDM-1 [Klebsiella pneumoniae]
THP58658.1	NDM-1	270	Biological_protein	THP58658.1 subclass B1 metallo-beta-lactamase NDM-1 [Klebsiella pneumoniae]
THP66157.1	NDM-1	270	Biological_protein	THP66157.1 subclass B1 metallo-beta-lactamase NDM-1 [Klebsiella pneumoniae]
THP74212.1	NDM-1	270	Biological_protein	THP74212.1 subclass B1 metallo-beta-lactamase NDM-1 [Klebsiella pneumoniae]
THP75566.1	NDM-1	270	Biological_protein	THP75566.1 subclass B1 metallo-beta-lactamase NDM-1 [Klebsiella pneumoniae]
THP86435.1	NDM-1	270	Biological_protein	THP86435.1 subclass B1 metallo-beta-lactamase NDM-1 [Klebsiella pneumoniae]
THP88664.1	NDM-1	270	Biological_protein	THP88664.1 subclass B1 metallo-beta-lactamase NDM-1 [Klebsiella pneumoniae]
THP88893.1	NDM-1	270	Biological_protein	THP88893.1 subclass B1 metallo-beta-lactamase NDM-1 [Klebsiella pneumoniae]
THQ03268.1	NDM-1	270	Biological_protein	THQ03268.1 subclass B1 metallo-beta-lactamase NDM-1 [Klebsiella pneumoniae subsp. pneumoniae]
THQ03928.1	NDM-1	270	Biological_protein	THQ03928.1 subclass B1 metallo-beta-lactamase NDM-1 [Klebsiella pneumoniae]
THQ06419.1	NDM-1	270	Biological_protein	THQ06419.1 subclass B1 metallo-beta-lactamase NDM-1 [Klebsiella pneumoniae]
THQ19311.1	NDM-1	270	Biological_protein	THQ19311.1 subclass B1 metallo-beta-lactamase NDM-1 [Klebsiella pneumoniae subsp. pneumoniae]
THQ20976.1	NDM-1	270	Biological_protein	THQ20976.1 subclass B1 metallo-beta-lactamase NDM-1 [Klebsiella pneumoniae]
THQ22734.1	NDM-1	270	Biological_protein	THQ22734.1 subclass B1 metallo-beta-lactamase NDM-1 [Klebsiella pneumoniae subsp. pneumoniae]
THQ35019.1	NDM-1	270	Biological_protein	THQ35019.1 subclass B1 metallo-beta-lactamase NDM-1 [Klebsiella pneumoniae subsp. pneumoniae]
THQ36257.1	NDM-1	270	Biological_protein	THQ36257.1 subclass B1 metallo-beta-lactamase NDM-1 [Klebsiella pneumoniae]
THQ39070.1	NDM-1	270	Biological_protein	THQ39070.1 subclass B1 metallo-beta-lactamase NDM-1 [Klebsiella pneumoniae]
THQ51934.1	NDM-1	270	Biological_protein	THQ51934.1 subclass B1 metallo-beta-lactamase NDM-1 [Klebsiella pneumoniae subsp. pneumoniae]
THQ53003.1	NDM-1	270	Biological_protein	THQ53003.1 subclass B1 metallo-beta-lactamase NDM-1 [Klebsiella pneumoniae subsp. pneumoniae]
THQ54975.1	NDM-1	270	Biological_protein	THQ54975.1 subclass B1 metallo-beta-lactamase NDM-1 [Klebsiella pneumoniae]
THQ68849.1	NDM-1	270	Biological_protein	THQ68849.1 subclass B1 metallo-beta-lactamase NDM-1 [Klebsiella pneumoniae subsp. pneumoniae]
THQ79633.1	NDM-1	270	Biological_protein	THQ79633.1 subclass B1 metallo-beta-lactamase NDM-1 [Klebsiella pneumoniae subsp. pneumoniae]
THQ87850.1	NDM-1	270	Biological_protein	THQ87850.1 subclass B1 metallo-beta-lactamase NDM-1 [Klebsiella pneumoniae]
THQ90616.1	NDM-1	270	Biological_protein	THQ90616.1 subclass B1 metallo-beta-lactamase NDM-1 [Klebsiella pneumoniae subsp. pneumoniae]
THR06016.1	NDM-1	270	Biological_protein	THR06016.1 subclass B1 metallo-beta-lactamase NDM-1 [Klebsiella pneumoniae]
THR08393.1	NDM-1	270	Biological_protein	THR08393.1 subclass B1 metallo-beta-lactamase NDM-1 [Klebsiella pneumoniae subsp. pneumoniae]
THR22258.1	NDM-1	270	Biological_protein	THR22258.1 subclass B1 metallo-beta-lactamase NDM-1 [Klebsiella pneumoniae]
THR22465.1	NDM-1	270	Biological_protein	THR22465.1 subclass B1 metallo-beta-lactamase NDM-1 [Klebsiella pneumoniae subsp. pneumoniae]
THR52933.1	NDM-1	270	Biological_protein	THR52933.1 subclass B1 metallo-beta-lactamase NDM-1 [Klebsiella pneumoniae]
THR57446.1	NDM-1	270	Biological_protein	THR57446.1 subclass B1 metallo-beta-lactamase NDM-1 [Klebsiella pneumoniae]
THR68571.1	NDM-1	270	Biological_protein	THR68571.1 subclass B1 metallo-beta-lactamase NDM-1 [Klebsiella pneumoniae]
THR72185.1	NDM-1	270	Biological_protein	THR72185.1 subclass B1 metallo-beta-lactamase NDM-1 [Klebsiella pneumoniae subsp. pneumoniae]
THR72721.1	NDM-1	270	Biological_protein	THR72721.1 subclass B1 metallo-beta-lactamase NDM-1 [Klebsiella pneumoniae subsp. pneumoniae]
THR82260.1	NDM-1	270	Biological_protein	THR82260.1 subclass B1 metallo-beta-lactamase NDM-1 [Klebsiella pneumoniae subsp. pneumoniae]
THR96597.1	NDM-1	270	Biological_protein	THR96597.1 subclass B1 metallo-beta-lactamase NDM-1 [Klebsiella pneumoniae]
THS04491.1	NDM-1	270	Biological_protein	THS04491.1 subclass B1 metallo-beta-lactamase NDM-1 [Klebsiella pneumoniae]
THS05000.1	NDM-1	270	Biological_protein	THS05000.1 subclass B1 metallo-beta-lactamase NDM-1 [Klebsiella pneumoniae]
THS16853.1	NDM-1	270	Biological_protein	THS16853.1 subclass B1 metallo-beta-lactamase NDM-1 [Klebsiella pneumoniae]
THS31213.1	NDM-1	270	Biological_protein	THS31213.1 subclass B1 metallo-beta-lactamase NDM-1 [Klebsiella pneumoniae]
THS43697.1	NDM-1	270	Biological_protein	THS43697.1 subclass B1 metallo-beta-lactamase NDM-1 [Klebsiella pneumoniae]
THS43967.1	NDM-1	270	Biological_protein	THS43967.1 subclass B1 metallo-beta-lactamase NDM-1 [Klebsiella pneumoniae subsp. pneumoniae]
THS50554.1	NDM-1	270	Biological_protein	THS50554.1 subclass B1 metallo-beta-lactamase NDM-1 [Klebsiella pneumoniae]
THS59088.1	NDM-1	270	Biological_protein	THS59088.1 subclass B1 metallo-beta-lactamase NDM-1 [Klebsiella pneumoniae]
THS73794.1	NDM-1	270	Biological_protein	THS73794.1 subclass B1 metallo-beta-lactamase NDM-1 [Klebsiella pneumoniae]
THS77606.1	NDM-1	270	Biological_protein	THS77606.1 subclass B1 metallo-beta-lactamase NDM-1 [Klebsiella pneumoniae]
THS78435.1	NDM-1	270	Biological_protein	THS78435.1 subclass B1 metallo-beta-lactamase NDM-1 [Klebsiella pneumoniae]
THT15168.1	NDM-1	270	Biological_protein	THT15168.1 subclass B1 metallo-beta-lactamase NDM-1 [Klebsiella pneumoniae subsp. pneumoniae]
THT20904.1	NDM-1	270	Biological_protein	THT20904.1 subclass B1 metallo-beta-lactamase NDM-1 [Klebsiella pneumoniae subsp. pneumoniae]
THT31529.1	NDM-1	270	Biological_protein	THT31529.1 subclass B1 metallo-beta-lactamase NDM-1 [Klebsiella pneumoniae]
THT38380.1	NDM-1	270	Biological_protein	THT38380.1 subclass B1 metallo-beta-lactamase NDM-1 [Klebsiella pneumoniae subsp. pneumoniae]
THT40691.1	NDM-1	270	Biological_protein	THT40691.1 subclass B1 metallo-beta-lactamase NDM-1 [Klebsiella pneumoniae subsp. pneumoniae]
THT48311.1	NDM-1	270	Biological_protein	THT48311.1 subclass B1 metallo-beta-lactamase NDM-1 [Klebsiella pneumoniae subsp. pneumoniae]
THT52073.1	NDM-1	270	Biological_protein	THT52073.1 subclass B1 metallo-beta-lactamase NDM-1 [Klebsiella pneumoniae]
THT58901.1	NDM-1	270	Biological_protein	THT58901.1 subclass B1 metallo-beta-lactamase NDM-1 [Klebsiella pneumoniae subsp. pneumoniae]
THT67372.1	NDM-1	270	Biological_protein	THT67372.1 subclass B1 metallo-beta-lactamase NDM-1 [Klebsiella pneumoniae subsp. pneumoniae]
THT83031.1	NDM-1	270	Biological_protein	THT83031.1 subclass B1 metallo-beta-lactamase NDM-1 [Klebsiella pneumoniae]
THT92633.1	NDM-1	270	Biological_protein	THT92633.1 subclass B1 metallo-beta-lactamase NDM-1 [Klebsiella pneumoniae]
THU05958.1	NDM-1	270	Biological_protein	THU05958.1 subclass B1 metallo-beta-lactamase NDM-1 [Klebsiella pneumoniae]
THU16925.1	NDM-1	270	Biological_protein	THU16925.1 subclass B1 metallo-beta-lactamase NDM-1 [Klebsiella pneumoniae]
THU24909.1	NDM-1	270	Biological_protein	THU24909.1 subclass B1 metallo-beta-lactamase NDM-1 [Klebsiella pneumoniae]
QCF34696.1	NDM-1	270	Biological_protein	QCF34696.1 subclass B1 metallo-beta-lactamase NDM-1 [Proteus sp. (in: enterobacteria)]
QCF34697.1	NDM-1	270	Biological_protein	QCF34697.1 subclass B1 metallo-beta-lactamase NDM-1 [Proteus vulgaris]
QCF34698.1	NDM-1	270	Biological_protein	QCF34698.1 subclass B1 metallo-beta-lactamase NDM-1 [Acinetobacter johnsonii]
QCF34699.1	NDM-1	270	Biological_protein	QCF34699.1 subclass B1 metallo-beta-lactamase NDM-1 [Myroides profundi]
QCH41458.1	NDM-1	270	Biological_protein	QCH41458.1 subclass B1 metallo-beta-lactamase NDM-1 [Cloning vector pET28A-blaNDM-1]
TKD79006.1	NDM-1	270	Biological_protein	TKD79006.1 subclass B1 metallo-beta-lactamase NDM-1 [Klebsiella pneumoniae]
TKD91710.1	NDM-1	270	Biological_protein	TKD91710.1 subclass B1 metallo-beta-lactamase NDM-1 [Klebsiella pneumoniae]
TKE03117.1	NDM-1	270	Biological_protein	TKE03117.1 subclass B1 metallo-beta-lactamase NDM-1 [Klebsiella pneumoniae]
TKE31821.1	NDM-1	270	Biological_protein	TKE31821.1 subclass B1 metallo-beta-lactamase NDM-1 [Klebsiella pneumoniae]
TKE45454.1	NDM-1	270	Biological_protein	TKE45454.1 subclass B1 metallo-beta-lactamase NDM-1 [Klebsiella pneumoniae]
QCK75749.1	NDM-1	270	Plasmid_associated	QCK75749.1 subclass B1 metallo-beta-lactamase NDM-1 (plasmid) [Klebsiella ornithinolytica]
QCO22941.1	NDM-1	270	Plasmid_associated	QCO22941.1 subclass B1 metallo-beta-lactamase NDM-1 (plasmid) [Acinetobacter cumulans]
QCP17381.1	NDM-1	270	Biological_protein	QCP17381.1 subclass B1 metallo-beta-lactamase NDM-1 [Acinetobacter baumannii]
QCP20970.1	NDM-1	270	Biological_protein	QCP20970.1 subclass B1 metallo-beta-lactamase NDM-1 [Acinetobacter baumannii]
QCP32702.1	NDM-1	270	Biological_protein	QCP32702.1 subclass B1 metallo-beta-lactamase NDM-1 [Acinetobacter baumannii]
QCP44026.1	NDM-1	270	Biological_protein	QCP44026.1 subclass B1 metallo-beta-lactamase NDM-1 [Acinetobacter baumannii]
QCU89096.1	NDM-1	270	Plasmid_associated	QCU89096.1 subclass B1 metallo-beta-lactamase NDM-1 (plasmid) [Klebsiella pneumoniae subsp. pneumoniae]
QCX07917.1	NDM-1	270	Plasmid_associated	QCX07917.1 subclass B1 metallo-beta-lactamase NDM-1 (plasmid) [Klebsiella pneumoniae]
TNC58776.1	NDM-1	270	Biological_protein	TNC58776.1 subclass B1 metallo-beta-lactamase NDM-1 [Klebsiella quasipneumoniae]
QCZ37022.1	NDM-1	270	Plasmid_associated	QCZ37022.1 subclass B1 metallo-beta-lactamase NDM-1 (plasmid) [Enterobacter cloacae]
TNM73435.1	NDM-1	270	Biological_protein	TNM73435.1 subclass B1 metallo-beta-lactamase NDM-1 [Klebsiella pneumoniae subsp. pneumoniae]
QDA46016.1	NDM-1	270	Plasmid_associated	QDA46016.1 subclass B1 metallo-beta-lactamase NDM-1 (plasmid) [Escherichia coli]
TNU97085.1	NDM-1	270	Biological_protein	TNU97085.1 subclass B1 metallo-beta-lactamase NDM-1 [Providencia rettgeri]
TNV00811.1	NDM-1	270	Biological_protein	TNV00811.1 subclass B1 metallo-beta-lactamase NDM-1 [Klebsiella pneumoniae]
TOA77653.1	NDM-1	270	Biological_protein	TOA77653.1 subclass B1 metallo-beta-lactamase NDM-1 [Vibrio parahaemolyticus]
TPB64849.1	NDM-1	270	Biological_protein	TPB64849.1 subclass B1 metallo-beta-lactamase NDM-1 [Klebsiella quasipneumoniae subsp. quasipneumoniae]
QDE42104.1	NDM-1	270	Plasmid_associated	QDE42104.1 subclass B1 metallo-beta-lactamase NDM-1 (plasmid) [Citrobacter sp. CF971]
QDF35703.1	NDM-1	270	Plasmid_associated	QDF35703.1 subclass B1 metallo-beta-lactamase NDM-1 (plasmid) [Klebsiella pneumoniae]
TPU20258.1	NDM-1	270	Biological_protein	TPU20258.1 subclass B1 metallo-beta-lactamase NDM-1 [Acinetobacter baumannii]
TPU27198.1	NDM-1	270	Biological_protein	TPU27198.1 subclass B1 metallo-beta-lactamase NDM-1 [Acinetobacter baumannii]
TPV73016.1	NDM-1	270	Biological_protein	TPV73016.1 subclass B1 metallo-beta-lactamase NDM-1 [Klebsiella pneumoniae]
QDH75369.1	NDM-1	270	Plasmid_associated	QDH75369.1 metallo-beta-lactamase NDM-1 (plasmid) [Escherichia coli]
TQF18216.1	NDM-1	270	Biological_protein	TQF18216.1 subclass B1 metallo-beta-lactamase NDM-1 [Acinetobacter baumannii]
QDJ93933.1	NDM-1	270	Plasmid_associated	QDJ93933.1 subclass B1 metallo-beta-lactamase NDM-1 (plasmid) [Acinetobacter haemolyticus]
QDL90117.1	NDM-1	270	Plasmid_associated	QDL90117.1 NDM-1 (plasmid) [Klebsiella pneumoniae]
TRY00539.1	NDM-1	270	Biological_protein	TRY00539.1 subclass B1 metallo-beta-lactamase NDM-1 [Proteus mirabilis]
TRY01381.1	NDM-1	270	Biological_protein	TRY01381.1 subclass B1 metallo-beta-lactamase NDM-1 [Proteus mirabilis]
QDP29818.1	NDM-1	270	Biological_protein	QDP29818.1 subclass B1 metallo-beta-lactamase NDM-1 [Morganella morganii]
QDP29824.1	NDM-1	270	Biological_protein	QDP29824.1 subclass B1 metallo-beta-lactamase NDM-1 [Morganella morganii]
QDP29830.1	NDM-1	270	Biological_protein	QDP29830.1 subclass B1 metallo-beta-lactamase NDM-1 [Morganella morganii]
QDP29836.1	NDM-1	270	Biological_protein	QDP29836.1 subclass B1 metallo-beta-lactamase NDM-1 [Morganella morganii]
QDP29842.1	NDM-1	270	Biological_protein	QDP29842.1 subclass B1 metallo-beta-lactamase NDM-1 [Morganella morganii]
QDP29848.1	NDM-1	270	Biological_protein	QDP29848.1 subclass B1 metallo-beta-lactamase NDM-1 [Morganella morganii]
QDP29854.1	NDM-1	270	Biological_protein	QDP29854.1 subclass B1 metallo-beta-lactamase NDM-1 [Morganella morganii]
QDP29860.1	NDM-1	270	Biological_protein	QDP29860.1 subclass B1 metallo-beta-lactamase NDM-1 [Morganella morganii]
QDP29866.1	NDM-1	270	Biological_protein	QDP29866.1 subclass B1 metallo-beta-lactamase NDM-1 [Morganella morganii]
QDP29872.1	NDM-1	270	Biological_protein	QDP29872.1 subclass B1 metallo-beta-lactamase NDM-1 [Morganella morganii]
QDP29878.1	NDM-1	270	Biological_protein	QDP29878.1 subclass B1 metallo-beta-lactamase NDM-1 [Morganella morganii]
QDP29884.1	NDM-1	270	Biological_protein	QDP29884.1 subclass B1 metallo-beta-lactamase NDM-1 [Morganella morganii]
QDW16345.1	NDM-1	270	Plasmid_associated	QDW16345.1 subclass B1 metallo-beta-lactamase NDM-1 (plasmid) [Klebsiella pneumoniae]
TWX74541.1	NDM-1	270	Biological_protein	TWX74541.1 subclass B1 metallo-beta-lactamase NDM-1 [Enterobacter hormaechei]
TWX76182.1	NDM-1	270	Biological_protein	TWX76182.1 subclass B1 metallo-beta-lactamase NDM-1 [Klebsiella pneumoniae]
TWX78778.1	NDM-1	270	Biological_protein	TWX78778.1 subclass B1 metallo-beta-lactamase NDM-1 [Klebsiella pneumoniae]
TWY26725.1	NDM-1	270	Biological_protein	TWY26725.1 subclass B1 metallo-beta-lactamase NDM-1 [Escherichia coli]
TXM49012.1	NDM-1	270	Biological_protein	TXM49012.1 subclass B1 metallo-beta-lactamase NDM-1 [Providencia rettgeri]
TXM73040.1	NDM-1	270	Biological_protein	TXM73040.1 subclass B1 metallo-beta-lactamase NDM-1 [Providencia rettgeri]
QEI30201.1	NDM-1	270	Plasmid_associated	QEI30201.1 subclass B1 metallo-beta-lactamase NDM-1 (plasmid) [Acinetobacter pittii]
QEI45478.1	NDM-1	270	Precursor	QEI45478.1 Beta-lactamase NDM-1 precursor (plasmid) [Escherichia coli]
QEI45679.1	NDM-1	270	Precursor	QEI45679.1 Beta-lactamase NDM-1 precursor (plasmid) [Escherichia coli]
QEI45947.1	NDM-1	270	Precursor	QEI45947.1 Beta-lactamase NDM-1 precursor (plasmid) [Escherichia coli]
QEK37057.1	NDM-1	270	Biological_protein	QEK37057.1 subclass B1 metallo-beta-lactamase NDM-1 [Acinetobacter johnsonii]
QEK37644.1	NDM-1	270	Plasmid_associated	QEK37644.1 subclass B1 metallo-beta-lactamase NDM-1 (plasmid) [Acinetobacter johnsonii]
TYR71162.1	NDM-1	270	Biological_protein	TYR71162.1 subclass B1 metallo-beta-lactamase NDM-1 [Klebsiella pneumoniae]
QEL33740.1	NDM-1	270	Plasmid_associated	QEL33740.1 subclass B1 metallo-beta-lactamase NDM-1 (plasmid) [Enterobacter hormaechei subsp. xiangfangensis]
KAA0850941.1	NDM-1	270	Biological_protein	KAA0850941.1 subclass B1 metallo-beta-lactamase NDM-1 [Enterobacter hormaechei]
KAA0859180.1	NDM-1	270	Biological_protein	KAA0859180.1 subclass B1 metallo-beta-lactamase NDM-1 [Enterobacter hormaechei]
KAA0865112.1	NDM-1	270	Biological_protein	KAA0865112.1 subclass B1 metallo-beta-lactamase NDM-1 [Enterobacter hormaechei]
KAA0876110.1	NDM-1	270	Biological_protein	KAA0876110.1 subclass B1 metallo-beta-lactamase NDM-1 [Enterobacter hormaechei]
KAA0878714.1	NDM-1	270	Biological_protein	KAA0878714.1 subclass B1 metallo-beta-lactamase NDM-1 [Enterobacter hormaechei]
KAA0898400.1	NDM-1	270	Biological_protein	KAA0898400.1 subclass B1 metallo-beta-lactamase NDM-1 [Enterobacter hormaechei]
QEP09771.1	NDM-1	270	Plasmid_associated	QEP09771.1 NDM-1 metallo-beta-lactamase (plasmid) [Escherichia coli]
QEP09850.1	NDM-1	270	Plasmid_associated	QEP09850.1 NDM-1 metallo-beta-lactamase (plasmid) [Serratia marcescens]
VVL19695.1	NDM-1	270	Precursor	VVL19695.1 Beta-lactamase NDM-1 precursor [Klebsiella pneumoniae]
VAQ81184.1	NDM-1	270	Precursor	VAQ81184.1 Beta-lactamase NDM-1 precursor [Klebsiella pneumoniae]
QEQ70924.1	NDM-1	270	Plasmid_associated	QEQ70924.1 class B beta-lactamase NDM-1 (plasmid) [Citrobacter freundii]
QEQ71031.1	NDM-1	270	Plasmid_associated	QEQ71031.1 class B beta-lactamase NDM-1 (plasmid) [Klebsiella pneumoniae]
QEQ71152.1	NDM-1	270	Plasmid_associated	QEQ71152.1 class B beta-lactamase NDM-1 (plasmid) [Klebsiella pneumoniae]
QEQ71316.1	NDM-1	270	Plasmid_associated	QEQ71316.1 class B beta-lactamase NDM-1 (plasmid) [Serratia marcescens]
QEQ71501.1	NDM-1	270	Plasmid_associated	QEQ71501.1 class B beta-lactamase NDM-1 (plasmid) [Escherichia coli]
KAA5649099.1	NDM-1	270	Biological_protein	KAA5649099.1 subclass B1 metallo-beta-lactamase NDM-1 [Klebsiella pneumoniae]
KAA5681878.1	NDM-1	270	Biological_protein	KAA5681878.1 subclass B1 metallo-beta-lactamase NDM-1 [Klebsiella pneumoniae]
KAA5689744.1	NDM-1	270	Biological_protein	KAA5689744.1 subclass B1 metallo-beta-lactamase NDM-1 [Klebsiella pneumoniae]
KAA5702603.1	NDM-1	270	Biological_protein	KAA5702603.1 subclass B1 metallo-beta-lactamase NDM-1 [Klebsiella pneumoniae]
KAA5705163.1	NDM-1	270	Biological_protein	KAA5705163.1 subclass B1 metallo-beta-lactamase NDM-1 [Klebsiella pneumoniae]
KAA5712035.1	NDM-1	270	Biological_protein	KAA5712035.1 subclass B1 metallo-beta-lactamase NDM-1 [Klebsiella pneumoniae]
KAA5713521.1	NDM-1	270	Biological_protein	KAA5713521.1 subclass B1 metallo-beta-lactamase NDM-1 [Klebsiella pneumoniae]
KAA5723473.1	NDM-1	270	Biological_protein	KAA5723473.1 subclass B1 metallo-beta-lactamase NDM-1 [Klebsiella pneumoniae]
KAA5729354.1	NDM-1	270	Biological_protein	KAA5729354.1 subclass B1 metallo-beta-lactamase NDM-1 [Klebsiella pneumoniae]
KAA5738575.1	NDM-1	270	Biological_protein	KAA5738575.1 subclass B1 metallo-beta-lactamase NDM-1 [Klebsiella pneumoniae]
KAA5739403.1	NDM-1	270	Biological_protein	KAA5739403.1 subclass B1 metallo-beta-lactamase NDM-1 [Klebsiella pneumoniae]
KAA5764313.1	NDM-1	270	Biological_protein	KAA5764313.1 subclass B1 metallo-beta-lactamase NDM-1 [Klebsiella pneumoniae]
QET06842.1	NDM-1	270	Plasmid_associated	QET06842.1 subclass B1 metallo-beta-lactamase NDM-1 (plasmid) [Klebsiella pneumoniae]
KAA8834684.1	NDM-1	270	Plasmid_associated	KAA8834684.1 subclass B1 metallo-beta-lactamase NDM-1 (plasmid) [Klebsiella pneumoniae]
KAA8876629.1	NDM-1	270	Biological_protein	KAA8876629.1 subclass B1 metallo-beta-lactamase NDM-1 [Klebsiella pneumoniae]
BBO00470.1	NDM-1	270	Biological_protein	BBO00470.1 class B metallo-beta-lactamase NDM-1 [Morganella morganii]
KAB8126482.1	NDM-1	270	Biological_protein	KAB8126482.1 subclass B1 metallo-beta-lactamase NDM-1 [Klebsiella ornithinolytica]
QFV09286.1	NDM-1	270	Plasmid_associated	QFV09286.1 subclass B1 metallo-beta-lactamase NDM-1 (plasmid) [Proteus mirabilis]
QFX77346.1	NDM-1	270	Plasmid_associated	QFX77346.1 subclass B1 metallo-beta-lactamase NDM-1 (plasmid) [Klebsiella quasipneumoniae]
QFX77644.1	NDM-1	270	Plasmid_associated	QFX77644.1 Beta-lactamase NDM-1 (plasmid) [Klebsiella pneumoniae]
QFY25905.1	NDM-1	270	Plasmid_associated	QFY25905.1 subclass B1 metallo-beta-lactamase NDM-1 (plasmid) [Klebsiella variicola]
QGA46127.1	NDM-1	270	Plasmid_associated	QGA46127.1 subclass B1 metallo-beta-lactamase NDM-1 (plasmid) [Acinetobacter nosocomialis]
QGJ03450.1	NDM-1	270	Biological_protein	QGJ03450.1 subclass B1 metallo-beta-lactamase NDM-1 [Acinetobacter sp.]
QGJ03451.1	NDM-1	270	Biological_protein	QGJ03451.1 subclass B1 metallo-beta-lactamase NDM-1 [Acinetobacter sp.]
QGJ03452.1	NDM-1	270	Biological_protein	QGJ03452.1 subclass B1 metallo-beta-lactamase NDM-1 [Acinetobacter sp.]
QGJ03453.1	NDM-1	270	Biological_protein	QGJ03453.1 subclass B1 metallo-beta-lactamase NDM-1 [Acinetobacter sp.]
QGJ03454.1	NDM-1	270	Biological_protein	QGJ03454.1 subclass B1 metallo-beta-lactamase NDM-1 [Pseudomonas sp.]
QGJ03455.1	NDM-1	270	Biological_protein	QGJ03455.1 subclass B1 metallo-beta-lactamase NDM-1 [Pseudomonas sp.]
QGJ03456.1	NDM-1	270	Biological_protein	QGJ03456.1 subclass B1 metallo-beta-lactamase NDM-1 [Acinetobacter sp.]
QGJ03457.1	NDM-1	270	Biological_protein	QGJ03457.1 subclass B1 metallo-beta-lactamase NDM-1 [Acinetobacter sp.]
QGJ03534.1	NDM-1	270	Biological_protein	QGJ03534.1 subclass B1 metallo-beta-lactamase NDM-1 [Acinetobacter sp.]
QGJ03560.1	NDM-1	270	Biological_protein	QGJ03560.1 subclass B1 metallo-beta-lactamase NDM-1 [Stenotrophomonas sp.]
QGJ03561.1	NDM-1	270	Biological_protein	QGJ03561.1 subclass B1 metallo-beta-lactamase NDM-1 [Enterococcus sp.]
QGJ33014.1	NDM-1	270	Biological_protein	QGJ33014.1 subclass B1 metallo-beta-lactamase NDM-1 [Pseudomonas aeruginosa]
QGJ84186.1	NDM-1	270	Plasmid_associated	QGJ84186.1 subclass B1 metallo-beta-lactamase NDM-1 (plasmid) [Klebsiella pneumoniae]
QGJ84190.1	NDM-1	270	Plasmid_associated	QGJ84190.1 subclass B1 metallo-beta-lactamase NDM-1 (plasmid) [Klebsiella pneumoniae]
QGJ84194.1	NDM-1	270	Plasmid_associated	QGJ84194.1 subclass B1 metallo-beta-lactamase NDM-1 (plasmid) [Klebsiella pneumoniae]
QGJ84213.1	NDM-1	270	Biological_protein	QGJ84213.1 subclass B1 metallo-beta-lactamase NDM-1, partial [Providencia stuartii]
QGJ84214.1	NDM-1	270	Biological_protein	QGJ84214.1 subclass B1 metallo-beta-lactamase NDM-1, partial [Providencia stuartii]
QGJ84215.1	NDM-1	270	Biological_protein	QGJ84215.1 subclass B1 metallo-beta-lactamase NDM-1, partial [Providencia stuartii]
QGJ84216.1	NDM-1	270	Biological_protein	QGJ84216.1 subclass B1 metallo-beta-lactamase NDM-1, partial [Providencia stuartii]
QGJ84217.1	NDM-1	270	Biological_protein	QGJ84217.1 subclass B1 metallo-beta-lactamase NDM-1, partial [Providencia stuartii]
QGJ84218.1	NDM-1	270	Biological_protein	QGJ84218.1 subclass B1 metallo-beta-lactamase NDM-1, partial [Providencia stuartii]
QGJ84219.1	NDM-1	270	Biological_protein	QGJ84219.1 subclass B1 metallo-beta-lactamase NDM-1, partial [Providencia stuartii]
QGJ84220.1	NDM-1	270	Biological_protein	QGJ84220.1 subclass B1 metallo-beta-lactamase NDM-1, partial [Providencia stuartii]
QGJ84221.1	NDM-1	270	Biological_protein	QGJ84221.1 subclass B1 metallo-beta-lactamase NDM-1, partial [Providencia stuartii]
QGJ84222.1	NDM-1	270	Biological_protein	QGJ84222.1 subclass B1 metallo-beta-lactamase NDM-1, partial [Providencia stuartii]
QGJ84223.1	NDM-1	270	Biological_protein	QGJ84223.1 subclass B1 metallo-beta-lactamase NDM-1, partial [Providencia stuartii]
QGM26238.1	NDM-1	270	Plasmid_associated	QGM26238.1 subclass B1 metallo-beta-lactamase NDM-1 (plasmid) [Acinetobacter towneri]
QGN45352.1	NDM-1	270	Plasmid_associated	QGN45352.1 subclass B1 metallo-beta-lactamase NDM-1 (plasmid) [Enterobacter cloacae]
QGR15252.1	NDM-1	270	Plasmid_associated	QGR15252.1 subclass B1 metallo-beta-lactamase NDM-1 (plasmid) [Enterobacter hormaechei]
QGW61856.1	NDM-1	270	Biological_protein	QGW61856.1 subclass B1 metallo-beta-lactamase NDM-1 [Klebsiella pneumoniae]
QGW61884.1	NDM-1	270	Plasmid_associated	QGW61884.1 subclass B1 metallo-beta-lactamase NDM-1 (plasmid) [Klebsiella pneumoniae]
QGW61886.1	NDM-1	270	Plasmid_associated	QGW61886.1 subclass B1 metallo-beta-lactamase NDM-1 (plasmid) [Klebsiella pneumoniae]
QGW61888.1	NDM-1	270	Plasmid_associated	QGW61888.1 subclass B1 metallo-beta-lactamase NDM-1 (plasmid) [Klebsiella pneumoniae]
QGW61890.1	NDM-1	270	Plasmid_associated	QGW61890.1 subclass B1 metallo-beta-lactamase NDM-1 (plasmid) [Klebsiella pneumoniae]
QGW61892.1	NDM-1	270	Plasmid_associated	QGW61892.1 subclass B1 metallo-beta-lactamase NDM-1 (plasmid) [Klebsiella pneumoniae]
CAA1294930.1	NDM-1	270	Precursor	CAA1294930.1 Beta-lactamase NDM-1 precursor [Klebsiella pneumoniae]
QHC80299.1	NDM-1	270	Plasmid_associated	QHC80299.1 subclass B1 metallo-beta-lactamase NDM-1 (plasmid) [Enterobacter hormaechei subsp. hoffmannii]
QHE01343.1	NDM-1	270	Plasmid_associated	QHE01343.1 subclass B1 metallo-beta-lactamase NDM-1 (plasmid) [Citrobacter freundii]
QHJ90453.1	NDM-1	270	Plasmid_associated	QHJ90453.1 NDM-1 beta-lactamase (plasmid) [Proteus mirabilis]
QHJ90586.1	NDM-1	270	Plasmid_associated	QHJ90586.1 NDM-1 (plasmid) [Klebsiella aerogenes]
QHP12695.1	NDM-1	270	Plasmid_associated	QHP12695.1 subclass B1 metallo-beta-lactamase NDM-1 (plasmid) [Klebsiella pneumoniae]
QHP23601.1	NDM-1	270	Plasmid_associated	QHP23601.1 subclass B1 metallo-beta-lactamase NDM-1 (plasmid) [Klebsiella pneumoniae]
QHU42850.1	NDM-1	270	Plasmid_associated	QHU42850.1 subclass B1 metallo-beta-lactamase NDM-1 (plasmid) [Klebsiella pneumoniae]
QHU48434.1	NDM-1	270	Plasmid_associated	QHU48434.1 subclass B1 metallo-beta-lactamase NDM-1 (plasmid) [Klebsiella pneumoniae]
QHU54280.1	NDM-1	270	Plasmid_associated	QHU54280.1 subclass B1 metallo-beta-lactamase NDM-1 (plasmid) [Klebsiella pneumoniae]
QHU59754.1	NDM-1	270	Plasmid_associated	QHU59754.1 subclass B1 metallo-beta-lactamase NDM-1 (plasmid) [Klebsiella pneumoniae]
QHU65434.1	NDM-1	270	Plasmid_associated	QHU65434.1 subclass B1 metallo-beta-lactamase NDM-1 (plasmid) [Klebsiella pneumoniae]
QHU70849.1	NDM-1	270	Plasmid_associated	QHU70849.1 subclass B1 metallo-beta-lactamase NDM-1 (plasmid) [Klebsiella pneumoniae]
QHU76387.1	NDM-1	270	Plasmid_associated	QHU76387.1 subclass B1 metallo-beta-lactamase NDM-1 (plasmid) [Klebsiella pneumoniae]
QHW08780.1	NDM-1	270	Plasmid_associated	QHW08780.1 NDM-1 (plasmid) [Enterobacter hormaechei subsp. xiangfangensis]
QIC18026.1	NDM-1	270	Plasmid_associated	QIC18026.1 subclass B1 metallo-beta-lactamase NDM-1 (plasmid) [Providencia vermicola]
QIC62673.1	NDM-1	270	Plasmid_associated	QIC62673.1 subclass B1 metallo-beta-lactamase NDM-1 (plasmid) [Acinetobacter schindleri]
QIC65662.1	NDM-1	270	Plasmid_associated	QIC65662.1 subclass B1 metallo-beta-lactamase NDM-1 (plasmid) [Acinetobacter schindleri]
QIC68767.1	NDM-1	270	Plasmid_associated	QIC68767.1 subclass B1 metallo-beta-lactamase NDM-1 (plasmid) [Acinetobacter schindleri]
QIC74957.1	NDM-1	270	Plasmid_associated	QIC74957.1 subclass B1 metallo-beta-lactamase NDM-1 (plasmid) [Acinetobacter indicus]
QIC77508.1	NDM-1	270	Plasmid_associated	QIC77508.1 subclass B1 metallo-beta-lactamase NDM-1 (plasmid) [Acinetobacter indicus]
QIC80538.1	NDM-1	270	Plasmid_associated	QIC80538.1 subclass B1 metallo-beta-lactamase NDM-1 (plasmid) [Acinetobacter indicus]
QIF50189.1	NDM-1	270	Biological_protein	QIF50189.1 subclass B1 metallo-beta-lactamase NDM-1 [Proteus mirabilis]
QIF59353.1	NDM-1	270	Biological_protein	QIF59353.1 subclass B1 metallo-beta-lactamase NDM-1 [Providencia sp. PROV004]
QIF63366.1	NDM-1	270	Biological_protein	QIF63366.1 subclass B1 metallo-beta-lactamase NDM-1 [Providencia sp. PROV012]
QIF63369.1	NDM-1	270	Biological_protein	QIF63369.1 subclass B1 metallo-beta-lactamase NDM-1 [Providencia sp. PROV012]
QIF63375.1	NDM-1	270	Biological_protein	QIF63375.1 subclass B1 metallo-beta-lactamase NDM-1 [Providencia sp. PROV012]
QIF63381.1	NDM-1	270	Biological_protein	QIF63381.1 subclass B1 metallo-beta-lactamase NDM-1 [Providencia sp. PROV012]
QIF63387.1	NDM-1	270	Biological_protein	QIF63387.1 subclass B1 metallo-beta-lactamase NDM-1 [Providencia sp. PROV012]
QIF64044.1	NDM-1	270	Biological_protein	QIF64044.1 subclass B1 metallo-beta-lactamase NDM-1 [Providencia sp. PROV061]
QIF64049.1	NDM-1	270	Biological_protein	QIF64049.1 subclass B1 metallo-beta-lactamase NDM-1 [Providencia sp. PROV061]
QII36133.1	NDM-1	270	Plasmid_associated	QII36133.1 subclass B1 metallo-beta-lactamase NDM-1 (plasmid) [Klebsiella aerogenes]
QIM11779.1	NDM-1	270	Plasmid_associated	QIM11779.1 Metallo Beta Lactamase NDM-1 (plasmid) [Klebsiella pneumoniae]
QIR53066.1	NDM-1	270	Plasmid_associated	QIR53066.1 subclass B1 metallo-beta-lactamase NDM-1 (plasmid) [Klebsiella pneumoniae]
QIR58647.1	NDM-1	270	Plasmid_associated	QIR58647.1 subclass B1 metallo-beta-lactamase NDM-1 (plasmid) [Klebsiella pneumoniae]
QIV52529.1	NDM-1	270	Plasmid_associated	QIV52529.1 subclass B1 metallo-beta-lactamase NDM-1 (plasmid) [Klebsiella pneumoniae]
QJD56612.1	NDM-1	270	Biological_protein	QJD56612.1 subclass B1 metallo-beta-lactamase NDM-1 [Klebsiella pneumoniae]
QJD56627.1	NDM-1	270	Biological_protein	QJD56627.1 subclass B1 metallo-beta-lactamase NDM-1, partial [Klebsiella pneumoniae]
QJD56628.1	NDM-1	270	Biological_protein	QJD56628.1 subclass B1 metallo-beta-lactamase NDM-1, partial [Klebsiella pneumoniae]
QJD56629.1	NDM-1	270	Biological_protein	QJD56629.1 subclass B1 metallo-beta-lactamase NDM-1, partial [Klebsiella pneumoniae]
QJD56630.1	NDM-1	270	Biological_protein	QJD56630.1 subclass B1 metallo-beta-lactamase NDM-1, partial [Klebsiella pneumoniae]
QJD56631.1	NDM-1	270	Biological_protein	QJD56631.1 subclass B1 metallo-beta-lactamase NDM-1, partial [Klebsiella pneumoniae]
QJD56632.1	NDM-1	270	Biological_protein	QJD56632.1 subclass B1 metallo-beta-lactamase NDM-1, partial [Klebsiella pneumoniae]
QJD56633.1	NDM-1	270	Biological_protein	QJD56633.1 subclass B1 metallo-beta-lactamase NDM-1, partial [Klebsiella pneumoniae]
QJD56634.1	NDM-1	270	Biological_protein	QJD56634.1 subclass B1 metallo-beta-lactamase NDM-1, partial [Klebsiella pneumoniae]
QJD56635.1	NDM-1	270	Biological_protein	QJD56635.1 subclass B1 metallo-beta-lactamase NDM-1, partial [Klebsiella pneumoniae]
QJD56636.1	NDM-1	270	Biological_protein	QJD56636.1 subclass B1 metallo-beta-lactamase NDM-1, partial [Klebsiella pneumoniae]
QJD56637.1	NDM-1	270	Biological_protein	QJD56637.1 subclass B1 metallo-beta-lactamase NDM-1, partial [Klebsiella pneumoniae]
QJD56638.1	NDM-1	270	Biological_protein	QJD56638.1 subclass B1 metallo-beta-lactamase NDM-1, partial [Klebsiella pneumoniae]
QJD56639.1	NDM-1	270	Biological_protein	QJD56639.1 subclass B1 metallo-beta-lactamase NDM-1, partial [Klebsiella pneumoniae]
QJD56640.1	NDM-1	270	Biological_protein	QJD56640.1 subclass B1 metallo-beta-lactamase NDM-1, partial [Klebsiella pneumoniae]
QJD56641.1	NDM-1	270	Biological_protein	QJD56641.1 subclass B1 metallo-beta-lactamase NDM-1, partial [Klebsiella pneumoniae]
QJD56642.1	NDM-1	270	Biological_protein	QJD56642.1 subclass B1 metallo-beta-lactamase NDM-1, partial [Klebsiella pneumoniae]
QJD56643.1	NDM-1	270	Biological_protein	QJD56643.1 subclass B1 metallo-beta-lactamase NDM-1, partial [Klebsiella pneumoniae]
QJD56644.1	NDM-1	270	Biological_protein	QJD56644.1 subclass B1 metallo-beta-lactamase NDM-1, partial [Klebsiella pneumoniae]
QJD56645.1	NDM-1	270	Biological_protein	QJD56645.1 subclass B1 metallo-beta-lactamase NDM-1, partial [Klebsiella pneumoniae]
QJD56646.1	NDM-1	270	Biological_protein	QJD56646.1 subclass B1 metallo-beta-lactamase NDM-1, partial [Klebsiella pneumoniae]
QJD56647.1	NDM-1	270	Biological_protein	QJD56647.1 subclass B1 metallo-beta-lactamase NDM-1, partial [Klebsiella pneumoniae]
QJD56648.1	NDM-1	270	Biological_protein	QJD56648.1 subclass B1 metallo-beta-lactamase NDM-1, partial [Klebsiella pneumoniae]
QJD56649.1	NDM-1	270	Biological_protein	QJD56649.1 subclass B1 metallo-beta-lactamase NDM-1, partial [Klebsiella pneumoniae]
QJD56650.1	NDM-1	270	Biological_protein	QJD56650.1 subclass B1 metallo-beta-lactamase NDM-1, partial [Klebsiella pneumoniae]
QJD56651.1	NDM-1	270	Biological_protein	QJD56651.1 subclass B1 metallo-beta-lactamase NDM-1, partial [Klebsiella pneumoniae]
QJD56652.1	NDM-1	270	Biological_protein	QJD56652.1 subclass B1 metallo-beta-lactamase NDM-1, partial [Klebsiella pneumoniae]
QJD56653.1	NDM-1	270	Biological_protein	QJD56653.1 subclass B1 metallo-beta-lactamase NDM-1, partial [Klebsiella pneumoniae]
QJD57067.1	NDM-1	270	Biological_protein	QJD57067.1 subclass B1 metallo-beta-lactamase NDM-1 [Escherichia coli]
QJG74345.1	NDM-1	270	Biological_protein	QJG74345.1 subclass B1 metallo-beta-lactamase NDM-1 [Acinetobacter baumannii]
QJG82343.1	NDM-1	270	Plasmid_associated	QJG82343.1 subclass B1 metallo-beta-lactamase NDM-1 (plasmid) [Acinetobacter baumannii]
QJG86178.1	NDM-1	270	Plasmid_associated	QJG86178.1 subclass B1 metallo-beta-lactamase NDM-1 (plasmid) [Acinetobacter baumannii]
QJH03401.1	NDM-1	270	Biological_protein	QJH03401.1 subclass B1 metallo-beta-lactamase NDM-1 [Acinetobacter baumannii]
QJH16350.1	NDM-1	270	Biological_protein	QJH16350.1 subclass B1 metallo-beta-lactamase NDM-1 [Acinetobacter baumannii]
QJP39736.1	NDM-1	270	Plasmid_associated	QJP39736.1 subclass B1 metallo-beta-lactamase NDM-1 (plasmid) [Acinetobacter baumannii]
pdb|6TWT|A	NDM-1	243	PDB_structure	pdb|6TWT|A Chain A, Metallo beta lactamase NDM-1
pdb|6TWT|B	NDM-1	243	PDB_structure	pdb|6TWT|B Chain B, Metallo beta lactamase NDM-1
QKD74810.1	NDM-1	270	Plasmid_associated	QKD74810.1 subclass B1 metallo-beta-lactamase NDM-1 (plasmid) [Proteus terrae subsp. cibarius]
QKE17795.1	NDM-1	270	Plasmid_associated	QKE17795.1 subclass B1 metallo-beta-lactamase NDM-1 (plasmid) [Klebsiella pneumoniae]
QKG43016.1	NDM-1	270	Plasmid_associated	QKG43016.1 subclass B1 metallo-beta-lactamase NDM-1 (plasmid) [Proteus mirabilis]
QKG51162.1	NDM-1	270	Plasmid_associated	QKG51162.1 subclass B1 metallo-beta-lactamase NDM-1 (plasmid) [Proteus mirabilis]
QKG47231.1	NDM-1	270	Plasmid_associated	QKG47231.1 subclass B1 metallo-beta-lactamase NDM-1 (plasmid) [Providencia rettgeri]
QKG33567.1	NDM-1	270	Biological_protein	QKG33567.1 subclass B1 metallo-beta-lactamase NDM-1 [Pseudomonas aeruginosa]
QKN76273.1	NDM-1	270	Precursor	QKN76273.1 Beta-lactamase NDM-1 precursor (plasmid) [Escherichia coli]
BBO58696.1	NDM-1	270	Biological_protein	BBO58696.1 NDM-1 beta-lactamase [uncultured bacterium]
BCB22971.1	NDM-1	270	Biological_protein	BCB22971.1 NDM-1 beta-lactamase [uncultured bacterium]
BCB22972.1	NDM-1	270	Biological_protein	BCB22972.1 NDM-1 beta-lactamase [uncultured bacterium]
BCG50381.1	NDM-1	270	Biological_protein	BCG50381.1 class B beta-lactamase NDM-1 [Expression vector pUC57-Kan-blaNDM-1]
QKU52563.1	NDM-1	270	Precursor	QKU52563.1 Beta-lactamase NDM-1 precursor (plasmid) [Escherichia coli]
QKX84577.1	NDM-1	270	Plasmid_associated	QKX84577.1 subclass B1 metallo-beta-lactamase NDM-1 (plasmid) [Citrobacter freundii]
QKY83003.1	NDM-1	270	Plasmid_associated	QKY83003.1 subclass B1 metallo-beta-lactamase NDM-1 (plasmid) [Klebsiella pneumoniae]
QKY83088.1	NDM-1	270	Plasmid_associated	QKY83088.1 subclass B1 metallo-beta-lactamase NDM-1 (plasmid) [Klebsiella pneumoniae]
QLA46110.1	NDM-1	270	Plasmid_associated	QLA46110.1 subclass B1 metallo-beta-lactamase NDM-1 (plasmid) [Escherichia coli]
QLG04634.1	NDM-1	270	Plasmid_associated	QLG04634.1 subclass B1 metallo-beta-lactamase NDM-1 (plasmid) [Klebsiella pneumoniae]
QLG04724.1	NDM-1	270	Plasmid_associated	QLG04724.1 subclass B1 metallo-beta-lactamase NDM-1 (plasmid) [Klebsiella pneumoniae]
QLI34644.1	NDM-1	270	Biological_protein	QLI34644.1 subclass B1 metallo-beta-lactamase NDM-1 [Acinetobacter baumannii]
QLI41761.1	NDM-1	270	Plasmid_associated	QLI41761.1 subclass B1 metallo-beta-lactamase NDM-1 (plasmid) [Acinetobacter baumannii]
QLJ82366.1	NDM-1	270	Plasmid_associated	QLJ82366.1 subclass B1 metallo-beta-lactamase NDM-1 (plasmid) [Escherichia coli]
QLQ67347.1	NDM-1	270	Plasmid_associated	QLQ67347.1 subclass B1 metallo-beta-lactamase NDM-1 (plasmid) [Klebsiella pneumoniae]
QMW00072.1	NDM-1	270	Plasmid_associated	QMW00072.1 subclass B1 metallo-beta-lactamase NDM-1 (plasmid) [Enterobacter hormaechei]
QMS84133.1	NDM-1	270	Plasmid_associated	QMS84133.1 subclass B1 metallo-beta-lactamase NDM-1 (plasmid) [Acinetobacter baumannii]
pdb|6TGD|A	NDM-1	241	PDB_structure	pdb|6TGD|A Chain A, Metallo-beta-lactamase NDM-1
pdb|6TGD|B	NDM-1	241	PDB_structure	pdb|6TGD|B Chain B, Metallo-beta-lactamase NDM-1
QNN35451.1	NDM-1	270	Plasmid_associated	QNN35451.1 subclass B1 metallo-beta-lactamase NDM-1 (plasmid) [Providencia rettgeri]
QNP14511.1	NDM-1	270	Plasmid_associated	QNP14511.1 metallo-beta-lactamase NDM-1 (plasmid) [Citrobacter freundii]
QNP33648.1	NDM-1	270	Biological_protein	QNP33648.1 subclass B1 metallo-beta-lactamase NDM-1 [Leclercia adecarboxylata]
QOC54042.1	NDM-1	270	Plasmid_associated	QOC54042.1 subclass B1 metallo-beta-lactamase NDM-1 (plasmid) [Klebsiella pneumoniae]
QOC86743.1	NDM-1	270	Plasmid_associated	QOC86743.1 subclass B1 metallo-beta-lactamase NDM-1 (plasmid) [Klebsiella pneumoniae]
QOD37791.1	NDM-1	270	Plasmid_associated	QOD37791.1 subclass B1 metallo-beta-lactamase NDM-1 (plasmid) [Enterobacter hormaechei]
QOE89803.1	NDM-1	270	Plasmid_associated	QOE89803.1 subclass B1 metallo-beta-lactamase NDM-1 (plasmid) [Klebsiella pneumoniae]
QOJ62362.1	NDM-1	270	Plasmid_associated	QOJ62362.1 subclass B1 metallo-beta-lactamase NDM-1 (plasmid) [Acinetobacter baumannii]
QOR82586.1	NDM-1	270	Plasmid_associated	QOR82586.1 subclass B1 metallo-beta-lactamase NDM-1 (plasmid) [Klebsiella pneumoniae]
QOU65153.1	NDM-1	270	Plasmid_associated	QOU65153.1 subclass B1 metallo-beta-lactamase NDM-1 (plasmid) [Klebsiella pneumoniae]
QOW42313.1	NDM-1	270	Biological_protein	QOW42313.1 subclass B1 metallo-beta-lactamase NDM-1 [Acinetobacter indicus]
QOW42324.1	NDM-1	270	Biological_protein	QOW42324.1 subclass B1 metallo-beta-lactamase NDM-1 [Acinetobacter indicus]
QOW42334.1	NDM-1	270	Biological_protein	QOW42334.1 subclass B1 metallo-beta-lactamase NDM-1 [Acinetobacter indicus]
QOX16107.1	NDM-1	270	Plasmid_associated	QOX16107.1 subclass B1 metallo-beta-lactamase NDM-1 (plasmid) [Klebsiella pneumoniae]
QOX73525.1	NDM-1	270	Plasmid_associated	QOX73525.1 subclass B1 metallo-beta-lactamase NDM-1 (plasmid) [Enterobacter hormaechei]
QPA13313.1	NDM-1	270	Plasmid_associated	QPA13313.1 subclass B1 metallo-beta-lactamase NDM-1 (plasmid) [Klebsiella pneumoniae]
QPD68976.1	NDM-1	270	Plasmid_associated	QPD68976.1 subclass B1 metallo-beta-lactamase NDM-1 (plasmid) [Enterobacter hormaechei]
QPI77432.1	NDM-1	270	Biological_protein	QPI77432.1 subclass B1 metallo-beta-lactamase NDM-1 [Proteus mirabilis]
QPI77438.1	NDM-1	270	Biological_protein	QPI77438.1 subclass B1 metallo-beta-lactamase NDM-1 [Proteus mirabilis]
QPI91418.1	NDM-1	270	Biological_protein	QPI91418.1 subclass B1 metallo-beta-lactamase NDM-1 [Proteus mirabilis]
QPI91424.1	NDM-1	270	Biological_protein	QPI91424.1 subclass B1 metallo-beta-lactamase NDM-1 [Proteus mirabilis]
QPI94837.1	NDM-1	270	Biological_protein	QPI94837.1 subclass B1 metallo-beta-lactamase NDM-1 [Proteus mirabilis]
QPI99626.1	NDM-1	270	Biological_protein	QPI99626.1 subclass B1 metallo-beta-lactamase NDM-1 [Proteus mirabilis]
QPI99632.1	NDM-1	270	Biological_protein	QPI99632.1 subclass B1 metallo-beta-lactamase NDM-1 [Proteus mirabilis]
QPJ01660.1	NDM-1	270	Biological_protein	QPJ01660.1 subclass B1 metallo-beta-lactamase NDM-1 [Proteus mirabilis]
QPM49766.1	NDM-1	270	Plasmid_associated	QPM49766.1 subclass B1 metallo-beta-lactamase NDM-1 (plasmid) [Klebsiella pneumoniae]
QPM65432.1	NDM-1	270	Plasmid_associated	QPM65432.1 subclass B1 metallo-beta-lactamase NDM-1 (plasmid) [Klebsiella pneumoniae]
QPN91547.1	NDM-1	270	Plasmid_associated	QPN91547.1 subclass B1 metallo-beta-lactamase NDM-1 (plasmid) [Proteus vulgaris]
QPN99838.1	NDM-1	270	Biological_protein	QPN99838.1 subclass B1 metallo-beta-lactamase NDM-1 [Acinetobacter baumannii]
QPO03346.1	NDM-1	270	Biological_protein	QPO03346.1 subclass B1 metallo-beta-lactamase NDM-1 [Acinetobacter baumannii]
QPQ14064.1	NDM-1	270	Plasmid_associated	QPQ14064.1 subclass B1 metallo-beta-lactamase NDM-1 (plasmid) [Klebsiella michiganensis]
QQC81794.1	NDM-1	270	Biological_protein	QQC81794.1 subclass B1 metallo-beta-lactamase NDM-1 [Acinetobacter bereziniae]
QQM37950.1	NDM-1	270	Plasmid_associated	QQM37950.1 subclass B1 metallo-beta-lactamase NDM-1 (plasmid) [Escherichia coli]
QQM37961.1	NDM-1	270	Plasmid_associated	QQM37961.1 subclass B1 metallo-beta-lactamase NDM-1 (plasmid) [Escherichia coli]
QQN41155.1	NDM-1	270	Plasmid_associated	QQN41155.1 subclass B1 metallo-beta-lactamase NDM-1 (plasmid) [Acinetobacter sp. CS-2]
QQO71546.1	NDM-1	270	Biological_protein	QQO71546.1 subclass B1 metallo-beta-lactamase NDM-1 [Morganella morganii]
QQO71551.1	NDM-1	270	Biological_protein	QQO71551.1 subclass B1 metallo-beta-lactamase NDM-1 [Morganella morganii]
QQO71556.1	NDM-1	270	Biological_protein	QQO71556.1 subclass B1 metallo-beta-lactamase NDM-1 [Morganella morganii]
QQO71561.1	NDM-1	270	Biological_protein	QQO71561.1 subclass B1 metallo-beta-lactamase NDM-1 [Morganella morganii]
QQO71566.1	NDM-1	270	Biological_protein	QQO71566.1 subclass B1 metallo-beta-lactamase NDM-1 [Morganella morganii]
QQO71571.1	NDM-1	270	Biological_protein	QQO71571.1 subclass B1 metallo-beta-lactamase NDM-1 [Morganella morganii]
QQO71576.1	NDM-1	270	Biological_protein	QQO71576.1 subclass B1 metallo-beta-lactamase NDM-1 [Morganella morganii]
QQO71581.1	NDM-1	270	Biological_protein	QQO71581.1 subclass B1 metallo-beta-lactamase NDM-1 [Morganella morganii]
QQO71586.1	NDM-1	270	Biological_protein	QQO71586.1 subclass B1 metallo-beta-lactamase NDM-1 [Morganella morganii]
QQO71591.1	NDM-1	270	Biological_protein	QQO71591.1 subclass B1 metallo-beta-lactamase NDM-1 [Morganella morganii]
QQO71596.1	NDM-1	270	Biological_protein	QQO71596.1 subclass B1 metallo-beta-lactamase NDM-1 [Morganella morganii]
QQO71601.1	NDM-1	270	Biological_protein	QQO71601.1 subclass B1 metallo-beta-lactamase NDM-1 [Morganella morganii]
QQW45299.1	NDM-1	270	Plasmid_associated	QQW45299.1 subclass B1 metallo-beta-lactamase NDM-1 (plasmid) [Enterobacter hormaechei]
QRF10277.1	NDM-1	270	Plasmid_associated	QRF10277.1 subclass B1 metallo-beta-lactamase NDM-1 (plasmid) [Acinetobacter pittii]
QSA86463.1	NDM-1	270	Biological_protein	QSA86463.1 subclass B1 metallo-beta-lactamase NDM-1 [Pseudomonas aeruginosa]
QSA92439.1	NDM-1	270	Biological_protein	QSA92439.1 subclass B1 metallo-beta-lactamase NDM-1 [Pseudomonas aeruginosa]
QSF19198.1	NDM-1	270	Plasmid_associated	QSF19198.1 subclass B1 metallo-beta-lactamase NDM-1 (plasmid) [Klebsiella pneumoniae]
QSI15547.1	NDM-1	270	Plasmid_associated	QSI15547.1 subclass B1 metallo-beta-lactamase NDM-1 (plasmid) [Klebsiella quasipneumoniae]
QSI23959.1	NDM-1	270	Plasmid_associated	QSI23959.1 subclass B1 metallo-beta-lactamase NDM-1 (plasmid) [Proteus mirabilis]
QSI55107.1	NDM-1	270	Plasmid_associated	QSI55107.1 subclass B1 metallo-beta-lactamase NDM-1 (plasmid) [Klebsiella pneumoniae]
QSI60722.1	NDM-1	270	Plasmid_associated	QSI60722.1 subclass B1 metallo-beta-lactamase NDM-1 (plasmid) [Klebsiella pneumoniae]
QSI66280.1	NDM-1	270	Plasmid_associated	QSI66280.1 subclass B1 metallo-beta-lactamase NDM-1 (plasmid) [Klebsiella pneumoniae]
QSI71909.1	NDM-1	270	Plasmid_associated	QSI71909.1 subclass B1 metallo-beta-lactamase NDM-1 (plasmid) [Klebsiella pneumoniae]
QSQ06776.1	NDM-1	270	Plasmid_associated	QSQ06776.1 subclass B1 metallo-beta-lactamase NDM-1 (plasmid) [Klebsiella pneumoniae subsp. pneumoniae]
QTH55920.1	NDM-1	270	Biological_protein	QTH55920.1 subclass B1 metallo-beta-lactamase NDM-1 [Acinetobacter baumannii]
QTK22522.1	NDM-1	270	Plasmid_associated	QTK22522.1 New Dehli Metallo-betalactamase NDM-1 (plasmid) [Vibrio parahaemolyticus]
QTK43636.1	NDM-1	270	Biological_protein	QTK43636.1 subclass B1 metallo-beta-lactamase NDM-1 [Acinetobacter baumannii]
QTK51845.1	NDM-1	270	Biological_protein	QTK51845.1 subclass B1 metallo-beta-lactamase NDM-1 [Acinetobacter baumannii]
QTK56145.1	NDM-1	270	Biological_protein	QTK56145.1 subclass B1 metallo-beta-lactamase NDM-1 [Acinetobacter baumannii]
QTK60011.1	NDM-1	270	Biological_protein	QTK60011.1 subclass B1 metallo-beta-lactamase NDM-1 [Acinetobacter baumannii]
QTK64081.1	NDM-1	270	Biological_protein	QTK64081.1 subclass B1 metallo-beta-lactamase NDM-1 [Acinetobacter baumannii]
QTK72243.1	NDM-1	270	Biological_protein	QTK72243.1 subclass B1 metallo-beta-lactamase NDM-1 [Acinetobacter baumannii]
QTK68155.1	NDM-1	270	Biological_protein	QTK68155.1 subclass B1 metallo-beta-lactamase NDM-1 [Acinetobacter baumannii]
QTL08454.1	NDM-1	270	Biological_protein	QTL08454.1 subclass B1 metallo-beta-lactamase NDM-1 [Acinetobacter baumannii]
QTM22075.1	NDM-1	270	Plasmid_associated	QTM22075.1 subclass B1 metallo-beta-lactamase NDM-1 (plasmid) [Acinetobacter baumannii]
QTR64652.1	NDM-1	270	Plasmid_associated	QTR64652.1 subclass B1 metallo-beta-lactamase NDM-1 (plasmid) [Klebsiella pneumoniae subsp. pneumoniae]
QTR64968.1	NDM-1	270	Plasmid_associated	QTR64968.1 subclass B1 metallo-beta-lactamase NDM-1 (plasmid) [Klebsiella pneumoniae subsp. pneumoniae]
QTZ89696.1	NDM-1	270	Plasmid_associated	QTZ89696.1 NDM-1 metallo-beta-lactamase (plasmid) [Klebsiella pneumoniae]
QUC32511.1	NDM-1	270	Plasmid_associated	QUC32511.1 subclass B1 metallo-beta-lactamase NDM-1 (plasmid) [Citrobacter sedlakii]
QUC37484.1	NDM-1	270	Plasmid_associated	QUC37484.1 subclass B1 metallo-beta-lactamase NDM-1 (plasmid) [Escherichia coli]
QUC47621.1	NDM-1	270	Biological_protein	QUC47621.1 subclass B1 metallo-beta-lactamase NDM-1 [Klebsiella pneumoniae]
QUN60097.1	NDM-1	270	Plasmid_associated	QUN60097.1 subclass B1 metallo-beta-lactamase NDM-1 (plasmid) [Klebsiella quasipneumoniae]
QUW74013.1	NDM-1	270	Plasmid_associated	QUW74013.1 subclass B1 metallo-beta-lactamase NDM-1 (plasmid) [Klebsiella pneumoniae subsp. pneumoniae]
QUY09845.1	NDM-1	270	Plasmid_associated	QUY09845.1 subclass B1 metallo-beta-lactamase NDM-1 (plasmid) [Proteus mirabilis]
QUY38263.1	NDM-1	270	Plasmid_associated	QUY38263.1 subclass B1 metallo-beta-lactamase NDM-1 (plasmid) [Acinetobacter junii]
QVI02097.1	NDM-1	270	Plasmid_associated	QVI02097.1 subclass B1 metallo-beta-lactamase NDM-1 (plasmid) [Klebsiella pneumoniae]
QVI02353.1	NDM-1	270	Plasmid_associated	QVI02353.1 subclass B1 metallo-beta-lactamase NDM-1 (plasmid) [Klebsiella pneumoniae]
QVQ59616.1	NDM-1	270	Plasmid_associated	QVQ59616.1 subclass B1 metallo-beta-lactamase NDM-1 (plasmid) [Enterobacter cloacae complex sp.]
QVQ59938.1	NDM-1	270	Plasmid_associated	QVQ59938.1 subclass B1 metallo-beta-lactamase NDM-1 (plasmid) [Enterobacter cloacae complex sp.]
QVQ60220.1	NDM-1	270	Plasmid_associated	QVQ60220.1 subclass B1 metallo-beta-lactamase NDM-1 (plasmid) [Enterobacter cloacae complex sp.]
QVQ60239.1	NDM-1	270	Plasmid_associated	QVQ60239.1 subclass B1 metallo-beta-lactamase NDM-1 (plasmid) [Enterobacter cloacae complex sp.]
QVQ60280.1	NDM-1	244	Plasmid_associated	QVQ60280.1 subclass B1 metallo-beta-lactamase NDM-1 (plasmid) [Enterobacter cloacae complex sp.]
QVQ62274.1	NDM-1	270	Plasmid_associated	QVQ62274.1 subclass B1 metallo-beta-lactamase NDM-1 (plasmid) [Klebsiella pneumoniae]
QVQ62414.1	NDM-1	270	Plasmid_associated	QVQ62414.1 subclass B1 metallo-beta-lactamase NDM-1 (plasmid) [Klebsiella pneumoniae]
QVQ62672.1	NDM-1	270	Plasmid_associated	QVQ62672.1 subclass B1 metallo-beta-lactamase NDM-1 (plasmid) [Klebsiella pneumoniae]
QVQ62721.1	NDM-1	270	Plasmid_associated	QVQ62721.1 subclass B1 metallo-beta-lactamase NDM-1 (plasmid) [Klebsiella pneumoniae]
QVQ74528.1	NDM-1	270	Biological_protein	QVQ74528.1 subclass B1 metallo-beta-lactamase NDM-1 [Pseudomonas aeruginosa]
QWA93091.1	NDM-1	270	Plasmid_associated	QWA93091.1 subclass B1 metallo-beta-lactamase NDM-1 (plasmid) [Klebsiella michiganensis]
QWB04373.1	NDM-1	270	Plasmid_associated	QWB04373.1 subclass B1 metallo-beta-lactamase NDM-1 (plasmid) [Klebsiella pneumoniae]
BCX80333.1	NDM-1	270	Biological_protein	BCX80333.1 subclass B1 metallo-beta-lactamase NDM-1 [Pseudomonas aeruginosa]
BCX80346.1	NDM-1	270	Biological_protein	BCX80346.1 subclass B1 metallo-beta-lactamase NDM-1 [Pseudomonas aeruginosa]
QWQ34623.1	NDM-1	270	Plasmid_associated	QWQ34623.1 subclass B1 metallo-beta-lactamase NDM-1 (plasmid) [Klebsiella pneumoniae]
QWS86527.1	NDM-1	270	Plasmid_associated	QWS86527.1 subclass B1 metallo-beta-lactamase NDM-1 (plasmid) [Enterobacter hormaechei]
QWS95845.1	NDM-1	270	Plasmid_associated	QWS95845.1 subclass B1 metallo-beta-lactamase NDM-1 (plasmid) [Escherichia coli]
QWS96077.1	NDM-1	270	Plasmid_associated	QWS96077.1 subclass B1 metallo-beta-lactamase NDM-1 (plasmid) [Klebsiella pneumoniae]
QWT01178.1	NDM-1	270	Plasmid_associated	QWT01178.1 subclass B1 metallo-beta-lactamase NDM-1 (plasmid) [Klebsiella pneumoniae]
QWT06161.1	NDM-1	270	Plasmid_associated	QWT06161.1 subclass B1 metallo-beta-lactamase NDM-1 (plasmid) [Klebsiella pneumoniae]
QWV39109.1	NDM-1	270	Biological_protein	QWV39109.1 subclass B1 metallo-beta-lactamase NDM-1 [Proteus mirabilis]
QWY93939.1	NDM-1	270	Biological_protein	QWY93939.1 subclass B1 metallo-beta-lactamase NDM-1 [Klebsiella pneumoniae]
QWY93940.1	NDM-1	270	Biological_protein	QWY93940.1 subclass B1 metallo-beta-lactamase NDM-1 [Klebsiella pneumoniae]
QWY93941.1	NDM-1	270	Biological_protein	QWY93941.1 subclass B1 metallo-beta-lactamase NDM-1 [Klebsiella pneumoniae]
QWY93942.1	NDM-1	270	Biological_protein	QWY93942.1 subclass B1 metallo-beta-lactamase NDM-1 [Klebsiella pneumoniae]
QWY93943.1	NDM-1	270	Biological_protein	QWY93943.1 subclass B1 metallo-beta-lactamase NDM-1 [Klebsiella pneumoniae]
QXG68323.1	NDM-1	270	Plasmid_associated	QXG68323.1 subclass B1 metallo-beta-lactamase NDM-1 (plasmid) [Klebsiella pneumoniae]
QXL79515.1	NDM-1	270	Plasmid_associated	QXL79515.1 Metallo-beta-lactamase NDM-1 (plasmid) [Proteus mirabilis]
QXN27475.1	NDM-1	270	Plasmid_associated	QXN27475.1 subclass B1 metallo-beta-lactamase NDM-1 (plasmid) [Shewanella putrefaciens]
QXO01810.1	NDM-1	270	Plasmid_associated	QXO01810.1 subclass B1 metallo-beta-lactamase NDM-1 (plasmid) [Klebsiella variicola]
QXR12261.1	NDM-1	270	Plasmid_associated	QXR12261.1 subclass B1 metallo-beta-lactamase NDM-1 (plasmid) [Acinetobacter junii]
QXR17577.1	NDM-1	270	Plasmid_associated	QXR17577.1 subclass B1 metallo-beta-lactamase NDM-1 (plasmid) [Klebsiella pneumoniae]
QXR19618.1	NDM-1	270	Biological_protein	QXR19618.1 subclass B1 metallo-beta-lactamase NDM-1 [Acinetobacter variabilis]
QXR26172.1	NDM-1	270	Plasmid_associated	QXR26172.1 subclass B1 metallo-beta-lactamase NDM-1 (plasmid) [Citrobacter freundii]
QXR29368.1	NDM-1	270	Plasmid_associated	QXR29368.1 subclass B1 metallo-beta-lactamase NDM-1 (plasmid) [Acinetobacter junii]
QXR34178.1	NDM-1	270	Plasmid_associated	QXR34178.1 subclass B1 metallo-beta-lactamase NDM-1 (plasmid) [Enterobacter hormaechei]
QXR35005.1	NDM-1	270	Biological_protein	QXR35005.1 subclass B1 metallo-beta-lactamase NDM-1 [Alcaligenes aquatilis]
QYA56739.1	NDM-1	270	Plasmid_associated	QYA56739.1 subclass B1 metallo-beta-lactamase NDM-1 (plasmid) [Acinetobacter johnsonii]
QYC50764.1	NDM-1	270	Biological_protein	QYC50764.1 subclass B1 metallo-beta-lactamase NDM-1 [Proteus mirabilis]
QYJ62918.1	NDM-1	270	Biological_protein	QYJ62918.1 subclass B1 metallo-beta-lactamase NDM-1 [Klebsiella pneumoniae]
QYJ62919.1	NDM-1	270	Biological_protein	QYJ62919.1 subclass B1 metallo-beta-lactamase NDM-1 [Klebsiella pneumoniae]
QYJ62920.1	NDM-1	270	Biological_protein	QYJ62920.1 subclass B1 metallo-beta-lactamase NDM-1 [Klebsiella pneumoniae]
QYJ62921.1	NDM-1	270	Biological_protein	QYJ62921.1 subclass B1 metallo-beta-lactamase NDM-1 [Klebsiella pneumoniae]
QYJ62922.1	NDM-1	270	Biological_protein	QYJ62922.1 subclass B1 metallo-beta-lactamase NDM-1 [Klebsiella pneumoniae]
QYJ62923.1	NDM-1	270	Biological_protein	QYJ62923.1 subclass B1 metallo-beta-lactamase NDM-1 [Klebsiella pneumoniae]
QYJ62924.1	NDM-1	270	Biological_protein	QYJ62924.1 subclass B1 metallo-beta-lactamase NDM-1 [Klebsiella pneumoniae]
QYJ62925.1	NDM-1	270	Biological_protein	QYJ62925.1 subclass B1 metallo-beta-lactamase NDM-1 [Klebsiella pneumoniae]
QYJ62926.1	NDM-1	270	Biological_protein	QYJ62926.1 subclass B1 metallo-beta-lactamase NDM-1 [Klebsiella pneumoniae]
QYJ62927.1	NDM-1	270	Biological_protein	QYJ62927.1 subclass B1 metallo-beta-lactamase NDM-1 [Klebsiella pneumoniae]
QYJ62928.1	NDM-1	270	Biological_protein	QYJ62928.1 subclass B1 metallo-beta-lactamase NDM-1 [Klebsiella pneumoniae]
QYJ62929.1	NDM-1	270	Biological_protein	QYJ62929.1 subclass B1 metallo-beta-lactamase NDM-1 [Klebsiella pneumoniae]
QYJ62930.1	NDM-1	270	Biological_protein	QYJ62930.1 subclass B1 metallo-beta-lactamase NDM-1 [Klebsiella pneumoniae]
QYJ62931.1	NDM-1	270	Biological_protein	QYJ62931.1 subclass B1 metallo-beta-lactamase NDM-1 [Klebsiella pneumoniae]
QYJ62932.1	NDM-1	270	Biological_protein	QYJ62932.1 subclass B1 metallo-beta-lactamase NDM-1 [Klebsiella pneumoniae]
QYJ62933.1	NDM-1	270	Biological_protein	QYJ62933.1 subclass B1 metallo-beta-lactamase NDM-1 [Klebsiella pneumoniae]
QYJ62934.1	NDM-1	270	Biological_protein	QYJ62934.1 subclass B1 metallo-beta-lactamase NDM-1 [Klebsiella pneumoniae]
QYJ62935.1	NDM-1	270	Biological_protein	QYJ62935.1 subclass B1 metallo-beta-lactamase NDM-1 [Klebsiella pneumoniae]
QYJ62936.1	NDM-1	270	Biological_protein	QYJ62936.1 subclass B1 metallo-beta-lactamase NDM-1 [Escherichia coli]
QYJ62937.1	NDM-1	270	Biological_protein	QYJ62937.1 subclass B1 metallo-beta-lactamase NDM-1 [Escherichia coli]
QYJ62938.1	NDM-1	270	Biological_protein	QYJ62938.1 subclass B1 metallo-beta-lactamase NDM-1 [Escherichia coli]
QYJ62939.1	NDM-1	270	Biological_protein	QYJ62939.1 subclass B1 metallo-beta-lactamase NDM-1 [Escherichia coli]
QYJ62940.1	NDM-1	270	Biological_protein	QYJ62940.1 subclass B1 metallo-beta-lactamase NDM-1 [Escherichia coli]
QYJ62941.1	NDM-1	270	Biological_protein	QYJ62941.1 subclass B1 metallo-beta-lactamase NDM-1 [Escherichia coli]
QYJ62942.1	NDM-1	270	Biological_protein	QYJ62942.1 subclass B1 metallo-beta-lactamase NDM-1 [Escherichia coli]
QYJ62943.1	NDM-1	270	Biological_protein	QYJ62943.1 subclass B1 metallo-beta-lactamase NDM-1 [Escherichia coli]
QYJ62944.1	NDM-1	270	Biological_protein	QYJ62944.1 subclass B1 metallo-beta-lactamase NDM-1 [Escherichia coli]
QYJ62945.1	NDM-1	270	Biological_protein	QYJ62945.1 subclass B1 metallo-beta-lactamase NDM-1 [Escherichia coli]
QYJ62946.1	NDM-1	270	Biological_protein	QYJ62946.1 subclass B1 metallo-beta-lactamase NDM-1 [Escherichia coli]
QYJ62947.1	NDM-1	270	Biological_protein	QYJ62947.1 subclass B1 metallo-beta-lactamase NDM-1 [Escherichia coli]
QYJ62948.1	NDM-1	270	Biological_protein	QYJ62948.1 subclass B1 metallo-beta-lactamase NDM-1 [Escherichia coli]
QYJ62949.1	NDM-1	270	Biological_protein	QYJ62949.1 subclass B1 metallo-beta-lactamase NDM-1 [Escherichia coli]
QYJ62950.1	NDM-1	270	Biological_protein	QYJ62950.1 subclass B1 metallo-beta-lactamase NDM-1 [Escherichia coli]
QYJ62951.1	NDM-1	270	Biological_protein	QYJ62951.1 subclass B1 metallo-beta-lactamase NDM-1 [Escherichia coli]
QYJ62952.1	NDM-1	270	Biological_protein	QYJ62952.1 subclass B1 metallo-beta-lactamase NDM-1 [Escherichia coli]
QYJ62953.1	NDM-1	270	Biological_protein	QYJ62953.1 subclass B1 metallo-beta-lactamase NDM-1 [Escherichia coli]
QYJ62954.1	NDM-1	270	Biological_protein	QYJ62954.1 subclass B1 metallo-beta-lactamase NDM-1 [Escherichia coli]
QYJ62955.1	NDM-1	270	Biological_protein	QYJ62955.1 subclass B1 metallo-beta-lactamase NDM-1 [Escherichia coli]
QYJ62956.1	NDM-1	270	Biological_protein	QYJ62956.1 subclass B1 metallo-beta-lactamase NDM-1 [Escherichia coli]
QYJ62957.1	NDM-1	270	Biological_protein	QYJ62957.1 subclass B1 metallo-beta-lactamase NDM-1 [Escherichia coli]
QYJ62958.1	NDM-1	270	Biological_protein	QYJ62958.1 subclass B1 metallo-beta-lactamase NDM-1 [Escherichia coli]
QYJ62959.1	NDM-1	270	Biological_protein	QYJ62959.1 subclass B1 metallo-beta-lactamase NDM-1 [Escherichia coli]
QYJ62960.1	NDM-1	270	Biological_protein	QYJ62960.1 subclass B1 metallo-beta-lactamase NDM-1 [Escherichia coli]
QYJ62961.1	NDM-1	270	Biological_protein	QYJ62961.1 subclass B1 metallo-beta-lactamase NDM-1 [Escherichia coli]
QYJ62962.1	NDM-1	270	Biological_protein	QYJ62962.1 subclass B1 metallo-beta-lactamase NDM-1 [Escherichia coli]
QYJ62963.1	NDM-1	270	Biological_protein	QYJ62963.1 subclass B1 metallo-beta-lactamase NDM-1 [Escherichia coli]
QYJ62964.1	NDM-1	270	Biological_protein	QYJ62964.1 subclass B1 metallo-beta-lactamase NDM-1 [Escherichia coli]
QYJ62965.1	NDM-1	270	Biological_protein	QYJ62965.1 subclass B1 metallo-beta-lactamase NDM-1 [Escherichia coli]
QYM51690.1	NDM-1	270	Plasmid_associated	QYM51690.1 subclass B1 metallo-beta-lactamase NDM-1 (plasmid) [Enterobacter hormaechei]
QYO53923.1	NDM-1	270	Plasmid_associated	QYO53923.1 subclass B1 metallo-beta-lactamase NDM-1 (plasmid) [Citrobacter braakii]
QZD48454.1	NDM-1	270	Plasmid_associated	QZD48454.1 subclass B1 metallo-beta-lactamase NDM-1 (plasmid) [Salmonella enterica]
QZD53315.1	NDM-1	270	Plasmid_associated	QZD53315.1 subclass B1 metallo-beta-lactamase NDM-1 (plasmid) [Escherichia coli]
QZS67011.1	NDM-1	270	Plasmid_associated	QZS67011.1 subclass B1 metallo-beta-lactamase NDM-1 (plasmid) [Klebsiella planticola]
QZS67355.1	NDM-1	270	Plasmid_associated	QZS67355.1 subclass B1 metallo-beta-lactamase NDM-1 (plasmid) [Klebsiella planticola]
UAL36983.1	NDM-1	270	Plasmid_associated	UAL36983.1 subclass B1 metallo-beta-lactamase NDM-1 (plasmid) [Klebsiella aerogenes]
UBK08075.1	NDM-1	270	Biological_protein	UBK08075.1 subclass B1 metallo-beta-lactamase NDM-1 [Acinetobacter baumannii]
UCQ59513.1	NDM-1	270	Plasmid_associated	UCQ59513.1 subclass B1 metallo-beta-lactamase NDM-1 (plasmid) [Klebsiella pneumoniae subsp. pneumoniae]
UBU47174.1	NDM-1	270	Plasmid_associated	UBU47174.1 subclass B1 metallo-beta-lactamase NDM-1 (plasmid) [Klebsiella pneumoniae]
UCZ49423.1	NDM-1	270	Plasmid_associated	UCZ49423.1 NDM-1 (plasmid) [Klebsiella pneumoniae]
UDN38399.1	NDM-1	270	Plasmid_associated	UDN38399.1 subclass B1 metallo-beta-lactamase NDM-1 (plasmid) [Proteus sp. NMG38-2]
UFH89128.1	NDM-1	270	Plasmid_associated	UFH89128.1 subclass B1 metallo-beta-lactamase NDM-1 (plasmid) [Klebsiella pneumoniae]
UFH94929.1	NDM-1	270	Plasmid_associated	UFH94929.1 subclass B1 metallo-beta-lactamase NDM-1 (plasmid) [Klebsiella pneumoniae]
UFN52923.1	NDM-1	270	Biological_protein	UFN52923.1 subclass B1 metallo-beta-lactamase NDM-1 [Acinetobacter pittii]
UFN55507.1	NDM-1	270	Plasmid_associated	UFN55507.1 subclass B1 metallo-beta-lactamase NDM-1 (plasmid) [Acinetobacter pittii]
UGL95779.1	NDM-1	270	Plasmid_associated	UGL95779.1 subclass B1 metallo-beta-lactamase NDM-1 (plasmid) [Klebsiella pneumoniae]
UGM07471.1	NDM-1	270	Plasmid_associated	UGM07471.1 subclass B1 metallo-beta-lactamase NDM-1 (plasmid) [Klebsiella pneumoniae]
UGM13361.1	NDM-1	270	Plasmid_associated	UGM13361.1 subclass B1 metallo-beta-lactamase NDM-1 (plasmid) [Klebsiella pneumoniae]
UGM56543.1	NDM-1	270	Plasmid_associated	UGM56543.1 subclass B1 metallo-beta-lactamase NDM-1 (plasmid) [Klebsiella pneumoniae]
UGS29182.1	NDM-1	270	Plasmid_associated	UGS29182.1 subclass B1 metallo-beta-lactamase NDM-1 (plasmid) [Escherichia coli]
UIE03690.1	NDM-1	270	Biological_protein	UIE03690.1 subclass B1 metallo-beta-lactamase NDM-1 [Pseudomonas aeruginosa]
UII83528.1	NDM-1	270	Biological_protein	UII83528.1 subclass B1 metallo-beta-lactamase NDM-1 [Enterobacter cloacae]
UII83529.1	NDM-1	270	Biological_protein	UII83529.1 subclass B1 metallo-beta-lactamase NDM-1 [Enterobacter cloacae]
UII83530.1	NDM-1	270	Biological_protein	UII83530.1 subclass B1 metallo-beta-lactamase NDM-1 [Enterobacter cloacae]
UII83531.1	NDM-1	270	Biological_protein	UII83531.1 subclass B1 metallo-beta-lactamase NDM-1 [Escherichia coli]
UII83532.1	NDM-1	270	Biological_protein	UII83532.1 subclass B1 metallo-beta-lactamase NDM-1 [Escherichia coli]
UII83533.1	NDM-1	270	Biological_protein	UII83533.1 subclass B1 metallo-beta-lactamase NDM-1 [Escherichia coli]
UII83534.1	NDM-1	270	Biological_protein	UII83534.1 subclass B1 metallo-beta-lactamase NDM-1 [Escherichia coli]
UII83535.1	NDM-1	270	Biological_protein	UII83535.1 subclass B1 metallo-beta-lactamase NDM-1 [Escherichia coli]
UII83536.1	NDM-1	270	Biological_protein	UII83536.1 subclass B1 metallo-beta-lactamase NDM-1 [Escherichia coli]
UII83542.1	NDM-1	270	Biological_protein	UII83542.1 subclass B1 metallo-beta-lactamase NDM-1 [Klebsiella pneumoniae]
UII83543.1	NDM-1	270	Biological_protein	UII83543.1 subclass B1 metallo-beta-lactamase NDM-1 [Klebsiella pneumoniae]
UII83544.1	NDM-1	270	Biological_protein	UII83544.1 subclass B1 metallo-beta-lactamase NDM-1 [Klebsiella pneumoniae]
UII83545.1	NDM-1	270	Biological_protein	UII83545.1 subclass B1 metallo-beta-lactamase NDM-1 [Klebsiella pneumoniae]
UII83546.1	NDM-1	270	Biological_protein	UII83546.1 subclass B1 metallo-beta-lactamase NDM-1 [Klebsiella pneumoniae]
UII83547.1	NDM-1	270	Biological_protein	UII83547.1 subclass B1 metallo-beta-lactamase NDM-1 [Klebsiella pneumoniae]
UII83548.1	NDM-1	270	Biological_protein	UII83548.1 subclass B1 metallo-beta-lactamase NDM-1 [Klebsiella pneumoniae]
UIK22228.1	NDM-1	270	Biological_protein	UIK22228.1 subclass B1 metallo-beta-lactamase NDM-1, partial [Salmonella enterica subsp. enterica serovar Enteritidis]
UIL26189.1	NDM-1	270	Plasmid_associated	UIL26189.1 subclass B1 metallo-beta-lactamase NDM-1 (plasmid) [Klebsiella pneumoniae]
UIM30276.1	NDM-1	270	Plasmid_associated	UIM30276.1 subclass B1 metallo-beta-lactamase NDM-1 (plasmid) [Klebsiella pneumoniae]
UIP26562.1	NDM-1	270	Plasmid_associated	UIP26562.1 subclass B1 metallo-beta-lactamase NDM-1 (plasmid) [Acinetobacter towneri]
UIR28342.1	NDM-1	270	Plasmid_associated	UIR28342.1 subclass B1 metallo-beta-lactamase NDM-1 (plasmid) [Klebsiella pneumoniae]
UIX51533.1	NDM-1	270	Plasmid_associated	UIX51533.1 Metallo-beta-lactamase NDM-1 (plasmid) [Enterobacter cloacae]
UIX51637.1	NDM-1	270	Plasmid_associated	UIX51637.1 Metallo-beta-lactamase NDM-1 (plasmid) [Klebsiella pneumoniae]
UIZ59098.1	NDM-1	270	Plasmid_associated	UIZ59098.1 subclass B1 metallo-beta-lactamase NDM-1 (plasmid) [Acinetobacter sp. SCLZS86]
UJM14231.1	NDM-1	270	Biological_protein	UJM14231.1 subclass B1 metallo-beta-lactamase NDM-1 [Pseudomonas juntendi]
UKB67651.1	NDM-1	270	Plasmid_associated	UKB67651.1 subclass B1 metallo-beta-lactamase NDM-1 (plasmid) [Enterobacter cloacae complex sp. ECL414]
UKB52469.1	NDM-1	270	Plasmid_associated	UKB52469.1 subclass B1 metallo-beta-lactamase NDM-1 (plasmid) [Enterobacter cloacae complex sp. ECL404]
UKB62820.1	NDM-1	270	Plasmid_associated	UKB62820.1 subclass B1 metallo-beta-lactamase NDM-1 (plasmid) [Enterobacter cloacae complex sp. ECL411]
UKD32987.1	NDM-1	270	Biological_protein	UKD32987.1 subclass B1 metallo-beta-lactamase NDM-1 [Acinetobacter baumannii]
UKD40484.1	NDM-1	270	Plasmid_associated	UKD40484.1 subclass B1 metallo-beta-lactamase NDM-1 (plasmid) [Klebsiella pneumoniae]
UKV71260.1	NDM-1	270	Plasmid_associated	UKV71260.1 subclass B1 metallo-beta-lactamase NDM-1 (plasmid) [Klebsiella pneumoniae]
CAC9178552.1	NDM-1	270	Precursor	CAC9178552.1 Beta-lactamase NDM-1 precursor [Providencia rettgeri]
CAB5600385.1	NDM-1	270	Precursor	CAB5600385.1 Beta-lactamase NDM-1 precursor [Providencia rettgeri]
CAC9289903.1	NDM-1	270	Precursor	CAC9289903.1 Beta-lactamase NDM-1 precursor [Providencia rettgeri]
CAC9262146.1	NDM-1	270	Precursor	CAC9262146.1 Beta-lactamase NDM-1 precursor [Providencia rettgeri]
CAB5716277.1	NDM-1	270	Precursor	CAB5716277.1 Beta-lactamase NDM-1 precursor [Providencia rettgeri]
CAB5652305.1	NDM-1	270	Precursor	CAB5652305.1 Beta-lactamase NDM-1 precursor [Providencia rettgeri]
CAC9201310.1	NDM-1	270	Precursor	CAC9201310.1 Beta-lactamase NDM-1 precursor [Citrobacter youngae]
CAC9207018.1	NDM-1	270	Precursor	CAC9207018.1 Beta-lactamase NDM-1 precursor [Escherichia coli]
CAB5611403.1	NDM-1	270	Precursor	CAB5611403.1 Beta-lactamase NDM-1 precursor [Citrobacter youngae]
CAC9192395.1	NDM-1	270	Precursor	CAC9192395.1 Beta-lactamase NDM-1 precursor [Klebsiella pneumoniae]
CAC9212410.1	NDM-1	270	Precursor	CAC9212410.1 Beta-lactamase NDM-1 precursor [Citrobacter werkmanii]
CAB5609895.1	NDM-1	270	Precursor	CAB5609895.1 Beta-lactamase NDM-1 precursor [Escherichia coli]
CAC9324574.1	NDM-1	270	Precursor	CAC9324574.1 Beta-lactamase NDM-1 precursor [Citrobacter werkmanii]
CAC9196156.1	NDM-1	270	Precursor	CAC9196156.1 Beta-lactamase NDM-1 precursor [Citrobacter werkmanii]
CAC9300868.1	NDM-1	270	Precursor	CAC9300868.1 Beta-lactamase NDM-1 precursor [Citrobacter werkmanii]
CAC9265251.1	NDM-1	270	Precursor	CAC9265251.1 Beta-lactamase NDM-1 precursor [Citrobacter werkmanii]
CAC9213135.1	NDM-1	270	Precursor	CAC9213135.1 Beta-lactamase NDM-1 precursor [Citrobacter werkmanii]
CAC9335096.1	NDM-1	270	Precursor	CAC9335096.1 Beta-lactamase NDM-1 precursor [Citrobacter werkmanii]
CAC9227807.1	NDM-1	270	Precursor	CAC9227807.1 Beta-lactamase NDM-1 precursor [Citrobacter werkmanii]
CAC9216079.1	NDM-1	270	Precursor	CAC9216079.1 Beta-lactamase NDM-1 precursor [Citrobacter werkmanii]
CAB5624690.1	NDM-1	270	Precursor	CAB5624690.1 Beta-lactamase NDM-1 precursor [Klebsiella pneumoniae]
CAB5634821.1	NDM-1	270	Precursor	CAB5634821.1 Beta-lactamase NDM-1 precursor [Citrobacter werkmanii]
CAB5625577.1	NDM-1	270	Precursor	CAB5625577.1 Beta-lactamase NDM-1 precursor [Citrobacter werkmanii]
CAB5634415.1	NDM-1	270	Precursor	CAB5634415.1 Beta-lactamase NDM-1 precursor [Citrobacter werkmanii]
CAB5685595.1	NDM-1	270	Precursor	CAB5685595.1 Beta-lactamase NDM-1 precursor [Citrobacter werkmanii]
CAB5632976.1	NDM-1	270	Precursor	CAB5632976.1 Beta-lactamase NDM-1 precursor [Citrobacter werkmanii]
CAB5634297.1	NDM-1	270	Precursor	CAB5634297.1 Beta-lactamase NDM-1 precursor [Citrobacter werkmanii]
CAB5591519.1	NDM-1	270	Precursor	CAB5591519.1 Beta-lactamase NDM-1 precursor [Citrobacter werkmanii]
CAB5613135.1	NDM-1	270	Precursor	CAB5613135.1 Beta-lactamase NDM-1 precursor [Citrobacter werkmanii]
CAB5723387.1	NDM-1	270	Precursor	CAB5723387.1 Beta-lactamase NDM-1 precursor [Citrobacter werkmanii]
ULF67445.1	NDM-1	270	Plasmid_associated	ULF67445.1 subclass B1 metallo-beta-lactamase NDM-1 (plasmid) [Klebsiella michiganensis]
ULH02025.1	NDM-1	270	Biological_protein	ULH02025.1 subclass B1 metallo-beta-lactamase NDM-1 [Aeromonas caviae]
ULN05410.1	NDM-1	270	Plasmid_associated	ULN05410.1 subclass B1 metallo-beta-lactamase NDM-1 (plasmid) [Klebsiella pneumoniae]
ULN14944.1	NDM-1	270	Plasmid_associated	ULN14944.1 subclass B1 metallo-beta-lactamase NDM-1 (plasmid) [Klebsiella pneumoniae]
ULN20562.1	NDM-1	270	Plasmid_associated	ULN20562.1 subclass B1 metallo-beta-lactamase NDM-1 (plasmid) [Klebsiella pneumoniae]
ULN26108.1	NDM-1	270	Plasmid_associated	ULN26108.1 subclass B1 metallo-beta-lactamase NDM-1 (plasmid) [Klebsiella pneumoniae]
UMB67244.1	NDM-1	270	Plasmid_associated	UMB67244.1 subclass B1 metallo-beta-lactamase NDM-1 (plasmid) [Citrobacter freundii]
UMD26333.1	NDM-1	270	Plasmid_associated	UMD26333.1 subclass B1 metallo-beta-lactamase NDM-1 (plasmid) [Klebsiella pneumoniae]
UMG38616.1	NDM-1	270	Plasmid_associated	UMG38616.1 subclass B1 metallo-beta-lactamase NDM-1 (plasmid) [Klebsiella pneumoniae]
UMK30135.1	NDM-1	270	Plasmid_associated	UMK30135.1 subclass B1 metallo-beta-lactamase NDM-1 (plasmid) [Klebsiella pneumoniae]
pdb|7CT2|A	NDM-1	252	PDB_structure	pdb|7CT2|A Chain A, Metallo beta lactamase NDM-1
pdb|7CT2|B	NDM-1	252	PDB_structure	pdb|7CT2|B Chain B, Metallo beta lactamase NDM-1
pdb|7CT2|C	NDM-1	252	PDB_structure	pdb|7CT2|C Chain C, Metallo beta lactamase NDM-1
pdb|7CT2|D	NDM-1	252	PDB_structure	pdb|7CT2|D Chain D, Metallo beta lactamase NDM-1
UMN40673.1	NDM-1	270	Biological_protein	UMN40673.1 subclass B1 metallo-beta-lactamase NDM-1 [Acinetobacter baumannii]
UMW94934.1	NDM-1	270	Plasmid_associated	UMW94934.1 NDM-1 (plasmid) [Escherichia coli]
UMZ80793.1	NDM-1	270	Plasmid_associated	UMZ80793.1 metallo-beta-lactamase NDM-1 (plasmid) [Klebsiella pneumoniae]
UND51839.1	NDM-1	270	Plasmid_associated	UND51839.1 subclass B1 metallo-beta-lactamase NDM-1 (plasmid) [Escherichia coli]
UND70463.1	NDM-1	270	Plasmid_associated	UND70463.1 subclass B1 metallo-beta-lactamase NDM-1 (plasmid) [Escherichia coli O157:H7 str. EC10]
UND75288.1	NDM-1	270	Plasmid_associated	UND75288.1 subclass B1 metallo-beta-lactamase NDM-1 (plasmid) [Escherichia coli]
UND80087.1	NDM-1	270	Plasmid_associated	UND80087.1 subclass B1 metallo-beta-lactamase NDM-1 (plasmid) [Escherichia coli]
UNG07718.1	NDM-1	270	Plasmid_associated	UNG07718.1 subclass B1 metallo-beta-lactamase NDM-1 (plasmid) [Enterobacter asburiae]
UNH55375.1	NDM-1	270	Plasmid_associated	UNH55375.1 subclass B1 metallo-beta-lactamase NDM-1 (plasmid) [Klebsiella pneumoniae]
UNN27230.1	NDM-1	270	Plasmid_associated	UNN27230.1 subclass B1 metallo-beta-lactamase NDM-1, partial (plasmid) [Klebsiella pneumoniae]
UNS24472.1	NDM-1	270	Plasmid_associated	UNS24472.1 subclass B1 metallo-beta-lactamase NDM-1 (plasmid) [Citrobacter werkmanii]
UNS80588.1	NDM-1	270	Biological_protein	UNS80588.1 subclass B1 metallo-beta-lactamase NDM-1 [Klebsiella pneumoniae]
UNS83794.1	NDM-1	270	Plasmid_associated	UNS83794.1 subclass B1 metallo-beta-lactamase NDM-1 (plasmid) [Klebsiella pneumoniae]
UNX38697.1	NDM-1	270	Plasmid_associated	UNX38697.1 subclass B1 metallo-beta-lactamase NDM-1 (plasmid) [Klebsiella pneumoniae]
UNM48758.1	NDM-1	270	Plasmid_associated	UNM48758.1 subclass B1 metallo-beta-lactamase NDM-1 (plasmid) [Klebsiella pneumoniae]
UNM38615.1	NDM-1	270	Plasmid_associated	UNM38615.1 subclass B1 metallo-beta-lactamase NDM-1 (plasmid) [Klebsiella pneumoniae subsp. pneumoniae]
UNM28316.1	NDM-1	270	Plasmid_associated	UNM28316.1 subclass B1 metallo-beta-lactamase NDM-1 (plasmid) [Klebsiella pneumoniae]
UOF38913.1	NDM-1	270	Plasmid_associated	UOF38913.1 subclass B1 metallo-beta-lactamase NDM-1 (plasmid) [Escherichia coli]
UOL51977.1	NDM-1	270	Plasmid_associated	UOL51977.1 metallo-beta-lactamase NDM-1 (plasmid) [Enterobacter hormaechei subsp. steigerwaltii]
UOL52002.1	NDM-1	270	Plasmid_associated	UOL52002.1 metallo-beta-lactamase NDM-1 (plasmid) [Enterobacter hormaechei subsp. steigerwaltii]
UOL52134.1	NDM-1	270	Plasmid_associated	UOL52134.1 metallo-beta-lactamase NDM-1 (plasmid) [Enterobacter hormaechei subsp. steigerwaltii]
UOL52343.1	NDM-1	270	Plasmid_associated	UOL52343.1 metallo-beta-lactamase NDM-1 (plasmid) [Enterobacter hormaechei subsp. steigerwaltii]
UOL52534.1	NDM-1	270	Plasmid_associated	UOL52534.1 metallo-beta-lactamase NDM-1 (plasmid) [Enterobacter hormaechei subsp. xiangfangensis]
UOL52639.1	NDM-1	270	Plasmid_associated	UOL52639.1 metallo-beta-lactamase NDM-1 (plasmid) [Enterobacter hormaechei subsp. xiangfangensis]
UOL52742.1	NDM-1	270	Plasmid_associated	UOL52742.1 metallo-beta-lactamase NDM-1 (plasmid) [Enterobacter hormaechei subsp. xiangfangensis]
UOL52876.1	NDM-1	270	Plasmid_associated	UOL52876.1 metallo-beta-lactamase NDM-1 (plasmid) [Enterobacter hormaechei subsp. oharae]
UOL52977.1	NDM-1	270	Plasmid_associated	UOL52977.1 metallo-beta-lactamase NDM-1 (plasmid) [Enterobacter hormaechei subsp. steigerwaltii]
UON99998.1	NDM-1	270	Plasmid_associated	UON99998.1 subclass B1 metallo-beta-lactamase NDM-1 (plasmid) [Klebsiella michiganensis]
UOO52714.1	NDM-1	270	Plasmid_associated	UOO52714.1 subclass B1 metallo-beta-lactamase NDM-1 (plasmid) [Klebsiella pneumoniae]
UOZ34776.1	NDM-1	270	Plasmid_associated	UOZ34776.1 subclass B1 metallo-beta-lactamase NDM-1 (plasmid) [Klebsiella pneumoniae]
UPF36300.1	NDM-1	270	Biological_protein	UPF36300.1 subclass B1 metallo-beta-lactamase NDM-1 [Providencia stuartii]
UPF36398.1	NDM-1	270	Biological_protein	UPF36398.1 subclass B1 metallo-beta-lactamase NDM-1 [Serratia marcescens]
UPG20693.1	NDM-1	270	Plasmid_associated	UPG20693.1 subclass B1 metallo-beta-lactamase NDM-1 (plasmid) [Klebsiella pneumoniae]
UPG21051.1	NDM-1	270	Plasmid_associated	UPG21051.1 subclass B1 metallo-beta-lactamase NDM-1 (plasmid) [Klebsiella pneumoniae]
UPG21915.1	NDM-1	270	Plasmid_associated	UPG21915.1 subclass B1 metallo-beta-lactamase NDM-1 (plasmid) [Klebsiella pneumoniae]
UPG22223.1	NDM-1	270	Plasmid_associated	UPG22223.1 subclass B1 metallo-beta-lactamase NDM-1 (plasmid) [Klebsiella pneumoniae]
UPG23302.1	NDM-1	270	Plasmid_associated	UPG23302.1 subclass B1 metallo-beta-lactamase NDM-1 (plasmid) [Klebsiella pneumoniae]
UPG24106.1	NDM-1	270	Plasmid_associated	UPG24106.1 subclass B1 metallo-beta-lactamase NDM-1 (plasmid) [Providencia stuartii]
UPG24418.1	NDM-1	270	Plasmid_associated	UPG24418.1 subclass B1 metallo-beta-lactamase NDM-1 (plasmid) [Providencia stuartii]
UPG24730.1	NDM-1	270	Plasmid_associated	UPG24730.1 subclass B1 metallo-beta-lactamase NDM-1 (plasmid) [Providencia stuartii]
UPG25036.1	NDM-1	270	Plasmid_associated	UPG25036.1 subclass B1 metallo-beta-lactamase NDM-1 (plasmid) [Klebsiella pneumoniae]
UPG25134.1	NDM-1	270	Plasmid_associated	UPG25134.1 subclass B1 metallo-beta-lactamase NDM-1 (plasmid) [Klebsiella pneumoniae]
UPG25421.1	NDM-1	270	Plasmid_associated	UPG25421.1 subclass B1 metallo-beta-lactamase NDM-1 (plasmid) [Klebsiella pneumoniae]
UPG25505.1	NDM-1	270	Plasmid_associated	UPG25505.1 subclass B1 metallo-beta-lactamase NDM-1 (plasmid) [Klebsiella pneumoniae]
UPG25987.1	NDM-1	270	Plasmid_associated	UPG25987.1 subclass B1 metallo-beta-lactamase NDM-1 (plasmid) [Klebsiella pneumoniae]
UPG26327.1	NDM-1	270	Plasmid_associated	UPG26327.1 subclass B1 metallo-beta-lactamase NDM-1 (plasmid) [Klebsiella pneumoniae]
UPG26722.1	NDM-1	270	Plasmid_associated	UPG26722.1 subclass B1 metallo-beta-lactamase NDM-1 (plasmid) [Klebsiella pneumoniae]
UPG27193.1	NDM-1	270	Plasmid_associated	UPG27193.1 subclass B1 metallo-beta-lactamase NDM-1 (plasmid) [Klebsiella pneumoniae]
UPG27962.1	NDM-1	270	Plasmid_associated	UPG27962.1 subclass B1 metallo-beta-lactamase NDM-1 (plasmid) [Klebsiella pneumoniae]
UPG28937.1	NDM-1	270	Plasmid_associated	UPG28937.1 subclass B1 metallo-beta-lactamase NDM-1 (plasmid) [Klebsiella pneumoniae]
UPG29366.1	NDM-1	270	Plasmid_associated	UPG29366.1 subclass B1 metallo-beta-lactamase NDM-1 (plasmid) [Klebsiella pneumoniae]
UPG29759.1	NDM-1	270	Plasmid_associated	UPG29759.1 subclass B1 metallo-beta-lactamase NDM-1 (plasmid) [Klebsiella pneumoniae]
UPG30034.1	NDM-1	270	Plasmid_associated	UPG30034.1 subclass B1 metallo-beta-lactamase NDM-1 (plasmid) [Klebsiella pneumoniae]
UPG31123.1	NDM-1	270	Plasmid_associated	UPG31123.1 subclass B1 metallo-beta-lactamase NDM-1 (plasmid) [Klebsiella pneumoniae]
UPG31785.1	NDM-1	270	Plasmid_associated	UPG31785.1 subclass B1 metallo-beta-lactamase NDM-1 (plasmid) [Klebsiella pneumoniae]
UPG32133.1	NDM-1	270	Plasmid_associated	UPG32133.1 subclass B1 metallo-beta-lactamase NDM-1 (plasmid) [Klebsiella pneumoniae]
UPG32478.1	NDM-1	270	Plasmid_associated	UPG32478.1 subclass B1 metallo-beta-lactamase NDM-1 (plasmid) [Klebsiella pneumoniae]
UPG32958.1	NDM-1	270	Plasmid_associated	UPG32958.1 subclass B1 metallo-beta-lactamase NDM-1 (plasmid) [Klebsiella pneumoniae]
UPG33099.1	NDM-1	270	Plasmid_associated	UPG33099.1 subclass B1 metallo-beta-lactamase NDM-1 (plasmid) [Escherichia coli]
UPG33935.1	NDM-1	270	Plasmid_associated	UPG33935.1 subclass B1 metallo-beta-lactamase NDM-1 (plasmid) [Klebsiella quasipneumoniae]
UPG34236.1	NDM-1	270	Plasmid_associated	UPG34236.1 subclass B1 metallo-beta-lactamase NDM-1 (plasmid) [Enterobacter hormaechei]
UPG34487.1	NDM-1	270	Plasmid_associated	UPG34487.1 subclass B1 metallo-beta-lactamase NDM-1 (plasmid) [Enterobacter hormaechei]
UPG34566.1	NDM-1	270	Plasmid_associated	UPG34566.1 subclass B1 metallo-beta-lactamase NDM-1 (plasmid) [Enterobacter hormaechei]
UPG35137.1	NDM-1	270	Plasmid_associated	UPG35137.1 subclass B1 metallo-beta-lactamase NDM-1 (plasmid) [Providencia stuartii]
UPG35321.1	NDM-1	270	Plasmid_associated	UPG35321.1 subclass B1 metallo-beta-lactamase NDM-1 (plasmid) [Klebsiella variicola]
UPJ13759.1	NDM-1	270	Plasmid_associated	UPJ13759.1 subclass B1 metallo-beta-lactamase NDM-1 (plasmid) [Klebsiella pneumoniae]
UPO24628.1	NDM-1	270	Plasmid_associated	UPO24628.1 subclass B1 metallo-beta-lactamase NDM-1 (plasmid) [Acinetobacter portensis]
UPO29391.1	NDM-1	270	Plasmid_associated	UPO29391.1 subclass B1 metallo-beta-lactamase NDM-1 (plasmid) [Shewanella sp. JNE10-2]
UPO33460.1	NDM-1	270	Plasmid_associated	UPO33460.1 subclass B1 metallo-beta-lactamase NDM-1 (plasmid) [Shewanella sp. JNE2]
UPO37529.1	NDM-1	270	Plasmid_associated	UPO37529.1 subclass B1 metallo-beta-lactamase NDM-1 (plasmid) [Shewanella sp. JNE7]
UPS65056.1	NDM-1	270	Plasmid_associated	UPS65056.1 subclass B1 metallo-beta-lactamase NDM-1 (plasmid) [Providencia rettgeri]
UQH63449.1	NDM-1	270	Plasmid_associated	UQH63449.1 subclass B1 metallo-beta-lactamase NDM-1 (plasmid) [Klebsiella pneumoniae]
UQI34117.1	NDM-1	270	Plasmid_associated	UQI34117.1 subclass B1 metallo-beta-lactamase NDM-1 (plasmid) [Citrobacter freundii]
UQP59124.1	NDM-1	270	Plasmid_associated	UQP59124.1 subclass B1 metallo-beta-lactamase NDM-1 (plasmid) [Klebsiella pneumoniae]
UQP64669.1	NDM-1	270	Plasmid_associated	UQP64669.1 subclass B1 metallo-beta-lactamase NDM-1 (plasmid) [Klebsiella pneumoniae]
UQP75312.1	NDM-1	270	Plasmid_associated	UQP75312.1 subclass B1 metallo-beta-lactamase NDM-1 (plasmid) [Klebsiella pneumoniae]
UQP85861.1	NDM-1	270	Plasmid_associated	UQP85861.1 subclass B1 metallo-beta-lactamase NDM-1 (plasmid) [Klebsiella pneumoniae]
UQQ23559.1	NDM-1	270	Plasmid_associated	UQQ23559.1 subclass B1 metallo-beta-lactamase NDM-1 (plasmid) [Citrobacter portucalensis]
UQQ28683.1	NDM-1	270	Plasmid_associated	UQQ28683.1 subclass B1 metallo-beta-lactamase NDM-1 (plasmid) [Citrobacter freundii]
URB92219.1	NDM-1	270	Plasmid_associated	URB92219.1 subclass B1 metallo-beta-lactamase NDM-1 (plasmid) [Klebsiella pneumoniae]
URE78633.1	NDM-1	270	Biological_protein	URE78633.1 subclass B1 metallo-beta-lactamase NDM-1 [Providencia stuartii]
URE78642.1	NDM-1	270	Biological_protein	URE78642.1 subclass B1 metallo-beta-lactamase NDM-1 [Providencia stuartii]
URE78651.1	NDM-1	270	Biological_protein	URE78651.1 subclass B1 metallo-beta-lactamase NDM-1 [Providencia stuartii]
URE78660.1	NDM-1	270	Biological_protein	URE78660.1 subclass B1 metallo-beta-lactamase NDM-1 [Providencia stuartii]
URE78669.1	NDM-1	270	Biological_protein	URE78669.1 subclass B1 metallo-beta-lactamase NDM-1 [Providencia stuartii]
URE78678.1	NDM-1	270	Biological_protein	URE78678.1 subclass B1 metallo-beta-lactamase NDM-1 [Providencia stuartii]
URE78687.1	NDM-1	270	Biological_protein	URE78687.1 subclass B1 metallo-beta-lactamase NDM-1 [Providencia stuartii]
URE78696.1	NDM-1	270	Biological_protein	URE78696.1 subclass B1 metallo-beta-lactamase NDM-1 [Providencia stuartii]
URE78705.1	NDM-1	270	Biological_protein	URE78705.1 subclass B1 metallo-beta-lactamase NDM-1 [Providencia stuartii]
URE78714.1	NDM-1	270	Biological_protein	URE78714.1 subclass B1 metallo-beta-lactamase NDM-1 [Providencia stuartii]
URE78723.1	NDM-1	270	Biological_protein	URE78723.1 subclass B1 metallo-beta-lactamase NDM-1 [Providencia stuartii]
URE78732.1	NDM-1	270	Biological_protein	URE78732.1 subclass B1 metallo-beta-lactamase NDM-1 [Providencia stuartii]
URE78741.1	NDM-1	270	Biological_protein	URE78741.1 subclass B1 metallo-beta-lactamase NDM-1 [Providencia stuartii]
URE78750.1	NDM-1	270	Biological_protein	URE78750.1 subclass B1 metallo-beta-lactamase NDM-1 [Providencia stuartii]
URE78766.1	NDM-1	270	Biological_protein	URE78766.1 subclass B1 metallo-beta-lactamase NDM-1 [Providencia stuartii]
URE78782.1	NDM-1	270	Biological_protein	URE78782.1 subclass B1 metallo-beta-lactamase NDM-1 [Providencia stuartii]
URE80858.1	NDM-1	270	Plasmid_associated	URE80858.1 subclass B1 metallo-beta-lactamase NDM-1 (plasmid) [Providencia stuartii]
URE93061.1	NDM-1	270	Plasmid_associated	URE93061.1 subclass B1 metallo-beta-lactamase NDM-1 (plasmid) [Enterobacter hormaechei]
URE97765.1	NDM-1	270	Plasmid_associated	URE97765.1 subclass B1 metallo-beta-lactamase NDM-1 (plasmid) [Enterobacter kobei]
URF02476.1	NDM-1	270	Plasmid_associated	URF02476.1 subclass B1 metallo-beta-lactamase NDM-1 (plasmid) [Enterobacter hormaechei]
URI22294.1	NDM-1	270	Plasmid_associated	URI22294.1 subclass B1 metallo-beta-lactamase NDM-1 (plasmid) [Klebsiella pneumoniae]
URL77016.1	NDM-1	270	Plasmid_associated	URL77016.1 subclass B1 metallo-beta-lactamase NDM-1 (plasmid) [Enterobacter hormaechei]
URQ58480.1	NDM-1	270	Plasmid_associated	URQ58480.1 NDM-1 (plasmid) [Klebsiella pneumoniae]
URR25295.1	NDM-1	270	Plasmid_associated	URR25295.1 subclass B1 metallo-beta-lactamase NDM-1 (plasmid) [Providencia rettgeri]
URZ92281.1	NDM-1	270	Plasmid_associated	URZ92281.1 subclass B1 metallo-beta-lactamase NDM-1 (plasmid) [Klebsiella pneumoniae]
URZ92859.1	NDM-1	270	Plasmid_associated	URZ92859.1 subclass B1 metallo-beta-lactamase NDM-1 (plasmid) [Klebsiella pneumoniae]
USA26910.1	NDM-1	270	Plasmid_associated	USA26910.1 subclass B1 metallo-beta-lactamase NDM-1 (plasmid) [Proteus mirabilis]
USB37843.1	NDM-1	270	Biological_protein	USB37843.1 subclass B1 metallo-beta-lactamase NDM-1 [Providencia vermicola]
USH40170.1	NDM-1	270	Biological_protein	USH40170.1 subclass B1 metallo-beta-lactamase NDM-1 [Klebsiella pneumoniae subsp. pneumoniae]
USH40171.1	NDM-1	270	Biological_protein	USH40171.1 subclass B1 metallo-beta-lactamase NDM-1 [Klebsiella pneumoniae subsp. pneumoniae]
USH40172.1	NDM-1	270	Biological_protein	USH40172.1 subclass B1 metallo-beta-lactamase NDM-1 [Klebsiella pneumoniae subsp. pneumoniae]
USH40173.1	NDM-1	270	Biological_protein	USH40173.1 subclass B1 metallo-beta-lactamase NDM-1 [Klebsiella pneumoniae subsp. pneumoniae]
USH40174.1	NDM-1	270	Biological_protein	USH40174.1 subclass B1 metallo-beta-lactamase NDM-1 [Klebsiella pneumoniae subsp. pneumoniae]
USH40175.1	NDM-1	270	Biological_protein	USH40175.1 subclass B1 metallo-beta-lactamase NDM-1 [Klebsiella pneumoniae subsp. pneumoniae]
USI40812.1	NDM-1	270	Plasmid_associated	USI40812.1 subclass B1 metallo-beta-lactamase NDM-1 (plasmid) [Acinetobacter baumannii]
USI44675.1	NDM-1	270	Plasmid_associated	USI44675.1 subclass B1 metallo-beta-lactamase NDM-1 (plasmid) [Acinetobacter baumannii]
USM86270.1	NDM-1	270	Plasmid_associated	USM86270.1 subclass B1 metallo-beta-lactamase NDM-1 (plasmid) [Enterobacter hormaechei]
USS83172.1	NDM-1	270	Biological_protein	USS83172.1 subclass B1 metallo-beta-lactamase NDM-1 [Citrobacter freundii]
USU95401.1	NDM-1	270	Biological_protein	USU95401.1 subclass B1 metallo-beta-lactamase NDM-1 [Acinetobacter pittii]
UTH19234.1	NDM-1	270	Biological_protein	UTH19234.1 subclass B1 metallo-beta-lactamase NDM-1 [Acinetobacter baumannii]
UTH22853.1	NDM-1	270	Biological_protein	UTH22853.1 subclass B1 metallo-beta-lactamase NDM-1 [Acinetobacter baumannii]
UTI04821.1	NDM-1	270	Plasmid_associated	UTI04821.1 subclass B1 metallo-beta-lactamase NDM-1 (plasmid) [Aeromonas caviae]
UTO96731.1	NDM-1	270	Plasmid_associated	UTO96731.1 subclass B1 metallo-beta-lactamase NDM-1 (plasmid) [Escherichia coli]
UTW81913.1	NDM-1	270	Plasmid_associated	UTW81913.1 subclass B1 metallo-beta-lactamase NDM-1 (plasmid) [Klebsiella pneumoniae subsp. pneumoniae]
UTW87548.1	NDM-1	270	Plasmid_associated	UTW87548.1 subclass B1 metallo-beta-lactamase NDM-1 (plasmid) [Klebsiella pneumoniae subsp. pneumoniae]
UTW92788.1	NDM-1	270	Plasmid_associated	UTW92788.1 subclass B1 metallo-beta-lactamase NDM-1 (plasmid) [Klebsiella pneumoniae subsp. pneumoniae]
UPQ42132.1	NDM-1	270	Plasmid_associated	UPQ42132.1 subclass B1 metallo-beta-lactamase NDM-1 (plasmid) [Klebsiella pneumoniae]
UUC08771.1	NDM-1	270	Plasmid_associated	UUC08771.1 Subclass B1 beta-lactamase NDM-1 (plasmid) [Vibrio alginolyticus]
UUC09190.1	NDM-1	270	Plasmid_associated	UUC09190.1 subclass B1 metallo-beta-lactamase NDM-1 (plasmid) [Klebsiella pneumoniae]
UUC70299.1	NDM-1	270	Plasmid_associated	UUC70299.1 subclass B1 metallo-beta-lactamase NDM-1 (plasmid) [Klebsiella pneumoniae]
UUG47836.1	NDM-1	270	Plasmid_associated	UUG47836.1 subclass B1 metallo-beta-lactamase NDM-1 (plasmid) [Acinetobacter baumannii]
UUL99972.1	NDM-1	270	Plasmid_associated	UUL99972.1 Subclass B1 beta-lactamase NDM-1 (plasmid) [Vibrio alginolyticus]
UUM00282.1	NDM-1	270	Plasmid_associated	UUM00282.1 Subclass B1 beta-lactamase NDM-1 (plasmid) [Vibrio alginolyticus]
UUM10535.1	NDM-1	270	Plasmid_associated	UUM10535.1 subclass B1 metallo-beta-lactamase NDM-1 (plasmid) [Escherichia coli]
UUO75526.1	NDM-1	270	Plasmid_associated	UUO75526.1 subclass B1 metallo-beta-lactamase NDM-1 (plasmid) [Klebsiella pneumoniae]
UUO81112.1	NDM-1	270	Plasmid_associated	UUO81112.1 subclass B1 metallo-beta-lactamase NDM-1 (plasmid) [Klebsiella pneumoniae]
UUO86851.1	NDM-1	270	Plasmid_associated	UUO86851.1 subclass B1 metallo-beta-lactamase NDM-1 (plasmid) [Klebsiella pneumoniae]
UUO92524.1	NDM-1	270	Plasmid_associated	UUO92524.1 subclass B1 metallo-beta-lactamase NDM-1 (plasmid) [Klebsiella pneumoniae]
UUR74948.1	NDM-1	270	Plasmid_associated	UUR74948.1 subclass B1 metallo-beta-lactamase NDM-1 (plasmid) [Escherichia coli]
UUX57188.1	NDM-1	270	Plasmid_associated	UUX57188.1 subclass B1 metallo-beta-lactamase NDM-1 (plasmid) [Citrobacter youngae]
UUY45624.1	NDM-1	270	Plasmid_associated	UUY45624.1 subclass B1 metallo-beta-lactamase NDM-1 (plasmid) [Klebsiella pneumoniae]
UUY57964.1	NDM-1	270	Plasmid_associated	UUY57964.1 subclass B1 metallo-beta-lactamase NDM-1 (plasmid) [Klebsiella pneumoniae]
UVI62092.1	NDM-1	270	Biological_protein	UVI62092.1 subclass B1 metallo-beta-lactamase NDM-1 [Klebsiella pneumoniae]
UVI62093.1	NDM-1	270	Biological_protein	UVI62093.1 subclass B1 metallo-beta-lactamase NDM-1 [Klebsiella pneumoniae]
UVJ50736.1	NDM-1	270	Biological_protein	UVJ50736.1 subclass B1 metallo-beta-lactamase NDM-1 [Klebsiella pneumoniae]
UVJ50738.1	NDM-1	270	Biological_protein	UVJ50738.1 subclass B1 metallo-beta-lactamase NDM-1 [Klebsiella pneumoniae]
UVJ50739.1	NDM-1	270	Biological_protein	UVJ50739.1 subclass B1 metallo-beta-lactamase NDM-1 [Enterobacter cloacae]
UVJ50742.1	NDM-1	270	Biological_protein	UVJ50742.1 subclass B1 metallo-beta-lactamase NDM-1 [Klebsiella pneumoniae]
UVJ50743.1	NDM-1	270	Biological_protein	UVJ50743.1 subclass B1 metallo-beta-lactamase NDM-1 [Klebsiella pneumoniae]
UVJ50744.1	NDM-1	270	Biological_protein	UVJ50744.1 subclass B1 metallo-beta-lactamase NDM-1 [Acinetobacter baumannii]
UVN39658.1	NDM-1	270	Plasmid_associated	UVN39658.1 subclass B1 metallo-beta-lactamase NDM-1 (plasmid) [Klebsiella pneumoniae]
UVV98458.1	NDM-1	270	Plasmid_associated	UVV98458.1 subclass B1 metallo-beta-lactamase NDM-1 (plasmid) [Citrobacter freundii]
UVY99054.1	NDM-1	270	Plasmid_associated	UVY99054.1 NDM-1 type beta-lactamase bla_NDM1 (plasmid) [Enterobacter hormaechei subsp. xiangfangensis]
UWB21971.1	NDM-1	270	Plasmid_associated	UWB21971.1 subclass B1 metallo-beta-lactamase NDM-1 (plasmid) [Klebsiella pneumoniae]
UWC49900.1	NDM-1	270	Plasmid_associated	UWC49900.1 subclass B1 metallo-beta-lactamase NDM-1 (plasmid) [Klebsiella aerogenes]
UWF52420.1	NDM-1	270	Plasmid_associated	UWF52420.1 subclass B1 metallo-beta-lactamase NDM-1 (plasmid) [Enterobacter cloacae]
UWF52600.1	NDM-1	270	Plasmid_associated	UWF52600.1 subclass B1 metallo-beta-lactamase NDM-1 (plasmid) [Enterobacter cloacae]
UWF52485.1	NDM-1	270	Plasmid_associated	UWF52485.1 subclass B1 metallo-beta-lactamase NDM-1 (plasmid) [Enterobacter cloacae]
UWG67051.1	NDM-1	270	Plasmid_associated	UWG67051.1 subclass B1 metallo-beta-lactamase NDM-1 (plasmid) [Shewanella xiamenensis]
UWH39915.1	NDM-1	270	Plasmid_associated	UWH39915.1 subclass B1 metallo-beta-lactamase NDM-1 (plasmid) [Shewanella xiamenensis]
UUO00085.1	NDM-1	270	Plasmid_associated	UUO00085.1 subclass B1 metallo-beta-lactamase NDM-1 (plasmid) [Acinetobacter bereziniae]
UWY79345.1	NDM-1	270	Plasmid_associated	UWY79345.1 subclass B1 metallo-beta-lactamase NDM-1 (plasmid) [Acinetobacter baumannii]
UWY91731.1	NDM-1	270	Plasmid_associated	UWY91731.1 subclass B1 metallo-beta-lactamase NDM-1 (plasmid) [Acinetobacter baumannii]
UWY83713.1	NDM-1	270	Plasmid_associated	UWY83713.1 subclass B1 metallo-beta-lactamase NDM-1 (plasmid) [Acinetobacter baumannii]
UWY71163.1	NDM-1	270	Plasmid_associated	UWY71163.1 subclass B1 metallo-beta-lactamase NDM-1 (plasmid) [Acinetobacter baumannii]
UWY70863.1	NDM-1	270	Plasmid_associated	UWY70863.1 subclass B1 metallo-beta-lactamase NDM-1 (plasmid) [Acinetobacter baumannii]
UWY79418.1	NDM-1	270	Plasmid_associated	UWY79418.1 subclass B1 metallo-beta-lactamase NDM-1 (plasmid) [Acinetobacter baumannii]
UWZ21820.1	NDM-1	270	Plasmid_associated	UWZ21820.1 subclass B1 metallo-beta-lactamase NDM-1 (plasmid) [Escherichia coli]
UWZ26895.1	NDM-1	270	Plasmid_associated	UWZ26895.1 subclass B1 metallo-beta-lactamase NDM-1 (plasmid) [Klebsiella pneumoniae]
UXA76145.1	NDM-1	270	Plasmid_associated	UXA76145.1 subclass B1 metallo-beta-lactamase NDM-1 (plasmid) [Enterobacter hormaechei subsp. hormaechei]
UUN94909.1	NDM-1	270	Biological_protein	UUN94909.1 subclass B1 metallo-beta-lactamase NDM-1 [Acinetobacter bereziniae]
UXF21178.1	NDM-1	270	Plasmid_associated	UXF21178.1 subclass B1 metallo-beta-lactamase NDM-1 (plasmid) [Enterobacter hormaechei]
UXF30523.1	NDM-1	270	Plasmid_associated	UXF30523.1 subclass B1 metallo-beta-lactamase NDM-1 (plasmid) [Acinetobacter baumannii]
UXI53115.1	NDM-1	270	Plasmid_associated	UXI53115.1 subclass B1 metallo-beta-lactamase NDM-1 (plasmid) [Acinetobacter variabilis]
UXI28628.1	NDM-1	270	Plasmid_associated	UXI28628.1 subclass B1 metallo-beta-lactamase NDM-1 (plasmid) [Klebsiella pneumoniae]
UXI49061.1	NDM-1	270	Plasmid_associated	UXI49061.1 subclass B1 metallo-beta-lactamase NDM-1 (plasmid) [Klebsiella pneumoniae]
UXP70566.1	NDM-1	270	Biological_protein	UXP70566.1 subclass B1 metallo-beta-lactamase NDM-1 [Pantoea agglomerans]
UXP70567.1	NDM-1	270	Biological_protein	UXP70567.1 subclass B1 metallo-beta-lactamase NDM-1 [Enterobacter cloacae]
UXP70568.1	NDM-1	270	Biological_protein	UXP70568.1 subclass B1 metallo-beta-lactamase NDM-1 [Pantoea agglomerans]
UXP70569.1	NDM-1	270	Biological_protein	UXP70569.1 subclass B1 metallo-beta-lactamase NDM-1 [Escherichia coli]
UXP70570.1	NDM-1	270	Biological_protein	UXP70570.1 subclass B1 metallo-beta-lactamase NDM-1 [Enterobacter cloacae]
UXP70571.1	NDM-1	270	Biological_protein	UXP70571.1 subclass B1 metallo-beta-lactamase NDM-1 [Enterobacter cloacae]
UXP70572.1	NDM-1	270	Biological_protein	UXP70572.1 subclass B1 metallo-beta-lactamase NDM-1 [Pantoea agglomerans]
UXP70573.1	NDM-1	270	Biological_protein	UXP70573.1 subclass B1 metallo-beta-lactamase NDM-1 [Escherichia coli]
UXP70574.1	NDM-1	270	Biological_protein	UXP70574.1 subclass B1 metallo-beta-lactamase NDM-1 [Klebsiella pneumoniae]
UXP70575.1	NDM-1	270	Biological_protein	UXP70575.1 subclass B1 metallo-beta-lactamase NDM-1 [Klebsiella pneumoniae]
UXP70576.1	NDM-1	270	Biological_protein	UXP70576.1 subclass B1 metallo-beta-lactamase NDM-1 [Klebsiella pneumoniae]
UXP70577.1	NDM-1	270	Biological_protein	UXP70577.1 subclass B1 metallo-beta-lactamase NDM-1 [Klebsiella pneumoniae]
UXP70578.1	NDM-1	270	Biological_protein	UXP70578.1 subclass B1 metallo-beta-lactamase NDM-1 [Enterobacter cloacae]
UXP70579.1	NDM-1	270	Biological_protein	UXP70579.1 subclass B1 metallo-beta-lactamase NDM-1 [Klebsiella pneumoniae]
UXP70580.1	NDM-1	270	Biological_protein	UXP70580.1 subclass B1 metallo-beta-lactamase NDM-1 [Klebsiella pneumoniae]
UXP70581.1	NDM-1	270	Biological_protein	UXP70581.1 subclass B1 metallo-beta-lactamase NDM-1 [Pseudomonas aeruginosa]
UXP70582.1	NDM-1	270	Biological_protein	UXP70582.1 subclass B1 metallo-beta-lactamase NDM-1 [Klebsiella pneumoniae]
UXP70583.1	NDM-1	270	Biological_protein	UXP70583.1 subclass B1 metallo-beta-lactamase NDM-1 [Escherichia coli]
UXP70584.1	NDM-1	270	Biological_protein	UXP70584.1 subclass B1 metallo-beta-lactamase NDM-1 [Escherichia coli]
UXP70585.1	NDM-1	270	Biological_protein	UXP70585.1 subclass B1 metallo-beta-lactamase NDM-1 [Klebsiella pneumoniae]
UXP70586.1	NDM-1	270	Biological_protein	UXP70586.1 subclass B1 metallo-beta-lactamase NDM-1 [Acinetobacter calcoaceticus]
UXP70587.1	NDM-1	270	Biological_protein	UXP70587.1 subclass B1 metallo-beta-lactamase NDM-1 [Escherichia coli]
UXP70588.1	NDM-1	270	Biological_protein	UXP70588.1 subclass B1 metallo-beta-lactamase NDM-1 [Escherichia coli]
UXP70589.1	NDM-1	270	Biological_protein	UXP70589.1 subclass B1 metallo-beta-lactamase NDM-1 [Pantoea agglomerans]
UXP70590.1	NDM-1	270	Biological_protein	UXP70590.1 subclass B1 metallo-beta-lactamase NDM-1 [Klebsiella pneumoniae]
UXP70591.1	NDM-1	270	Biological_protein	UXP70591.1 subclass B1 metallo-beta-lactamase NDM-1 [Escherichia coli]
UYA14302.1	NDM-1	270	Plasmid_associated	UYA14302.1 subclass B1 metallo-beta-lactamase NDM-1 (plasmid) [Klebsiella pneumoniae]
UYM59573.1	NDM-1	270	Biological_protein	UYM59573.1 subclass B1 metallo-beta-lactamase NDM-1 [Pseudomonas aeruginosa]
pdb|7VQJ|A	NDM-1	242	PDB_structure	pdb|7VQJ|A Chain A, Metallo-beta-lactamase NDM-1
pdb|7VQJ|B	NDM-1	242	PDB_structure	pdb|7VQJ|B Chain B, Metallo-beta-lactamase NDM-1
UYV43827.1	NDM-1	270	Plasmid_associated	UYV43827.1 subclass B1 metallo-beta-lactamase NDM-1 (plasmid) [Providencia rettgeri]
UYX40050.1	NDM-1	270	Plasmid_associated	UYX40050.1 subclass B1 metallo-beta-lactamase NDM-1 (plasmid) [Klebsiella pneumoniae]
UZC33309.1	NDM-1	270	Plasmid_associated	UZC33309.1 NDM-1 (plasmid) [Enterobacter cloacae]
UZE44162.1	NDM-1	270	Plasmid_associated	UZE44162.1 subclass B1 metallo-beta-lactamase NDM-1 (plasmid) [Enterobacter hormaechei]
UZF53657.1	NDM-1	270	Plasmid_associated	UZF53657.1 subclass B1 metallo-beta-lactamase NDM-1 (plasmid) [Klebsiella quasipneumoniae]
UZH51534.1	NDM-1	270	Plasmid_associated	UZH51534.1 subclass B1 metallo-beta-lactamase NDM-1 (plasmid) [Enterobacter hormaechei subsp. xiangfangensis]
UZK95112.1	NDM-1	270	Biological_protein	UZK95112.1 subclass B1 metallo-beta-lactamase NDM-1 [Klebsiella pneumoniae]
UZQ87475.1	NDM-1	270	Plasmid_associated	UZQ87475.1 subclass B1 metallo-beta-lactamase NDM-1 (plasmid) [Citrobacter freundii]
UZQ92542.1	NDM-1	270	Plasmid_associated	UZQ92542.1 subclass B1 metallo-beta-lactamase NDM-1 (plasmid) [Citrobacter freundii]
UZQ98331.1	NDM-1	270	Plasmid_associated	UZQ98331.1 subclass B1 metallo-beta-lactamase NDM-1 (plasmid) [Citrobacter freundii]
UZX05905.1	NDM-1	270	Plasmid_associated	UZX05905.1 subclass B1 metallo-beta-lactamase NDM-1 (plasmid) [Escherichia coli]
WAE57086.1	NDM-1	270	Biological_protein	WAE57086.1 subclass B1 metallo-beta-lactamase NDM-1 [Vibrio alginolyticus]
WAN40764.1	NDM-1	270	Plasmid_associated	WAN40764.1 subclass B1 metallo-beta-lactamase NDM-1 (plasmid) [Klebsiella pneumoniae]
WAN74066.1	NDM-1	270	Biological_protein	WAN74066.1 subclass B1 metallo-beta-lactamase NDM-1 [Enterobacter cloacae complex sp.]
WAN74069.1	NDM-1	270	Biological_protein	WAN74069.1 subclass B1 metallo-beta-lactamase NDM-1 [Enterobacter cloacae complex sp.]
WAN74070.1	NDM-1	270	Biological_protein	WAN74070.1 subclass B1 metallo-beta-lactamase NDM-1 [Enterobacter cloacae complex sp.]
WAN74071.1	NDM-1	270	Biological_protein	WAN74071.1 subclass B1 metallo-beta-lactamase NDM-1 [Enterobacter cloacae complex sp.]
WAN74072.1	NDM-1	270	Biological_protein	WAN74072.1 subclass B1 metallo-beta-lactamase NDM-1 [Enterobacter cloacae complex sp.]
WAN74073.1	NDM-1	270	Biological_protein	WAN74073.1 subclass B1 metallo-beta-lactamase NDM-1 [Enterobacter cloacae complex sp.]
WAN74074.1	NDM-1	270	Biological_protein	WAN74074.1 subclass B1 metallo-beta-lactamase NDM-1 [Enterobacter cloacae complex sp.]
WAN74075.1	NDM-1	270	Biological_protein	WAN74075.1 subclass B1 metallo-beta-lactamase NDM-1 [Enterobacter cloacae complex sp.]
WAN74077.1	NDM-1	270	Biological_protein	WAN74077.1 subclass B1 metallo-beta-lactamase NDM-1 [Enterobacter cloacae complex sp.]
WAN74078.1	NDM-1	270	Biological_protein	WAN74078.1 subclass B1 metallo-beta-lactamase NDM-1 [Enterobacter cloacae complex sp.]
WAN74079.1	NDM-1	270	Biological_protein	WAN74079.1 subclass B1 metallo-beta-lactamase NDM-1 [Enterobacter cloacae complex sp.]
WAN74082.1	NDM-1	270	Biological_protein	WAN74082.1 subclass B1 metallo-beta-lactamase NDM-1 [Enterobacter cloacae complex sp.]
WAN74083.1	NDM-1	270	Biological_protein	WAN74083.1 subclass B1 metallo-beta-lactamase NDM-1 [Enterobacter cloacae complex sp.]
WAN74086.1	NDM-1	270	Biological_protein	WAN74086.1 subclass B1 metallo-beta-lactamase NDM-1 [Enterobacter cloacae complex sp.]
WAN74087.1	NDM-1	270	Biological_protein	WAN74087.1 subclass B1 metallo-beta-lactamase NDM-1 [Enterobacter cloacae complex sp.]
WAN74088.1	NDM-1	270	Biological_protein	WAN74088.1 subclass B1 metallo-beta-lactamase NDM-1 [Enterobacter cloacae complex sp.]
WAN74089.1	NDM-1	270	Biological_protein	WAN74089.1 subclass B1 metallo-beta-lactamase NDM-1 [Enterobacter cloacae complex sp.]
WAN74090.1	NDM-1	270	Biological_protein	WAN74090.1 subclass B1 metallo-beta-lactamase NDM-1 [Enterobacter cloacae complex sp.]
WAN74091.1	NDM-1	270	Biological_protein	WAN74091.1 subclass B1 metallo-beta-lactamase NDM-1 [Enterobacter cloacae complex sp.]
WAN74092.1	NDM-1	270	Biological_protein	WAN74092.1 subclass B1 metallo-beta-lactamase NDM-1 [Enterobacter cloacae complex sp.]
WAN74095.1	NDM-1	270	Biological_protein	WAN74095.1 subclass B1 metallo-beta-lactamase NDM-1 [Enterobacter cloacae complex sp.]
WAN74096.1	NDM-1	270	Biological_protein	WAN74096.1 subclass B1 metallo-beta-lactamase NDM-1 [Enterobacter cloacae complex sp.]
pdb|8A76|A	NDM-1	241	PDB_structure	pdb|8A76|A Chain A, Metallo-beta-lactamase NDM-1
pdb|8A76|B	NDM-1	241	PDB_structure	pdb|8A76|B Chain B, Metallo-beta-lactamase NDM-1
WAT94321.1	NDM-1	270	Plasmid_associated	WAT94321.1 subclass B1 metallo-beta-lactamase NDM-1 (plasmid) [Escherichia sp. J-18004577]
WAZ65842.1	NDM-1	270	Plasmid_associated	WAZ65842.1 subclass B1 metallo-beta-lactamase NDM-1 (plasmid) [Enterobacter hormaechei]
WBA59099.1	NDM-1	270	Plasmid_associated	WBA59099.1 subclass B1 metallo-beta-lactamase NDM-1 (plasmid) [Providencia sp. 21OH12SH02B-Prov]
WBA63919.1	NDM-1	270	Plasmid_associated	WBA63919.1 subclass B1 metallo-beta-lactamase NDM-1 (plasmid) [Citrobacter sp. 21OH12SH02A-Citro]
WBB02524.1	NDM-1	270	Plasmid_associated	WBB02524.1 subclass B1 metallo-beta-lactamase NDM-1 (plasmid) [Klebsiella pneumoniae]
WBE26178.1	NDM-1	270	Biological_protein	WBE26178.1 subclass B1 metallo-beta-lactamase NDM-1 [Denitrificimonas caeni]
WBM81691.1	NDM-1	270	Plasmid_associated	WBM81691.1 subclass B1 metallo-beta-lactamase NDM-1 (plasmid) [Klebsiella pneumoniae]
WBM81904.1	NDM-1	270	Plasmid_associated	WBM81904.1 subclass B1 metallo-beta-lactamase NDM-1 (plasmid) [Klebsiella pneumoniae]
WBM81969.1	NDM-1	270	Plasmid_associated	WBM81969.1 subclass B1 metallo-beta-lactamase NDM-1 (plasmid) [Escherichia coli]
WBM82084.1	NDM-1	270	Plasmid_associated	WBM82084.1 subclass B1 metallo-beta-lactamase NDM-1 (plasmid) [Klebsiella pneumoniae]
WBM82211.1	NDM-1	270	Plasmid_associated	WBM82211.1 subclass B1 metallo-beta-lactamase NDM-1 (plasmid) [Klebsiella pneumoniae]
WBM82569.1	NDM-1	270	Plasmid_associated	WBM82569.1 subclass B1 metallo-beta-lactamase NDM-1 (plasmid) [Escherichia coli]
WBM82978.1	NDM-1	270	Plasmid_associated	WBM82978.1 subclass B1 metallo-beta-lactamase NDM-1 (plasmid) [Escherichia coli]
WBM84275.1	NDM-1	270	Plasmid_associated	WBM84275.1 subclass B1 metallo-beta-lactamase NDM-1 (plasmid) [Escherichia coli]
WBN41521.1	NDM-1	270	Plasmid_associated	WBN41521.1 subclass B1 metallo-beta-lactamase NDM-1 (plasmid) [Klebsiella pneumoniae]
WCA39998.1	NDM-1	270	Plasmid_associated	WCA39998.1 subclass B1 metallo-beta-lactamase NDM-1 (plasmid) [Klebsiella michiganensis]
WCN61514.1	NDM-1	270	Plasmid_associated	WCN61514.1 subclass B1 metallo-beta-lactamase NDM-1 (plasmid) [Klebsiella pneumoniae]
WCS51757.1	NDM-1	270	Plasmid_associated	WCS51757.1 subclass B1 metallo-beta-lactamase NDM-1 (plasmid) [Klebsiella pneumoniae]
WCT39655.1	NDM-1	270	Plasmid_associated	WCT39655.1 subclass B1 metallo-beta-lactamase NDM-1 (plasmid) [Klebsiella pneumoniae]
WCZ25762.1	NDM-1	270	Plasmid_associated	WCZ25762.1 subclass B1 metallo-beta-lactamase NDM-1 (plasmid) [Escherichia coli]
WCZ31319.1	NDM-1	270	Plasmid_associated	WCZ31319.1 subclass B1 metallo-beta-lactamase NDM-1 (plasmid) [Klebsiella pneumoniae]
WDA75323.1	NDM-1	270	Plasmid_associated	WDA75323.1 subclass B1 metallo-beta-lactamase NDM-1 (plasmid) [Klebsiella pneumoniae]
WDA80307.1	NDM-1	270	Plasmid_associated	WDA80307.1 subclass B1 metallo-beta-lactamase NDM-1 (plasmid) [Klebsiella pneumoniae]
WDA85415.1	NDM-1	270	Plasmid_associated	WDA85415.1 subclass B1 metallo-beta-lactamase NDM-1 (plasmid) [Klebsiella pneumoniae]
WDC55534.1	NDM-1	270	Plasmid_associated	WDC55534.1 subclass B1 metallo-beta-lactamase NDM-1 (plasmid) [Enterobacter hormaechei]
WDF12477.1	NDM-1	270	Biological_protein	WDF12477.1 subclass B1 metallo-beta-lactamase NDM-1 [Salmonella enterica subsp. enterica serovar Mbandaka]
WDO19343.1	NDM-1	270	Plasmid_associated	WDO19343.1 subclass B1 metallo-beta-lactamase NDM-1 (plasmid) [Enterobacter hormaechei subsp. xiangfangensis]
WDQ79074.1	NDM-1	270	Biological_protein	WDQ79074.1 subclass B1 metallo-beta-lactamase NDM-1, partial [Salmonella enterica subsp. enterica serovar Enteritidis]
WDU71203.1	NDM-1	270	Plasmid_associated	WDU71203.1 subclass B1 metallo-beta-lactamase NDM-1 (plasmid) [Klebsiella variicola]
WDU71210.1	NDM-1	270	Plasmid_associated	WDU71210.1 subclass B1 metallo-beta-lactamase NDM-1 (plasmid) [Klebsiella variicola]
WDV26363.1	NDM-1	270	Plasmid_associated	WDV26363.1 subclass B1 metallo-beta-lactamase NDM-1 (plasmid) [Aeromonas caviae]
WDY52480.1	NDM-1	270	Biological_protein	WDY52480.1 subclass B1 metallo-beta-lactamase NDM-1 [Vibrio fluvialis]
WEE19685.1	NDM-1	270	Plasmid_associated	WEE19685.1 subclass B1 metallo-beta-lactamase NDM-1 (plasmid) [Citrobacter koseri]
WEE47230.1	NDM-1	270	Plasmid_associated	WEE47230.1 subclass B1 metallo-beta-lactamase NDM-1 (plasmid) [Klebsiella pneumoniae]
WEE52522.1	NDM-1	270	Plasmid_associated	WEE52522.1 subclass B1 metallo-beta-lactamase NDM-1 (plasmid) [Klebsiella pneumoniae]
WEE68564.1	NDM-1	270	Biological_protein	WEE68564.1 subclass B1 metallo-beta-lactamase NDM-1 [Klebsiella pneumoniae]
WEG07117.1	NDM-1	270	Plasmid_associated	WEG07117.1 subclass B1 metallo-beta-lactamase NDM-1 (plasmid) [Escherichia coli]
WER28381.1	NDM-1	270	Plasmid_associated	WER28381.1 subclass B1 metallo-beta-lactamase NDM-1 (plasmid) [Providencia stuartii]
WER24253.1	NDM-1	270	Plasmid_associated	WER24253.1 subclass B1 metallo-beta-lactamase NDM-1 (plasmid) [Providencia stuartii]
WER32464.1	NDM-1	270	Plasmid_associated	WER32464.1 subclass B1 metallo-beta-lactamase NDM-1 (plasmid) [Providencia stuartii]
WFC06777.1	NDM-1	270	Biological_protein	WFC06777.1 subclass B1 metallo-beta-lactamase NDM-1 [Providencia vermicola]
WFC54206.1	NDM-1	270	Plasmid_associated	WFC54206.1 subclass B1 metallo-beta-lactamase NDM-1 (plasmid) [Klebsiella pneumoniae]
WFC60014.1	NDM-1	270	Plasmid_associated	WFC60014.1 subclass B1 metallo-beta-lactamase NDM-1 (plasmid) [Klebsiella pneumoniae]
WFF21185.1	NDM-1	270	Plasmid_associated	WFF21185.1 subclass B1 metallo-beta-lactamase NDM-1 (plasmid) [Klebsiella pneumoniae]
WFL60256.1	NDM-1	270	Plasmid_associated	WFL60256.1 subclass B1 metallo-beta-lactamase NDM-1 (plasmid) [Klebsiella pneumoniae]
WFL60852.1	NDM-1	270	Plasmid_associated	WFL60852.1 subclass B1 metallo-beta-lactamase NDM-1 (plasmid) [Klebsiella pneumoniae]
WFT00227.1	NDM-1	270	Biological_protein	WFT00227.1 subclass B1 metallo-beta-lactamase NDM-1 [Acinetobacter baumannii]
WFT38012.1	NDM-1	270	Biological_protein	WFT38012.1 subclass B1 metallo-beta-lactamase NDM-1 [Acinetobacter baumannii]
WFT33205.1	NDM-1	270	Biological_protein	WFT33205.1 subclass B1 metallo-beta-lactamase NDM-1 [Acinetobacter baumannii]
WFT40815.1	NDM-1	270	Biological_protein	WFT40815.1 subclass B1 metallo-beta-lactamase NDM-1 [Acinetobacter baumannii]
WGF48943.1	NDM-1	270	Plasmid_associated	WGF48943.1 subclass B1 metallo-beta-lactamase NDM-1 (plasmid) [Klebsiella pneumoniae]
WGF49105.1	NDM-1	270	Plasmid_associated	WGF49105.1 subclass B1 metallo-beta-lactamase NDM-1 (plasmid) [Klebsiella pneumoniae]
WGL89070.1	NDM-1	270	Plasmid_associated	WGL89070.1 subclass B1 metallo-beta-lactamase NDM-1 (plasmid) [Enterobacter hormaechei]
WGO87175.1	NDM-1	270	Biological_protein	WGO87175.1 subclass B1 metallo-beta-lactamase NDM-1 [Acinetobacter pittii]
WGU81893.1	NDM-1	270	Plasmid_associated	WGU81893.1 subclass B1 metallo-beta-lactamase NDM-1 (plasmid) [Klebsiella pneumoniae]
WGU82496.1	NDM-1	270	Plasmid_associated	WGU82496.1 subclass B1 metallo-beta-lactamase NDM-1 (plasmid) [Klebsiella pneumoniae]
WGU82973.1	NDM-1	270	Plasmid_associated	WGU82973.1 subclass B1 metallo-beta-lactamase NDM-1 (plasmid) [Klebsiella pneumoniae]
WGU83268.1	NDM-1	270	Plasmid_associated	WGU83268.1 subclass B1 metallo-beta-lactamase NDM-1 (plasmid) [Klebsiella pneumoniae]
WGU83608.1	NDM-1	270	Plasmid_associated	WGU83608.1 subclass B1 metallo-beta-lactamase NDM-1 (plasmid) [Klebsiella pneumoniae]
WGU84092.1	NDM-1	270	Plasmid_associated	WGU84092.1 subclass B1 metallo-beta-lactamase NDM-1 (plasmid) [Klebsiella pneumoniae]
WGU91664.1	NDM-1	270	Plasmid_associated	WGU91664.1 subclass B1 metallo-beta-lactamase NDM-1 (plasmid) [Klebsiella pneumoniae]
WGY74961.1	NDM-1	270	Biological_protein	WGY74961.1 subclass B1 metallo-beta-lactamase NDM-1 [Aeromonas caviae]
WHQ94043.1	NDM-1	270	Plasmid_associated	WHQ94043.1 subclass B1 metallo-beta-lactamase NDM-1 (plasmid) [Klebsiella pneumoniae]
WHR46846.1	NDM-1	270	Plasmid_associated	WHR46846.1 subclass B1 metallo-beta-lactamase NDM-1 (plasmid) [Enterobacter hormaechei subsp. xiangfangensis]
WHW89658.1	NDM-1	270	Plasmid_associated	WHW89658.1 subclass B1 metallo-beta-lactamase NDM-1 (plasmid) [Citrobacter freundii]
WHW94814.1	NDM-1	270	Plasmid_associated	WHW94814.1 subclass B1 metallo-beta-lactamase NDM-1 (plasmid) [Citrobacter freundii]
WHW95026.1	NDM-1	270	Plasmid_associated	WHW95026.1 subclass B1 metallo-beta-lactamase NDM-1 (plasmid) [Citrobacter freundii]
WIE03230.1	NDM-1	270	Biological_protein	WIE03230.1 subclass B1 metallo-beta-lactamase NDM-1 [Vibrio fluvialis]
WIE10398.1	NDM-1	270	Plasmid_associated	WIE10398.1 subclass B1 metallo-beta-lactamase NDM-1 (plasmid) [Providencia rettgeri]
WII50866.1	NDM-1	270	Plasmid_associated	WII50866.1 subclass B1 metallo-beta-lactamase NDM-1 (plasmid) [Klebsiella pneumoniae]
WII60085.1	NDM-1	270	Plasmid_associated	WII60085.1 subclass B1 metallo-beta-lactamase NDM-1 (plasmid) [Escherichia coli]
WII79443.1	NDM-1	270	Plasmid_associated	WII79443.1 subclass B1 metallo-beta-lactamase NDM-1 (plasmid) [Citrobacter portucalensis]
WII85014.1	NDM-1	270	Plasmid_associated	WII85014.1 subclass B1 metallo-beta-lactamase NDM-1 (plasmid) [Klebsiella pasteurii]
WIN15248.1	NDM-1	270	Plasmid_associated	WIN15248.1 subclass B1 metallo-beta-lactamase NDM-1 (plasmid) [Klebsiella pneumoniae subsp. pneumoniae]
WJJ20379.1	NDM-1	270	Plasmid_associated	WJJ20379.1 subclass B1 metallo-beta-lactamase NDM-1 (plasmid) [Klebsiella pneumoniae]
WJJ25840.1	NDM-1	270	Plasmid_associated	WJJ25840.1 subclass B1 metallo-beta-lactamase NDM-1 (plasmid) [Klebsiella pneumoniae]
BEK62668.1	NDM-1	270	Plasmid_associated	BEK62668.1 subclass B1 metallo-beta-lactamase NDM-1 (plasmid) [Acinetobacter johnsonii]
BEK62726.1	NDM-1	270	Plasmid_associated	BEK62726.1 subclass B1 metallo-beta-lactamase NDM-1 (plasmid) [Acinetobacter sp.]
WJT16501.1	NDM-1	270	Plasmid_associated	WJT16501.1 subclass B1 metallo-beta-lactamase NDM-1 (plasmid) [Klebsiella pneumoniae]
WJT22134.1	NDM-1	270	Plasmid_associated	WJT22134.1 subclass B1 metallo-beta-lactamase NDM-1 (plasmid) [Klebsiella pneumoniae subsp. pneumoniae]
WKG27954.1	NDM-1	270	Plasmid_associated	WKG27954.1 subclass B1 metallo-beta-lactamase NDM-1 (plasmid) [Salmonella enterica subsp. enterica serovar Typhimurium]
WKG27958.1	NDM-1	270	Plasmid_associated	WKG27958.1 subclass B1 metallo-beta-lactamase NDM-1 (plasmid) [Salmonella enterica subsp. enterica serovar Typhimurium]
WKG27962.1	NDM-1	270	Plasmid_associated	WKG27962.1 subclass B1 metallo-beta-lactamase NDM-1 (plasmid) [Salmonella enterica subsp. enterica serovar Typhimurium]
WKG27967.1	NDM-1	270	Plasmid_associated	WKG27967.1 subclass B1 metallo-beta-lactamase NDM-1 (plasmid) [Salmonella enterica subsp. enterica serovar Typhimurium]
WKG27971.1	NDM-1	270	Plasmid_associated	WKG27971.1 subclass B1 metallo-beta-lactamase NDM-1 (plasmid) [Salmonella enterica subsp. enterica serovar Typhimurium]
WKG27975.1	NDM-1	270	Plasmid_associated	WKG27975.1 subclass B1 metallo-beta-lactamase NDM-1 (plasmid) [Salmonella enterica subsp. enterica serovar Typhimurium]
WKG27979.1	NDM-1	270	Plasmid_associated	WKG27979.1 subclass B1 metallo-beta-lactamase NDM-1 (plasmid) [Salmonella enterica subsp. enterica serovar Typhimurium]
WKL86726.1	NDM-1	270	Plasmid_associated	WKL86726.1 subclass B1 metallo-beta-lactamase NDM-1 (plasmid) [Klebsiella ornithinolytica]
WKV20797.1	NDM-1	270	Plasmid_associated	WKV20797.1 subclass B1 metallo-beta-lactamase NDM-1 (plasmid) [Escherichia coli]
WKV20988.1	NDM-1	270	Plasmid_associated	WKV20988.1 subclass B1 metallo-beta-lactamase NDM-1 (plasmid) [Escherichia coli]
WKV21377.1	NDM-1	270	Plasmid_associated	WKV21377.1 subclass B1 metallo-beta-lactamase NDM-1 (plasmid) [Escherichia coli]
WKV21965.1	NDM-1	270	Plasmid_associated	WKV21965.1 subclass B1 metallo-beta-lactamase NDM-1 (plasmid) [Escherichia coli]
WKY83341.1	NDM-1	270	Biological_protein	WKY83341.1 subclass B1 metallo-beta-lactamase NDM-1 [Acinetobacter baumannii]
WKY84127.1	NDM-1	270	Biological_protein	WKY84127.1 subclass B1 metallo-beta-lactamase NDM-1 [Acinetobacter baumannii]
BED93278.1	NDM-1	270	Plasmid_associated	BED93278.1 subclass B1 metallo-beta-lactamase NDM-1 (plasmid) [Acinetobacter soli]
BEP23236.1	NDM-1	270	Biological_protein	BEP23236.1 subclass B1 metallo-beta-lactamase NDM-1 [Morganella morganii subsp. sibonii]
WLW91694.1	NDM-1	270	Plasmid_associated	WLW91694.1 subclass B1 metallo-beta-lactamase NDM-1 (plasmid) [Klebsiella pneumoniae]
WLX28819.1	NDM-1	270	Plasmid_associated	WLX28819.1 subclass B1 metallo-beta-lactamase NDM-1 (plasmid) [Klebsiella pneumoniae]
WLY62135.1	NDM-1	270	Plasmid_associated	WLY62135.1 subclass B1 metallo-beta-lactamase NDM-1 (plasmid) [Klebsiella pneumoniae]
WLZ56702.1	NDM-1	270	Plasmid_associated	WLZ56702.1 subclass B1 metallo-beta-lactamase NDM-1 (plasmid) [Enterobacter hormaechei]
WMA50680.1	NDM-1	270	Plasmid_associated	WMA50680.1 subclass B1 metallo-beta-lactamase NDM-1 (plasmid) [Enterobacter hormaechei]
WMG20112.1	NDM-1	270	Plasmid_associated	WMG20112.1 subclass B1 metallo-beta-lactamase NDM-1 (plasmid) [Acinetobacter johnsonii]
pdb|8GPC|A	NDM-1	270	PDB_structure	pdb|8GPC|A Chain A, Metallo beta lactamase NDM-1
pdb|8GPC|B	NDM-1	270	PDB_structure	pdb|8GPC|B Chain B, Metallo beta lactamase NDM-1
pdb|8GPD|A	NDM-1	270	PDB_structure	pdb|8GPD|A Chain A, Metallo beta lactamase NDM-1
pdb|8GPD|B	NDM-1	270	PDB_structure	pdb|8GPD|B Chain B, Metallo beta lactamase NDM-1
pdb|8GPE|A	NDM-1	270	PDB_structure	pdb|8GPE|A Chain A, Metallo beta lactamase NDM-1
pdb|8GPE|B	NDM-1	270	PDB_structure	pdb|8GPE|B Chain B, Metallo beta lactamase NDM-1
WMQ89596.1	NDM-1	270	Plasmid_associated	WMQ89596.1 subclass B1 metallo-beta-lactamase NDM-1 (plasmid) [Enterobacter hormaechei]
WMQ94596.1	NDM-1	270	Plasmid_associated	WMQ94596.1 subclass B1 metallo-beta-lactamase NDM-1 (plasmid) [Enterobacter hormaechei]
WMR04148.1	NDM-1	270	Plasmid_associated	WMR04148.1 subclass B1 metallo-beta-lactamase NDM-1 (plasmid) [Enterobacter asburiae]
CAI6140713.1	NDM-1	270	Biological_protein	CAI6140713.1 subclass B1 metallo-beta-lactamase NDM-1 [Acinetobacter baumannii]
CAI6154491.1	NDM-1	270	Biological_protein	CAI6154491.1 subclass B1 metallo-beta-lactamase NDM-1 [Acinetobacter baumannii]
CAJ0563845.1	NDM-1	270	Biological_protein	CAJ0563845.1 subclass B1 metallo-beta-lactamase NDM-1 [Proteus mirabilis]
CAI6330886.1	NDM-1	270	Biological_protein	CAI6330886.1 subclass B1 metallo-beta-lactamase NDM-1 [Escherichia coli]
CAI6177100.1	NDM-1	270	Biological_protein	CAI6177100.1 subclass B1 metallo-beta-lactamase NDM-1 [Klebsiella pneumoniae]
WMT68913.1	NDM-1	270	Plasmid_associated	WMT68913.1 subclass B1 metallo-beta-lactamase NDM-1 (plasmid) [Enterobacter kobei]
WMW27223.1	NDM-1	270	Plasmid_associated	WMW27223.1 subclass B1 metallo-beta-lactamase NDM-1 (plasmid) [Klebsiella pneumoniae]
WMW27225.1	NDM-1	270	Plasmid_associated	WMW27225.1 subclass B1 metallo-beta-lactamase NDM-1 (plasmid) [Klebsiella pneumoniae]
WMW76831.1	NDM-1	270	Plasmid_associated	WMW76831.1 subclass B1 metallo-beta-lactamase NDM-1 (plasmid) [Acinetobacter bereziniae]
WMX34194.1	NDM-1	270	Biological_protein	WMX34194.1 subclass B1 metallo-beta-lactamase NDM-1 [Aeromonas caviae]
WMZ17057.1	NDM-1	270	Biological_protein	WMZ17057.1 subclass B1 metallo-beta-lactamase NDM-1 [Escherichia coli]
WNL65884.1	NDM-1	270	Plasmid_associated	WNL65884.1 subclass B1 metallo-beta-lactamase NDM-1 (plasmid) [Acinetobacter junii]
WNS35475.1	NDM-1	270	Plasmid_associated	WNS35475.1 subclass B1 metallo-beta-lactamase NDM-1 (plasmid) [Enterobacter asburiae]
WNS40640.1	NDM-1	270	Plasmid_associated	WNS40640.1 subclass B1 metallo-beta-lactamase NDM-1 (plasmid) [Enterobacter chuandaensis]
WNT09712.1	NDM-1	270	Plasmid_associated	WNT09712.1 subclass B1 metallo-beta-lactamase NDM-1 (plasmid) [Citrobacter freundii]
WNT34425.1	NDM-1	270	Plasmid_associated	WNT34425.1 subclass B1 metallo-beta-lactamase NDM-1 (plasmid) [Enterobacter hormaechei]
WNT39130.1	NDM-1	270	Plasmid_associated	WNT39130.1 subclass B1 metallo-beta-lactamase NDM-1 (plasmid) [Enterobacter cloacae]
WNU05768.1	NDM-1	270	Plasmid_associated	WNU05768.1 subclass B1 metallo-beta-lactamase NDM-1 (plasmid) [Citrobacter freundii]
WNW57901.1	NDM-1	270	Plasmid_associated	WNW57901.1 subclass B1 metallo-beta-lactamase NDM-1 (plasmid) [Citrobacter freundii]
WOD70958.1	NDM-1	270	Plasmid_associated	WOD70958.1 subclass B1 metallo-beta-lactamase NDM-1 (plasmid) [Citrobacter freundii]
WOF58401.1	NDM-1	270	Plasmid_associated	WOF58401.1 subclass B1 metallo-beta-lactamase NDM-1 (plasmid) [Klebsiella pneumoniae]
WOH46621.1	NDM-1	270	Plasmid_associated	WOH46621.1 subclass B1 metallo-beta-lactamase NDM-1 (plasmid) [Citrobacter portucalensis]
WOO47910.1	NDM-1	270	Plasmid_associated	WOO47910.1 subclass B1 metallo-beta-lactamase NDM-1 (plasmid) [Hafnia alvei]
WOO56501.1	NDM-1	270	Plasmid_associated	WOO56501.1 subclass B1 metallo-beta-lactamase NDM-1 (plasmid) [Escherichia coli]
WOO63995.1	NDM-1	270	Plasmid_associated	WOO63995.1 subclass B1 metallo-beta-lactamase NDM-1 (plasmid) [Klebsiella quasipneumoniae]
WOQ00943.1	NDM-1	270	Plasmid_associated	WOQ00943.1 subclass B1 metallo-beta-lactamase NDM-1 (plasmid) [Citrobacter freundii]
WOQ06045.1	NDM-1	270	Plasmid_associated	WOQ06045.1 subclass B1 metallo-beta-lactamase NDM-1 (plasmid) [Citrobacter freundii]
WOQ85802.1	NDM-1	270	Plasmid_associated	WOQ85802.1 subclass B1 metallo-beta-lactamase NDM-1 (plasmid) [Proteus mirabilis]
WOR32476.1	NDM-1	270	Plasmid_associated	WOR32476.1 subclass B1 metallo-beta-lactamase NDM-1 (plasmid) [Citrobacter portucalensis]
WOR27553.1	NDM-1	270	Plasmid_associated	WOR27553.1 subclass B1 metallo-beta-lactamase NDM-1 (plasmid) [Citrobacter braakii]
WOR47631.1	NDM-1	270	Plasmid_associated	WOR47631.1 subclass B1 metallo-beta-lactamase NDM-1 (plasmid) [Citrobacter freundii]
WOR42297.1	NDM-1	270	Plasmid_associated	WOR42297.1 subclass B1 metallo-beta-lactamase NDM-1 (plasmid) [Citrobacter freundii]
WOR62673.1	NDM-1	270	Plasmid_associated	WOR62673.1 subclass B1 metallo-beta-lactamase NDM-1 (plasmid) [Citrobacter freundii]
WOR52642.1	NDM-1	270	Plasmid_associated	WOR52642.1 subclass B1 metallo-beta-lactamase NDM-1 (plasmid) [Citrobacter freundii]
WOR57918.1	NDM-1	270	Plasmid_associated	WOR57918.1 subclass B1 metallo-beta-lactamase NDM-1 (plasmid) [Citrobacter freundii]
WOR57928.1	NDM-1	270	Plasmid_associated	WOR57928.1 subclass B1 metallo-beta-lactamase NDM-1 (plasmid) [Citrobacter freundii]
WOR98181.1	NDM-1	270	Biological_protein	WOR98181.1 subclass B1 metallo-beta-lactamase NDM-1 [Proteus mirabilis]
WOR92300.1	NDM-1	270	Plasmid_associated	WOR92300.1 subclass B1 metallo-beta-lactamase NDM-1 (plasmid) [Proteus mirabilis]
WOR96257.1	NDM-1	270	Plasmid_associated	WOR96257.1 subclass B1 metallo-beta-lactamase NDM-1 (plasmid) [Proteus mirabilis]
WOS19097.1	NDM-1	270	Plasmid_associated	WOS19097.1 subclass B1 metallo-beta-lactamase NDM-1 (plasmid) [Proteus mirabilis]
WOS15139.1	NDM-1	270	Plasmid_associated	WOS15139.1 subclass B1 metallo-beta-lactamase NDM-1 (plasmid) [Proteus mirabilis]
WOT30799.1	NDM-1	270	Biological_protein	WOT30799.1 subclass B1 metallo-beta-lactamase NDM-1 [Proteus mirabilis]
WOT45484.1	NDM-1	270	Biological_protein	WOT45484.1 subclass B1 metallo-beta-lactamase NDM-1 [Pseudomonas aeruginosa]
WOT53730.1	NDM-1	270	Biological_protein	WOT53730.1 subclass B1 metallo-beta-lactamase NDM-1 [Pseudomonas aeruginosa]
WOT53731.1	NDM-1	270	Biological_protein	WOT53731.1 subclass B1 metallo-beta-lactamase NDM-1 [Pseudomonas aeruginosa]
WOT53732.1	NDM-1	270	Biological_protein	WOT53732.1 subclass B1 metallo-beta-lactamase NDM-1 [Pseudomonas aeruginosa]
WOT47000.1	NDM-1	270	Biological_protein	WOT47000.1 subclass B1 metallo-beta-lactamase NDM-1 [Pseudomonas aeruginosa]
WOT53174.1	NDM-1	270	Plasmid_associated	WOT53174.1 subclass B1 metallo-beta-lactamase NDM-1 (plasmid) [Pseudomonas aeruginosa]
WOT66785.1	NDM-1	270	Biological_protein	WOT66785.1 subclass B1 metallo-beta-lactamase NDM-1 [Pseudomonas aeruginosa]
WOT84789.1	NDM-1	270	Biological_protein	WOT84789.1 subclass B1 metallo-beta-lactamase NDM-1 [Pseudomonas aeruginosa]
WOT84790.1	NDM-1	270	Biological_protein	WOT84790.1 subclass B1 metallo-beta-lactamase NDM-1 [Pseudomonas aeruginosa]
WOT85070.1	NDM-1	270	Plasmid_associated	WOT85070.1 subclass B1 metallo-beta-lactamase NDM-1 (plasmid) [Pseudomonas aeruginosa]
WOT91740.1	NDM-1	270	Biological_protein	WOT91740.1 subclass B1 metallo-beta-lactamase NDM-1 [Pseudomonas aeruginosa]
WOU47126.1	NDM-1	270	Plasmid_associated	WOU47126.1 subclass B1 metallo-beta-lactamase NDM-1 (plasmid) [Citrobacter portucalensis]
WOU47529.1	NDM-1	270	Plasmid_associated	WOU47529.1 subclass B1 metallo-beta-lactamase NDM-1 (plasmid) [Citrobacter portucalensis]
WOU96714.1	NDM-1	270	Plasmid_associated	WOU96714.1 subclass B1 metallo-beta-lactamase NDM-1 (plasmid) [Klebsiella pneumoniae]
WOV13765.1	NDM-1	270	Plasmid_associated	WOV13765.1 subclass B1 metallo-beta-lactamase NDM-1 (plasmid) [Klebsiella pneumoniae]
WOW96204.1	NDM-1	270	Plasmid_associated	WOW96204.1 subclass B1 metallo-beta-lactamase NDM-1 (plasmid) [Salmonella enterica subsp. enterica serovar Typhimurium]
WOW96564.1	NDM-1	270	Biological_protein	WOW96564.1 subclass B1 metallo-beta-lactamase NDM-1 [Enterobacter cloacae complex sp.]
WOZ42686.1	NDM-1	270	Biological_protein	WOZ42686.1 subclass B1 metallo-beta-lactamase NDM-1 [Proteus mirabilis]
WOZ42693.1	NDM-1	270	Biological_protein	WOZ42693.1 subclass B1 metallo-beta-lactamase NDM-1 [Proteus mirabilis]
WOZ89779.1	NDM-1	270	Biological_protein	WOZ89779.1 subclass B1 metallo-beta-lactamase NDM-1 [Morganella morganii]
WOZ95414.1	NDM-1	270	Plasmid_associated	WOZ95414.1 subclass B1 metallo-beta-lactamase NDM-1 (plasmid) [Klebsiella pneumoniae]
WPA00833.1	NDM-1	270	Plasmid_associated	WPA00833.1 subclass B1 metallo-beta-lactamase NDM-1 (plasmid) [Klebsiella pneumoniae]
WPA06261.1	NDM-1	270	Plasmid_associated	WPA06261.1 subclass B1 metallo-beta-lactamase NDM-1 (plasmid) [Klebsiella pneumoniae]
BEE01203.1	NDM-1	270	Biological_protein	BEE01203.1 subclass B1 metallo-beta-lactamase NDM-1 [Aeromonas dhakensis]
BEE06968.1	NDM-1	270	Biological_protein	BEE06968.1 subclass B1 metallo-beta-lactamase NDM-1 [Aeromonas veronii]
BEE11470.1	NDM-1	270	Biological_protein	BEE11470.1 subclass B1 metallo-beta-lactamase NDM-1 [Aeromonas dhakensis]
BEE15716.1	NDM-1	270	Biological_protein	BEE15716.1 subclass B1 metallo-beta-lactamase NDM-1 [Aeromonas veronii]
BEE19879.1	NDM-1	270	Biological_protein	BEE19879.1 subclass B1 metallo-beta-lactamase NDM-1 [Aeromonas enteropelogenes]
BEE24046.1	NDM-1	270	Biological_protein	BEE24046.1 subclass B1 metallo-beta-lactamase NDM-1 [Aeromonas enteropelogenes]
BEE28353.1	NDM-1	270	Biological_protein	BEE28353.1 subclass B1 metallo-beta-lactamase NDM-1 [Aeromonas dhakensis]
WPC97277.1	NDM-1	270	Plasmid_associated	WPC97277.1 subclass B1 metallo-beta-lactamase NDM-1 (plasmid) [Proteus terrae]
WPD35634.1	NDM-1	270	Plasmid_associated	WPD35634.1 subclass B1 metallo-beta-lactamase NDM-1 (plasmid) [Salmonella enterica subsp. enterica serovar Mbandaka]
WPD35639.1	NDM-1	270	Plasmid_associated	WPD35639.1 subclass B1 metallo-beta-lactamase NDM-1 (plasmid) [Salmonella enterica subsp. enterica serovar Mbandaka]
WPD35644.1	NDM-1	270	Plasmid_associated	WPD35644.1 subclass B1 metallo-beta-lactamase NDM-1 (plasmid) [Salmonella enterica subsp. enterica serovar Mbandaka]
WPD40324.1	NDM-1	270	Plasmid_associated	WPD40324.1 subclass B1 metallo-beta-lactamase NDM-1 (plasmid) [Salmonella enterica subsp. enterica serovar Mbandaka]
WPD40329.1	NDM-1	270	Plasmid_associated	WPD40329.1 subclass B1 metallo-beta-lactamase NDM-1 (plasmid) [Salmonella enterica subsp. enterica serovar Mbandaka]
WPD40334.1	NDM-1	270	Plasmid_associated	WPD40334.1 subclass B1 metallo-beta-lactamase NDM-1 (plasmid) [Salmonella enterica subsp. enterica serovar Mbandaka]
WPD40339.1	NDM-1	270	Plasmid_associated	WPD40339.1 subclass B1 metallo-beta-lactamase NDM-1 (plasmid) [Salmonella enterica subsp. enterica serovar Mbandaka]
WPD40344.1	NDM-1	270	Plasmid_associated	WPD40344.1 subclass B1 metallo-beta-lactamase NDM-1 (plasmid) [Salmonella enterica subsp. enterica serovar Mbandaka]
WPD40349.1	NDM-1	270	Plasmid_associated	WPD40349.1 subclass B1 metallo-beta-lactamase NDM-1 (plasmid) [Salmonella enterica subsp. enterica serovar Mbandaka]
WPD40354.1	NDM-1	270	Plasmid_associated	WPD40354.1 subclass B1 metallo-beta-lactamase NDM-1 (plasmid) [Salmonella enterica subsp. enterica serovar Mbandaka]
WPE13565.1	NDM-1	270	Biological_protein	WPE13565.1 subclass B1 metallo-beta-lactamase NDM-1, partial [Salmonella enterica subsp. enterica serovar Enteritidis]
WPF06416.1	NDM-1	270	Plasmid_associated	WPF06416.1 subclass B1 metallo-beta-lactamase NDM-1 (plasmid) [Proteus vulgaris]
WPG64028.1	NDM-1	270	Plasmid_associated	WPG64028.1 subclass B1 metallo-beta-lactamase NDM-1 (plasmid) [Klebsiella pneumoniae]
WPG80499.1	NDM-1	270	Plasmid_associated	WPG80499.1 subclass B1 metallo-beta-lactamase NDM-1 (plasmid) [Klebsiella pneumoniae]
WPG75264.1	NDM-1	270	Plasmid_associated	WPG75264.1 subclass B1 metallo-beta-lactamase NDM-1 (plasmid) [Klebsiella pneumoniae]
WPG69645.1	NDM-1	270	Plasmid_associated	WPG69645.1 subclass B1 metallo-beta-lactamase NDM-1 (plasmid) [Klebsiella pneumoniae]
WPG85933.1	NDM-1	270	Plasmid_associated	WPG85933.1 subclass B1 metallo-beta-lactamase NDM-1 (plasmid) [Klebsiella pneumoniae]
WPG91349.1	NDM-1	270	Plasmid_associated	WPG91349.1 subclass B1 metallo-beta-lactamase NDM-1 (plasmid) [Klebsiella pneumoniae]
WPG96780.1	NDM-1	270	Plasmid_associated	WPG96780.1 subclass B1 metallo-beta-lactamase NDM-1 (plasmid) [Klebsiella pneumoniae]
WPS20882.1	NDM-1	270	Plasmid_associated	WPS20882.1 subclass B1 metallo-beta-lactamase NDM-1 (plasmid) [Klebsiella aerogenes]
WPS06206.1	NDM-1	270	Plasmid_associated	WPS06206.1 subclass B1 metallo-beta-lactamase NDM-1 (plasmid) [Klebsiella aerogenes]
WPU57383.1	NDM-1	270	Biological_protein	WPU57383.1 subclass B1 metallo-beta-lactamase NDM-1 [Stenotrophomonas acidaminiphila]
WPU59614.1	NDM-1	270	Biological_protein	WPU59614.1 subclass B1 metallo-beta-lactamase NDM-1 [Pseudomonas asiatica]
CAK6619591.1	NDM-1	270	Plasmid_associated	CAK6619591.1 subclass B1 metallo-beta-lactamase NDM-1 (plasmid) [Providencia stuartii]
WQC43319.1	NDM-1	270	Biological_protein	WQC43319.1 subclass B1 metallo-beta-lactamase NDM-1 [Acinetobacter baumannii]
WQD07178.1	NDM-1	270	Plasmid_associated	WQD07178.1 subclass B1 metallo-beta-lactamase NDM-1 (plasmid) [Klebsiella pneumoniae]
WQI01735.1	NDM-1	270	Plasmid_associated	WQI01735.1 subclass B1 metallo-beta-lactamase NDM-1 (plasmid) [Enterobacter hormaechei]
WQJ91346.1	NDM-1	270	Plasmid_associated	WQJ91346.1 subclass B1 metallo-beta-lactamase NDM-1 (plasmid) [Enterobacter hormaechei]
WQN52255.1	NDM-1	270	Plasmid_associated	WQN52255.1 subclass B1 metallo-beta-lactamase NDM-1 (plasmid) [Acinetobacter johnsonii]
WQN49170.1	NDM-1	270	Plasmid_associated	WQN49170.1 subclass B1 metallo-beta-lactamase NDM-1 (plasmid) [Acinetobacter johnsonii]
pdb|8B1W|A	NDM-1	242	PDB_structure	pdb|8B1W|A Chain A, Beta-lactamase NDM-1
pdb|8B1W|B	NDM-1	242	PDB_structure	pdb|8B1W|B Chain B, Beta-lactamase NDM-1
pdb|8B1Z|A	NDM-1	242	PDB_structure	pdb|8B1Z|A Chain A, Beta-lactamase NDM-1
pdb|8B1Z|B	NDM-1	242	PDB_structure	pdb|8B1Z|B Chain B, Beta-lactamase NDM-1
pdb|8B20|A	NDM-1	242	PDB_structure	pdb|8B20|A Chain A, Beta-lactamase NDM-1
pdb|8B20|B	NDM-1	242	PDB_structure	pdb|8B20|B Chain B, Beta-lactamase NDM-1
WRP40624.1	NDM-1	270	Plasmid_associated	WRP40624.1 subclass B1 metallo-beta-lactamase NDM-1 (plasmid) [Klebsiella variicola]
WRR60714.1	NDM-1	270	Plasmid_associated	WRR60714.1 subclass B1 metallo-beta-lactamase NDM-1 (plasmid) [Klebsiella pneumoniae]
WRT27940.1	NDM-1	270	Plasmid_associated	WRT27940.1 subclass B1 metallo-beta-lactamase NDM-1 (plasmid) [Klebsiella pneumoniae]
WRV53914.1	NDM-1	270	Plasmid_associated	WRV53914.1 subclass B1 metallo-beta-lactamase NDM-1 (plasmid) [Providencia stuartii]
WRX85532.1	NDM-1	270	Plasmid_associated	WRX85532.1 subclass B1 metallo-beta-lactamase NDM-1 (plasmid) [Escherichia coli]
WSE39095.1	NDM-1	270	Plasmid_associated	WSE39095.1 subclass B1 metallo-beta-lactamase NDM-1 (plasmid) [Acinetobacter pittii]
WVO99916.1	NDM-1	270	Biological_protein	WVO99916.1 subclass B1 metallo-beta-lactamase NDM-1 [Pseudomonas aeruginosa]
WVP17952.1	NDM-1	270	Biological_protein	WVP17952.1 subclass B1 metallo-beta-lactamase NDM-1 [Pseudomonas aeruginosa]
WVP07947.1	NDM-1	270	Biological_protein	WVP07947.1 subclass B1 metallo-beta-lactamase NDM-1 [Pseudomonas aeruginosa]
pdb|8I8F|A	NDM-1	270	PDB_structure	pdb|8I8F|A Chain A, Metallo beta lactamase NDM-1
pdb|8I8F|B	NDM-1	270	PDB_structure	pdb|8I8F|B Chain B, Metallo beta lactamase NDM-1
WVR78551.1	NDM-1	270	Plasmid_associated	WVR78551.1 subclass B1 metallo-beta-lactamase NDM-1 (plasmid) [Klebsiella pneumoniae]
WVR67042.1	NDM-1	270	Plasmid_associated	WVR67042.1 subclass B1 metallo-beta-lactamase NDM-1 (plasmid) [Klebsiella pneumoniae]
WVR72747.1	NDM-1	270	Plasmid_associated	WVR72747.1 subclass B1 metallo-beta-lactamase NDM-1 (plasmid) [Klebsiella variicola]
WVS04568.1	NDM-1	270	Plasmid_associated	WVS04568.1 subclass B1 metallo-beta-lactamase NDM-1 (plasmid) [Klebsiella pneumoniae]
WVS90296.1	NDM-1	270	Plasmid_associated	WVS90296.1 subclass B1 metallo-beta-lactamase NDM-1 (plasmid) [Acinetobacter bereziniae]
WWD35706.1	NDM-1	270	Plasmid_associated	WWD35706.1 subclass B1 metallo-beta-lactamase NDM-1 (plasmid) [Klebsiella pneumoniae]
WWD40819.1	NDM-1	270	Plasmid_associated	WWD40819.1 subclass B1 metallo-beta-lactamase NDM-1 (plasmid) [Klebsiella pneumoniae]
BCT04753.1	NDM-1	270	Biological_protein	BCT04753.1 subclass B1 metallo-beta-lactamase NDM-1 [Providencia vermicola]
BCT04763.1	NDM-1	270	Biological_protein	BCT04763.1 subclass B1 metallo-beta-lactamase NDM-1 [Providencia vermicola]
WWL89196.1	NDM-1	270	Biological_protein	WWL89196.1 subclass B1 metallo-beta-lactamase NDM-1 [Proteus mirabilis]
WWL95587.1	NDM-1	270	Biological_protein	WWL95587.1 subclass B1 metallo-beta-lactamase NDM-1 [Pseudomonas aeruginosa]
WWR35250.1	NDM-1	270	Plasmid_associated	WWR35250.1 subclass B1 metallo-beta-lactamase NDM-1 (plasmid) [Klebsiella pneumoniae]
WWY14729.1	NDM-1	270	Biological_protein	WWY14729.1 subclass B1 metallo-beta-lactamase NDM-1 [Pseudomonas juntendi]
WWY19723.1	NDM-1	270	Biological_protein	WWY19723.1 subclass B1 metallo-beta-lactamase NDM-1 [Pseudomonas juntendi]
WXD31613.1	NDM-1	270	Biological_protein	WXD31613.1 subclass B1 metallo-beta-lactamase NDM-1 [Pseudomonas aeruginosa]
WXI86963.1	NDM-1	270	Plasmid_associated	WXI86963.1 subclass B1 metallo-beta-lactamase NDM-1 (plasmid) [Klebsiella pneumoniae]
WYB54350.1	NDM-1	270	Plasmid_associated	WYB54350.1 subclass B1 metallo-beta-lactamase NDM-1 (plasmid) [Klebsiella pneumoniae]
WYI24745.1	NDM-1	270	Plasmid_associated	WYI24745.1 subclass B1 metallo-beta-lactamase NDM-1 (plasmid) [Enterobacter hormaechei]
WYI88758.1	NDM-1	270	Biological_protein	WYI88758.1 subclass B1 metallo-beta-lactamase NDM-1 [Shewanella chilikensis]
WYK59432.1	NDM-1	270	Plasmid_associated	WYK59432.1 subclass B1 metallo-beta-lactamase NDM-1 (plasmid) [Morganella morganii]
WYK63457.1	NDM-1	270	Plasmid_associated	WYK63457.1 subclass B1 metallo-beta-lactamase NDM-1 (plasmid) [Morganella morganii]
WYK68820.1	NDM-1	270	Plasmid_associated	WYK68820.1 subclass B1 metallo-beta-lactamase NDM-1 (plasmid) [Klebsiella pneumoniae]
WYL24790.1	NDM-1	270	Biological_protein	WYL24790.1 subclass B1 metallo-beta-lactamase NDM-1 [Escherichia coli]
WYV95009.1	NDM-1	270	Biological_protein	WYV95009.1 subclass B1 metallo-beta-lactamase NDM-1 [Vector T-blaNDM-1]
WYW54268.1	NDM-1	270	Plasmid_associated	WYW54268.1 subclass B1 metallo-beta-lactamase NDM-1 (plasmid) [Citrobacter freundii]
WZF83144.1	NDM-1	270	Plasmid_associated	WZF83144.1 subclass B1 metallo-beta-lactamase NDM-1 (plasmid) [Klebsiella pneumoniae]
WZS80402.1	NDM-1	270	Plasmid_associated	WZS80402.1 subclass B1 metallo-beta-lactamase NDM-1 (plasmid) [Acinetobacter baumannii]
WZS76546.1	NDM-1	270	Plasmid_associated	WZS76546.1 subclass B1 metallo-beta-lactamase NDM-1 (plasmid) [Acinetobacter baumannii]
WZU61900.1	NDM-1	270	Plasmid_associated	WZU61900.1 subclass B1 metallo-beta-lactamase NDM-1 (plasmid) [Providencia rettgeri]
WZU57056.1	NDM-1	270	Plasmid_associated	WZU57056.1 subclass B1 metallo-beta-lactamase NDM-1 (plasmid) [Serratia marcescens]
WZU74881.1	NDM-1	270	Plasmid_associated	WZU74881.1 subclass B1 metallo-beta-lactamase NDM-1 (plasmid) [Klebsiella pneumoniae]
WZU80059.1	NDM-1	270	Plasmid_associated	WZU80059.1 subclass B1 metallo-beta-lactamase NDM-1 (plasmid) [Klebsiella pneumoniae]
WZU85283.1	NDM-1	270	Plasmid_associated	WZU85283.1 subclass B1 metallo-beta-lactamase NDM-1 (plasmid) [Klebsiella pneumoniae]
WZW71005.1	NDM-1	270	Biological_protein	WZW71005.1 subclass B1 metallo-beta-lactamase NDM-1 [Escherichia coli]
XAF76681.1	NDM-1	270	Biological_protein	XAF76681.1 subclass B1 metallo-beta-lactamase NDM-1 [Proteus mirabilis]
XAH69703.1	NDM-1	270	Plasmid_associated	XAH69703.1 subclass B1 metallo-beta-lactamase NDM-1 (plasmid) [Klebsiella pneumoniae]
XAI26200.1	NDM-1	270	Biological_protein	XAI26200.1 subclass B1 metallo-beta-lactamase NDM-1 [Acinetobacter baumannii]
XAK69771.1	NDM-1	270	Plasmid_associated	XAK69771.1 subclass B1 metallo-beta-lactamase NDM-1 (plasmid) [Klebsiella planticola]
XAL93271.1	NDM-1	270	Plasmid_associated	XAL93271.1 subclass B1 metallo-beta-lactamase NDM-1 (plasmid) [Citrobacter freundii]
XAR24984.1	NDM-1	270	Plasmid_associated	XAR24984.1 subclass B1 metallo-beta-lactamase NDM-1 (plasmid) [Citrobacter freundii]
XAV58872.1	NDM-1	270	Biological_protein	XAV58872.1 subclass B1 metallo-beta-lactamase NDM-1 [Pseudomonas aeruginosa]
XAY95344.1	NDM-1	270	Plasmid_associated	XAY95344.1 subclass B1 metallo-beta-lactamase NDM-1 (plasmid) [Enterobacter roggenkampii]
XBE28137.1	NDM-1	270	Plasmid_associated	XBE28137.1 subclass B1 metallo-beta-lactamase NDM-1 (plasmid) [Enterobacter hormaechei]
XBQ29322.1	NDM-1	270	Plasmid_associated	XBQ29322.1 subclass B1 metallo-beta-lactamase NDM-1 (plasmid) [Enterobacter hormaechei]
XBZ56478.1	NDM-1	270	Plasmid_associated	XBZ56478.1 subclass B1 metallo-beta-lactamase NDM-1 (plasmid) [Providencia huaxiensis]
XBZ56907.1	NDM-1	270	Plasmid_associated	XBZ56907.1 subclass B1 metallo-beta-lactamase NDM-1 (plasmid) [Providencia huaxiensis]
XCN92999.1	NDM-1	270	Plasmid_associated	XCN92999.1 subclass B1 metallo-beta-lactamase NDM-1 (plasmid) [Klebsiella pneumoniae]
XCN98420.1	NDM-1	270	Plasmid_associated	XCN98420.1 subclass B1 metallo-beta-lactamase NDM-1 (plasmid) [Klebsiella pneumoniae]
XAG40760.1	NDM-1	270	Biological_protein	XAG40760.1 subclass B1 metallo-beta-lactamase NDM-1 [Aeromonas sp. 19NY04SH05-1]
XAG37191.1	NDM-1	270	Biological_protein	XAG37191.1 subclass B1 metallo-beta-lactamase NDM-1 [Acinetobacter pittii]
XCQ50846.1	NDM-1	270	Plasmid_associated	XCQ50846.1 subclass B1 metallo-beta-lactamase NDM-1 (plasmid) [Klebsiella pneumoniae]
XCV79725.1	NDM-1	270	Plasmid_associated	XCV79725.1 subclass B1 metallo-beta-lactamase NDM-1 (plasmid) [Klebsiella pneumoniae]
XDB06851.1	NDM-1	270	Biological_protein	XDB06851.1 subclass B1 metallo-beta-lactamase NDM-1 [Acinetobacter baumannii]
XDB33250.1	NDM-1	270	Plasmid_associated	XDB33250.1 subclass B1 metallo-beta-lactamase NDM-1 (plasmid) [Klebsiella pneumoniae]
XDD15599.1	NDM-1	270	Plasmid_associated	XDD15599.1 subclass B1 metallo-beta-lactamase NDM-1 (plasmid) [Klebsiella pneumoniae]
XDM37880.1	NDM-1	270	Plasmid_associated	XDM37880.1 subclass B1 metallo-beta-lactamase NDM-1 (plasmid) [Citrobacter freundii]
XDM11277.1	NDM-1	270	Plasmid_associated	XDM11277.1 subclass B1 metallo-beta-lactamase NDM-1 (plasmid) [Klebsiella planticola]
XDM22288.1	NDM-1	270	Plasmid_associated	XDM22288.1 subclass B1 metallo-beta-lactamase NDM-1 (plasmid) [Klebsiella ornithinolytica]
XDM32918.1	NDM-1	270	Plasmid_associated	XDM32918.1 subclass B1 metallo-beta-lactamase NDM-1 (plasmid) [Citrobacter freundii]
XDM16792.1	NDM-1	270	Plasmid_associated	XDM16792.1 subclass B1 metallo-beta-lactamase NDM-1 (plasmid) [Klebsiella planticola]
XDM58921.1	NDM-1	270	Plasmid_associated	XDM58921.1 subclass B1 metallo-beta-lactamase NDM-1 (plasmid) [Klebsiella pneumoniae]
XDM69216.1	NDM-1	270	Plasmid_associated	XDM69216.1 subclass B1 metallo-beta-lactamase NDM-1 (plasmid) [Enterobacter asburiae]
XDM74276.1	NDM-1	270	Plasmid_associated	XDM74276.1 subclass B1 metallo-beta-lactamase NDM-1 (plasmid) [Klebsiella quasipneumoniae]
XDM84002.1	NDM-1	270	Plasmid_associated	XDM84002.1 subclass B1 metallo-beta-lactamase NDM-1 (plasmid) [Enterobacter hormaechei]
XDM53836.1	NDM-1	270	Plasmid_associated	XDM53836.1 subclass B1 metallo-beta-lactamase NDM-1 (plasmid) [Klebsiella pasteurii]
XDM64491.1	NDM-1	270	Plasmid_associated	XDM64491.1 subclass B1 metallo-beta-lactamase NDM-1 (plasmid) [Klebsiella pasteurii]
XDM79306.1	NDM-1	270	Plasmid_associated	XDM79306.1 subclass B1 metallo-beta-lactamase NDM-1 (plasmid) [Klebsiella quasipneumoniae]
XDN16728.1	NDM-1	270	Plasmid_associated	XDN16728.1 subclass B1 metallo-beta-lactamase NDM-1 (plasmid) [Citrobacter freundii]
XDN11564.1	NDM-1	270	Plasmid_associated	XDN11564.1 subclass B1 metallo-beta-lactamase NDM-1 (plasmid) [Enterobacter hormaechei]
XDN31147.1	NDM-1	270	Plasmid_associated	XDN31147.1 subclass B1 metallo-beta-lactamase NDM-1 (plasmid) [Enterobacter hormaechei]
XDN61137.1	NDM-1	270	Plasmid_associated	XDN61137.1 subclass B1 metallo-beta-lactamase NDM-1 (plasmid) [Enterobacter hormaechei]
XDN36096.1	NDM-1	270	Plasmid_associated	XDN36096.1 subclass B1 metallo-beta-lactamase NDM-1 (plasmid) [Enterobacter hormaechei]
XDN41477.1	NDM-1	270	Plasmid_associated	XDN41477.1 subclass B1 metallo-beta-lactamase NDM-1 (plasmid) [Klebsiella pneumoniae]
XDN46530.1	NDM-1	270	Plasmid_associated	XDN46530.1 subclass B1 metallo-beta-lactamase NDM-1 (plasmid) [Enterobacter hormaechei]
XDN56270.1	NDM-1	270	Plasmid_associated	XDN56270.1 subclass B1 metallo-beta-lactamase NDM-1 (plasmid) [Enterobacter hormaechei]
XDN65819.1	NDM-1	270	Plasmid_associated	XDN65819.1 subclass B1 metallo-beta-lactamase NDM-1 (plasmid) [Escherichia coli]
XDN84032.1	NDM-1	270	Plasmid_associated	XDN84032.1 subclass B1 metallo-beta-lactamase NDM-1 (plasmid) [Escherichia coli]
XDO30183.1	NDM-1	270	Plasmid_associated	XDO30183.1 subclass B1 metallo-beta-lactamase NDM-1 (plasmid) [Klebsiella quasipneumoniae]
XDO94915.1	NDM-1	270	Plasmid_associated	XDO94915.1 subclass B1 metallo-beta-lactamase NDM-1 (plasmid) [Acinetobacter radioresistens]
XDO92099.1	NDM-1	270	Plasmid_associated	XDO92099.1 subclass B1 metallo-beta-lactamase NDM-1 (plasmid) [Acinetobacter nosocomialis]
XDO88449.1	NDM-1	270	Plasmid_associated	XDO88449.1 subclass B1 metallo-beta-lactamase NDM-1 (plasmid) [Acinetobacter pittii]
XEB21907.1	NDM-1	270	Plasmid_associated	XEB21907.1 subclass B1 metallo-beta-lactamase NDM-1 (plasmid) [Escherichia coli]
XEC01542.1	NDM-1	270	Plasmid_associated	XEC01542.1 subclass B1 metallo-beta-lactamase NDM-1 (plasmid) [Klebsiella pneumoniae]
XED46393.1	NDM-1	270	Plasmid_associated	XED46393.1 subclass B1 metallo-beta-lactamase NDM-1 (plasmid) [Klebsiella michiganensis]
XEL89764.1	NDM-1	270	Plasmid_associated	XEL89764.1 subclass B1 metallo-beta-lactamase NDM-1 (plasmid) [Pseudomonas aeruginosa]
XEL96465.1	NDM-1	270	Plasmid_associated	XEL96465.1 subclass B1 metallo-beta-lactamase NDM-1 (plasmid) [Pseudomonas aeruginosa]
XEM45207.1	NDM-1	270	Plasmid_associated	XEM45207.1 subclass B1 metallo-beta-lactamase NDM-1 (plasmid) [Klebsiella pneumoniae]
XES65542.1	NDM-1	270	Plasmid_associated	XES65542.1 subclass B1 metallo-beta-lactamase NDM-1 (plasmid) [Enterobacter hormaechei]
XEW57236.1	NDM-1	270	Plasmid_associated	XEW57236.1 subclass B1 metallo-beta-lactamase NDM-1 (plasmid) [Acinetobacter radioresistens]
XEW60584.1	NDM-1	270	Plasmid_associated	XEW60584.1 subclass B1 metallo-beta-lactamase NDM-1 (plasmid) [Acinetobacter ursingii]
XEW54220.1	NDM-1	270	Plasmid_associated	XEW54220.1 subclass B1 metallo-beta-lactamase NDM-1 (plasmid) [Acinetobacter baumannii]
XFB29383.1	NDM-1	270	Plasmid_associated	XFB29383.1 subclass B1 metallo-beta-lactamase NDM-1 (plasmid) [Acinetobacter pittii]
XFE33720.1	NDM-1	270	Plasmid_associated	XFE33720.1 subclass B1 metallo-beta-lactamase NDM-1 (plasmid) [Klebsiella ornithinolytica]
XFE43401.1	NDM-1	270	Plasmid_associated	XFE43401.1 subclass B1 metallo-beta-lactamase NDM-1 (plasmid) [Klebsiella ornithinolytica]
XGQ76962.1	NDM-1	270	Plasmid_associated	XGQ76962.1 subclass B1 metallo-beta-lactamase NDM-1 (plasmid) [Escherichia coli]
XGU48670.1	NDM-1	270	Biological_protein	XGU48670.1 subclass B1 metallo-beta-lactamase NDM-1 [Acinetobacter baumannii]
XGV35154.1	NDM-1	270	Plasmid_associated	XGV35154.1 subclass B1 metallo-beta-lactamase NDM-1 (plasmid) [Acinetobacter indicus]
XGV57354.1	NDM-1	270	Biological_protein	XGV57354.1 subclass B1 metallo-beta-lactamase NDM-1 [Pseudomonas aeruginosa]
XGV55934.1	NDM-1	270	Biological_protein	XGV55934.1 subclass B1 metallo-beta-lactamase NDM-1 [Pseudomonas aeruginosa]
XGV43205.1	NDM-1	270	Biological_protein	XGV43205.1 subclass B1 metallo-beta-lactamase NDM-1 [Pseudomonas aeruginosa]
XGV63712.1	NDM-1	270	Biological_protein	XGV63712.1 subclass B1 metallo-beta-lactamase NDM-1 [Pseudomonas aeruginosa]
XGV46920.1	NDM-1	270	Biological_protein	XGV46920.1 subclass B1 metallo-beta-lactamase NDM-1 [Pseudomonas aeruginosa]
XGV79239.1	NDM-1	270	Biological_protein	XGV79239.1 subclass B1 metallo-beta-lactamase NDM-1 [Pseudomonas aeruginosa]
XGY79974.1	NDM-1	270	Plasmid_associated	XGY79974.1 subclass B1 metallo-beta-lactamase NDM-1 (plasmid) [Providencia zhejiangensis]
XHA33320.1	NDM-1	270	Plasmid_associated	XHA33320.1 subclass B1 metallo-beta-lactamase NDM-1 (plasmid) [Klebsiella pneumoniae]
XHA33333.1	NDM-1	270	Plasmid_associated	XHA33333.1 subclass B1 metallo-beta-lactamase NDM-1 (plasmid) [Klebsiella pneumoniae]
XHM42788.1	NDM-1	270	Plasmid_associated	XHM42788.1 subclass B1 metallo-beta-lactamase NDM-1 (plasmid) [Klebsiella aerogenes]
XHN65590.1	NDM-1	270	Plasmid_associated	XHN65590.1 subclass B1 metallo-beta-lactamase NDM-1 (plasmid) [Acinetobacter pittii]
XHN62008.1	NDM-1	270	Plasmid_associated	XHN62008.1 subclass B1 metallo-beta-lactamase NDM-1 (plasmid) [Acinetobacter baumannii]
XHN73144.1	NDM-1	270	Plasmid_associated	XHN73144.1 subclass B1 metallo-beta-lactamase NDM-1 (plasmid) [Acinetobacter pittii]
XHT92875.1	NDM-1	270	Plasmid_associated	XHT92875.1 subclass B1 metallo-beta-lactamase NDM-1 (plasmid) [Acinetobacter pittii]
XHX72179.1	NDM-1	270	Plasmid_associated	XHX72179.1 subclass B1 metallo-beta-lactamase NDM-1 (plasmid) [Klebsiella pneumoniae]
XHX72612.1	NDM-1	270	Plasmid_associated	XHX72612.1 subclass B1 metallo-beta-lactamase NDM-1 (plasmid) [Klebsiella pneumoniae]
XHX72815.1	NDM-1	270	Plasmid_associated	XHX72815.1 metallo-beta-lactamase NDM-1 (plasmid) [Klebsiella pneumoniae]
XHX72906.1	NDM-1	270	Plasmid_associated	XHX72906.1 metallo-beta-lactamase NDM-1 (plasmid) [Klebsiella pneumoniae]
XHX73627.1	NDM-1	270	Plasmid_associated	XHX73627.1 subclass B1 metallo-beta-lactamase NDM-1 (plasmid) [Klebsiella pneumoniae]
XHX74297.1	NDM-1	270	Plasmid_associated	XHX74297.1 subclass B1 metallo-beta-lactamase NDM-1 (plasmid) [Klebsiella pneumoniae]
XHX74724.1	NDM-1	270	Plasmid_associated	XHX74724.1 subclass B1 metallo-beta-lactamase NDM-1 (plasmid) [Klebsiella pneumoniae]
XHZ64445.1	NDM-1	270	Plasmid_associated	XHZ64445.1 subclass B1 metallo-beta-lactamase NDM-1 (plasmid) [Acinetobacter baumannii]
XJD60567.1	NDM-1	270	Plasmid_associated	XJD60567.1 subclass B1 metallo-beta-lactamase NDM-1 (plasmid) [Enterobacter hormaechei subsp. xiangfangensis]
XJD82675.1	NDM-1	270	Plasmid_associated	XJD82675.1 subclass B1 metallo-beta-lactamase NDM-1 (plasmid) [Enterobacter hormaechei subsp. xiangfangensis]
XJE14776.1	NDM-1	270	Plasmid_associated	XJE14776.1 subclass B1 metallo-beta-lactamase NDM-1 (plasmid) [Enterobacter soli]
XJE15240.1	NDM-1	270	Plasmid_associated	XJE15240.1 subclass B1 metallo-beta-lactamase NDM-1 (plasmid) [Enterobacter soli]
XJT56315.1	NDM-1	270	Plasmid_associated	XJT56315.1 subclass B1 metallo-beta-lactamase NDM-1 (plasmid) [Klebsiella pneumoniae]
XJZ67900.1	NDM-1	270	Plasmid_associated	XJZ67900.1 subclass B1 metallo-beta-lactamase NDM-1 (plasmid) [Klebsiella pneumoniae]
XKF49599.1	NDM-1	270	Plasmid_associated	XKF49599.1 subclass B1 metallo-beta-lactamase NDM-1 (plasmid) [Enterobacter hormaechei]
XKF45068.1	NDM-1	270	Plasmid_associated	XKF45068.1 subclass B1 metallo-beta-lactamase NDM-1 (plasmid) [Klebsiella oxytoca]
XKF38960.1	NDM-1	270	Plasmid_associated	XKF38960.1 subclass B1 metallo-beta-lactamase NDM-1 (plasmid) [Klebsiella pneumoniae]
XKF54629.1	NDM-1	270	Plasmid_associated	XKF54629.1 subclass B1 metallo-beta-lactamase NDM-1 (plasmid) [Enterobacter hormaechei]
XKK74749.1	NDM-1	270	Plasmid_associated	XKK74749.1 subclass B1 metallo-beta-lactamase NDM-1 (plasmid) [Escherichia coli]
XKM79246.1	NDM-1	270	Plasmid_associated	XKM79246.1 subclass B1 metallo-beta-lactamase NDM-1 (plasmid) [Escherichia coli]
XKM93137.1	NDM-1	270	Plasmid_associated	XKM93137.1 subclass B1 metallo-beta-lactamase NDM-1 (plasmid) [Escherichia coli]
XKO23292.1	NDM-1	270	Plasmid_associated	XKO23292.1 subclass B1 metallo-beta-lactamase NDM-1 (plasmid) [Escherichia coli]
XKO23572.1	NDM-1	270	Plasmid_associated	XKO23572.1 subclass B1 metallo-beta-lactamase NDM-1 (plasmid) [Escherichia coli]
XLC67332.1	NDM-1	270	Plasmid_associated	XLC67332.1 subclass B1 metallo-beta-lactamase NDM-1 (plasmid) [Klebsiella oxytoca]
XLD05080.1	NDM-1	270	Plasmid_associated	XLD05080.1 subclass B1 metallo-beta-lactamase NDM-1 (plasmid) [Klebsiella oxytoca]
XLD10684.1	NDM-1	270	Plasmid_associated	XLD10684.1 subclass B1 metallo-beta-lactamase NDM-1 (plasmid) [Klebsiella oxytoca]
XLD40208.1	NDM-1	270	Plasmid_associated	XLD40208.1 subclass B1 metallo-beta-lactamase NDM-1 (plasmid) [Klebsiella oxytoca]
XLM93243.1	NDM-1	270	Plasmid_associated	XLM93243.1 subclass B1 metallo-beta-lactamase NDM-1 (plasmid) [Klebsiella pneumoniae]
XLN20951.1	NDM-1	270	Plasmid_associated	XLN20951.1 subclass B1 metallo-beta-lactamase NDM-1 (plasmid) [Enterobacter hormaechei]
XLN30713.1	NDM-1	270	Plasmid_associated	XLN30713.1 subclass B1 metallo-beta-lactamase NDM-1 (plasmid) [Citrobacter portucalensis]
XLQ66055.1	NDM-1	270	Plasmid_associated	XLQ66055.1 subclass B1 metallo-beta-lactamase NDM-1 (plasmid) [Klebsiella pneumoniae]
XMC25993.1	NDM-1	270	Plasmid_associated	XMC25993.1 subclass B1 metallo-beta-lactamase NDM-1 (plasmid) [Klebsiella pneumoniae]
XME65961.1	NDM-1	270	Plasmid_associated	XME65961.1 subclass B1 metallo-beta-lactamase NDM-1 (plasmid) [Klebsiella pneumoniae]
XMF17565.1	NDM-1	270	Plasmid_associated	XMF17565.1 subclass B1 metallo-beta-lactamase NDM-1 (plasmid) [Klebsiella pneumoniae]
XMH25996.1	NDM-1	270	Plasmid_associated	XMH25996.1 subclass B1 metallo-beta-lactamase NDM-1 (plasmid) [Citrobacter portucalensis]
XMR16119.1	NDM-1	270	Biological_protein	XMR16119.1 subclass B1 metallo-beta-lactamase NDM-1 [Aeromonas caviae]
XMR16123.1	NDM-1	270	Biological_protein	XMR16123.1 subclass B1 metallo-beta-lactamase NDM-1 [Aeromonas caviae]
XMY69058.1	NDM-1	270	Biological_protein	XMY69058.1 subclass B1 metallo-beta-lactamase NDM-1 [Pseudomonas aeruginosa]
XNK85434.1	NDM-1	270	Plasmid_associated	XNK85434.1 subclass B1 metallo-beta-lactamase NDM-1 (plasmid) [Klebsiella variicola]
XNN95074.1	NDM-1	270	Biological_protein	XNN95074.1 subclass B1 metallo-beta-lactamase NDM-1 [Acinetobacter baumannii]
XNO02156.1	NDM-1	270	Biological_protein	XNO02156.1 subclass B1 metallo-beta-lactamase NDM-1 [Acinetobacter baumannii]
XNN98613.1	NDM-1	270	Biological_protein	XNN98613.1 subclass B1 metallo-beta-lactamase NDM-1 [Acinetobacter baumannii]
XNX78935.1	NDM-1	270	Plasmid_associated	XNX78935.1 subclass B1 metallo-beta-lactamase NDM-1 (plasmid) [Klebsiella pneumoniae]
XNY84391.1	NDM-1	270	Plasmid_associated	XNY84391.1 subclass B1 metallo-beta-lactamase NDM-1 (plasmid) [Citrobacter freundii]
XNY84596.1	NDM-1	270	Plasmid_associated	XNY84596.1 subclass B1 metallo-beta-lactamase NDM-1 (plasmid) [Citrobacter freundii]
XNY84667.1	NDM-1	270	Plasmid_associated	XNY84667.1 subclass B1 metallo-beta-lactamase NDM-1 (plasmid) [Citrobacter freundii]
XOB74062.1	NDM-1	270	Biological_protein	XOB74062.1 subclass B1 metallo-beta-lactamase NDM-1 [Klebsiella pneumoniae]
XOH79817.1	NDM-1	270	Plasmid_associated	XOH79817.1 subclass B1 metallo-beta-lactamase NDM-1 (plasmid) [Klebsiella pneumoniae]
XOO62214.1	NDM-1	270	Plasmid_associated	XOO62214.1 subclass B1 metallo-beta-lactamase NDM-1 (plasmid) [Enterobacter hormaechei]
XOT72896.1	NDM-1	270	Plasmid_associated	XOT72896.1 subclass B1 metallo-beta-lactamase NDM-1 (plasmid) [Klebsiella pneumoniae]
XOT88163.1	NDM-1	270	Biological_protein	XOT88163.1 subclass B1 metallo-beta-lactamase NDM-1 [Klebsiella pneumoniae subsp. pneumoniae]
XOT88164.1	NDM-1	270	Biological_protein	XOT88164.1 subclass B1 metallo-beta-lactamase NDM-1 [Klebsiella pneumoniae subsp. pneumoniae]
XOV35750.1	NDM-1	270	Plasmid_associated	XOV35750.1 subclass B1 metallo-beta-lactamase NDM-1 (plasmid) [Klebsiella variicola]
XOW63717.1	NDM-1	270	Plasmid_associated	XOW63717.1 subclass B1 metallo-beta-lactamase NDM-1 (plasmid) [Klebsiella pneumoniae]
XHA73780.1	NDM-1	270	Plasmid_associated	XHA73780.1 subclass B1 metallo-beta-lactamase NDM-1 (plasmid) [Citrobacter braakii]
XPH42239.1	NDM-1	270	Biological_protein	XPH42239.1 subclass B1 metallo-beta-lactamase NDM-1 [Oceanimonas smirnovii]
XPH45885.1	NDM-1	270	Biological_protein	XPH45885.1 subclass B1 metallo-beta-lactamase NDM-1 [Oceanimonas smirnovii]
XPI78738.1	NDM-1	270	Plasmid_associated	XPI78738.1 subclass B1 metallo-beta-lactamase NDM-1 (plasmid) [Klebsiella pneumoniae]
XPK01412.1	NDM-1	270	Biological_protein	XPK01412.1 subclass B1 metallo-beta-lactamase NDM-1 [Klebsiella pneumoniae]
XPJ78774.1	NDM-1	270	Biological_protein	XPJ78774.1 subclass B1 metallo-beta-lactamase NDM-1 [Klebsiella pneumoniae]
XPJ86864.1	NDM-1	270	Biological_protein	XPJ86864.1 subclass B1 metallo-beta-lactamase NDM-1 [Klebsiella pneumoniae]
XPK11890.1	NDM-1	270	Biological_protein	XPK11890.1 subclass B1 metallo-beta-lactamase NDM-1 [Klebsiella pneumoniae]
XPJ96207.1	NDM-1	270	Biological_protein	XPJ96207.1 subclass B1 metallo-beta-lactamase NDM-1 [Klebsiella pneumoniae]
XPK17259.1	NDM-1	270	Biological_protein	XPK17259.1 subclass B1 metallo-beta-lactamase NDM-1 [Klebsiella pneumoniae]
XPK70393.1	NDM-1	270	Plasmid_associated	XPK70393.1 subclass B1 metallo-beta-lactamase NDM-1 (plasmid) [Citrobacter braakii]
XPN89358.1	NDM-1	270	Biological_protein	XPN89358.1 subclass B1 metallo-beta-lactamase NDM-1 [Pseudomonas aeruginosa]
XPQ30522.1	NDM-1	270	Plasmid_associated	XPQ30522.1 subclass B1 metallo-beta-lactamase NDM-1 (plasmid) [Acinetobacter sp. A2]
XPQ89920.1	NDM-1	270	Plasmid_associated	XPQ89920.1 subclass B1 metallo-beta-lactamase NDM-1 (plasmid) [Klebsiella pneumoniae]
XPR03234.1	NDM-1	270	Plasmid_associated	XPR03234.1 subclass B1 metallo-beta-lactamase NDM-1 (plasmid) [Klebsiella pneumoniae]
XQB84465.1	NDM-1	270	Plasmid_associated	XQB84465.1 subclass B1 metallo-beta-lactamase NDM-1 (plasmid) [Escherichia coli]
XQC04285.1	NDM-1	270	Plasmid_associated	XQC04285.1 subclass B1 metallo-beta-lactamase NDM-1 (plasmid) [Escherichia coli]
XQC38901.1	NDM-1	270	Plasmid_associated	XQC38901.1 subclass B1 metallo-beta-lactamase NDM-1 (plasmid) [Escherichia coli]
XQC21264.1	NDM-1	270	Plasmid_associated	XQC21264.1 subclass B1 metallo-beta-lactamase NDM-1 (plasmid) [Escherichia coli]
XQC11234.1	NDM-1	270	Plasmid_associated	XQC11234.1 subclass B1 metallo-beta-lactamase NDM-1 (plasmid) [Escherichia coli]
CAM7206181.1	NDM-1	270	Biological_protein	CAM7206181.1 subclass B1 metallo-beta-lactamase NDM-1 [Klebsiella pneumoniae]
XQO44354.1	NDM-1	270	Plasmid_associated	XQO44354.1 subclass B1 metallo-beta-lactamase NDM-1 (plasmid) [Escherichia coli]
XQO44469.1	NDM-1	270	Plasmid_associated	XQO44469.1 subclass B1 metallo-beta-lactamase NDM-1 (plasmid) [Escherichia coli]
XQO44535.1	NDM-1	270	Plasmid_associated	XQO44535.1 subclass B1 metallo-beta-lactamase NDM-1 (plasmid) [Escherichia coli]
XQO44661.1	NDM-1	270	Plasmid_associated	XQO44661.1 subclass B1 metallo-beta-lactamase NDM-1 (plasmid) [Escherichia coli]
XQO44738.1	NDM-1	270	Plasmid_associated	XQO44738.1 subclass B1 metallo-beta-lactamase NDM-1 (plasmid) [Escherichia coli]
XQO44924.1	NDM-1	270	Plasmid_associated	XQO44924.1 subclass B1 metallo-beta-lactamase NDM-1 (plasmid) [Escherichia coli]
XQO45039.1	NDM-1	270	Plasmid_associated	XQO45039.1 subclass B1 metallo-beta-lactamase NDM-1 (plasmid) [Escherichia coli]
XQO45225.1	NDM-1	270	Plasmid_associated	XQO45225.1 subclass B1 metallo-beta-lactamase NDM-1 (plasmid) [Escherichia coli]
XQO45362.1	NDM-1	270	Plasmid_associated	XQO45362.1 subclass B1 metallo-beta-lactamase NDM-1 (plasmid) [Escherichia coli]
XQO45657.1	NDM-1	270	Plasmid_associated	XQO45657.1 subclass B1 metallo-beta-lactamase NDM-1 (plasmid) [Escherichia coli]
XQO45734.1	NDM-1	270	Plasmid_associated	XQO45734.1 subclass B1 metallo-beta-lactamase NDM-1 (plasmid) [Escherichia coli]
XQO45800.1	NDM-1	270	Plasmid_associated	XQO45800.1 subclass B1 metallo-beta-lactamase NDM-1 (plasmid) [Escherichia coli]
XQO45866.1	NDM-1	270	Plasmid_associated	XQO45866.1 subclass B1 metallo-beta-lactamase NDM-1 (plasmid) [Escherichia coli]
XQO45992.1	NDM-1	270	Plasmid_associated	XQO45992.1 subclass B1 metallo-beta-lactamase NDM-1 (plasmid) [Escherichia coli]
XQO46058.1	NDM-1	270	Plasmid_associated	XQO46058.1 subclass B1 metallo-beta-lactamase NDM-1 (plasmid) [Escherichia coli]
XQP22758.1	NDM-1	270	Plasmid_associated	XQP22758.1 subclass B1 metallo-beta-lactamase NDM-1 (plasmid) [Citrobacter werkmanii]
XQP42905.1	NDM-1	270	Biological_protein	XQP42905.1 subclass B1 metallo-beta-lactamase NDM-1 [Acinetobacter pittii]
XQW92658.1	NDM-1	270	Plasmid_associated	XQW92658.1 subclass B1 metallo-beta-lactamase NDM-1 (plasmid) [Klebsiella pneumoniae]
XQX11758.1	NDM-1	270	Plasmid_associated	XQX11758.1 subclass B1 metallo-beta-lactamase NDM-1 (plasmid) [Klebsiella pneumoniae]
XRA78446.1	NDM-1	270	Plasmid_associated	XRA78446.1 subclass B1 metallo-beta-lactamase NDM-1 (plasmid) [Citrobacter freundii]
XRB97193.1	NDM-1	270	Plasmid_associated	XRB97193.1 subclass B1 metallo-beta-lactamase NDM-1 (plasmid) [Klebsiella pneumoniae]
XRB86633.1	NDM-1	270	Plasmid_associated	XRB86633.1 subclass B1 metallo-beta-lactamase NDM-1 (plasmid) [Klebsiella pneumoniae]
XRC18659.1	NDM-1	270	Plasmid_associated	XRC18659.1 subclass B1 metallo-beta-lactamase NDM-1 (plasmid) [Klebsiella pneumoniae]
XRC02547.1	NDM-1	270	Plasmid_associated	XRC02547.1 subclass B1 metallo-beta-lactamase NDM-1 (plasmid) [Klebsiella pneumoniae]
XRC13278.1	NDM-1	270	Plasmid_associated	XRC13278.1 subclass B1 metallo-beta-lactamase NDM-1 (plasmid) [Klebsiella pneumoniae]
XRE93574.1	NDM-1	270	Plasmid_associated	XRE93574.1 subclass B1 metallo-beta-lactamase NDM-1 (plasmid) [Klebsiella pneumoniae]
XRO94284.1	NDM-1	270	Plasmid_associated	XRO94284.1 subclass B1 metallo-beta-lactamase NDM-1 (plasmid) [Escherichia coli]
XRZ64671.1	NDM-1	270	Plasmid_associated	XRZ64671.1 subclass B1 metallo-beta-lactamase NDM-1 (plasmid) [Escherichia coli]
XSE07632.1	NDM-1	270	Biological_protein	XSE07632.1 subclass B1 metallo-beta-lactamase NDM-1 [Acinetobacter baumannii]
XSE11251.1	NDM-1	270	Biological_protein	XSE11251.1 subclass B1 metallo-beta-lactamase NDM-1 [Acinetobacter baumannii]
XSE15121.1	NDM-1	270	Biological_protein	XSE15121.1 subclass B1 metallo-beta-lactamase NDM-1 [Acinetobacter baumannii]
XSE18797.1	NDM-1	270	Biological_protein	XSE18797.1 subclass B1 metallo-beta-lactamase NDM-1 [Acinetobacter baumannii]
XSE25907.1	NDM-1	270	Biological_protein	XSE25907.1 subclass B1 metallo-beta-lactamase NDM-1 [Acinetobacter baumannii]
XSU01084.1	NDM-1	270	Plasmid_associated	XSU01084.1 subclass B1 metallo-beta-lactamase NDM-1 (plasmid) [Providencia stuartii]
XTC07658.1	NDM-1	270	Plasmid_associated	XTC07658.1 subclass B1 metallo-beta-lactamase NDM-1 (plasmid) [Citrobacter portucalensis]
XTC97637.1	NDM-1	270	Biological_protein	XTC97637.1 subclass B1 metallo-beta-lactamase NDM-1 [Pseudomonas aeruginosa]
XTD12918.1	NDM-1	270	Biological_protein	XTD12918.1 subclass B1 metallo-beta-lactamase NDM-1 [Pseudomonas aeruginosa]
XTF95360.1	NDM-1	270	Plasmid_associated	XTF95360.1 subclass B1 metallo-beta-lactamase NDM-1 (plasmid) [Klebsiella pneumoniae]
XTH77975.1	NDM-1	270	Plasmid_associated	XTH77975.1 subclass B1 metallo-beta-lactamase NDM-1 (plasmid) [Escherichia coli]
XTJ00925.1	NDM-1	270	Plasmid_associated	XTJ00925.1 subclass B1 metallo-beta-lactamase NDM-1 (plasmid) [Enterobacter hormaechei]
XTJ64290.1	NDM-1	270	Biological_protein	XTJ64290.1 subclass B1 metallo-beta-lactamase NDM-1 [Enterobacter hormaechei]
XTJ64304.1	NDM-1	270	Biological_protein	XTJ64304.1 subclass B1 metallo-beta-lactamase NDM-1 [Enterobacter hormaechei]
XTJ91172.1	NDM-1	270	Plasmid_associated	XTJ91172.1 subclass B1 metallo-beta-lactamase NDM-1 (plasmid) [Klebsiella pneumoniae subsp. pneumoniae]
XTO12537.1	NDM-1	270	Plasmid_associated	XTO12537.1 subclass B1 metallo-beta-lactamase NDM-1 (plasmid) [Klebsiella pneumoniae]
XTO23208.1	NDM-1	270	Plasmid_associated	XTO23208.1 subclass B1 metallo-beta-lactamase NDM-1 (plasmid) [Klebsiella pneumoniae]
XTO66194.1	NDM-1	270	Plasmid_associated	XTO66194.1 subclass B1 metallo-beta-lactamase NDM-1 (plasmid) [Klebsiella pneumoniae]
XTR72363.1	NDM-1	270	Plasmid_associated	XTR72363.1 subclass B1 metallo-beta-lactamase NDM-1 (plasmid) [Klebsiella pneumoniae]
XTR77987.1	NDM-1	270	Plasmid_associated	XTR77987.1 subclass B1 metallo-beta-lactamase NDM-1 (plasmid) [Klebsiella pneumoniae]
XTY97216.1	NDM-1	270	Biological_protein	XTY97216.1 subclass B1 metallo-beta-lactamase NDM-1 [Providencia huaxiensis]
XTZ32527.1	NDM-1	270	Plasmid_associated	XTZ32527.1 subclass B1 metallo-beta-lactamase NDM-1 (plasmid) [Klebsiella pneumoniae]
XUE39275.1	NDM-1	270	Biological_protein	XUE39275.1 subclass B1 metallo-beta-lactamase NDM-1 [Acinetobacter baumannii]
XUE33604.1	NDM-1	270	Biological_protein	XUE33604.1 subclass B1 metallo-beta-lactamase NDM-1 [Acinetobacter baumannii]
XUE30638.1	NDM-1	270	Plasmid_associated	XUE30638.1 subclass B1 metallo-beta-lactamase NDM-1 (plasmid) [Acinetobacter baumannii]
XUE37881.1	NDM-1	270	Plasmid_associated	XUE37881.1 subclass B1 metallo-beta-lactamase NDM-1 (plasmid) [Acinetobacter baumannii]
XUE48572.1	NDM-1	270	Plasmid_associated	XUE48572.1 subclass B1 metallo-beta-lactamase NDM-1 (plasmid) [Acinetobacter baumannii]
XUS61400.1	NDM-1	270	Plasmid_associated	XUS61400.1 subclass B1 metallo-beta-lactamase NDM-1 (plasmid) [Klebsiella pneumoniae]
XUS66865.1	NDM-1	270	Plasmid_associated	XUS66865.1 subclass B1 metallo-beta-lactamase NDM-1 (plasmid) [Klebsiella pneumoniae]
XUS71977.1	NDM-1	270	Plasmid_associated	XUS71977.1 subclass B1 metallo-beta-lactamase NDM-1 (plasmid) [Klebsiella pneumoniae]
XUS99513.1	NDM-1	270	Plasmid_associated	XUS99513.1 subclass B1 metallo-beta-lactamase NDM-1 (plasmid) [Klebsiella pneumoniae]
XUS77619.1	NDM-1	270	Plasmid_associated	XUS77619.1 subclass B1 metallo-beta-lactamase NDM-1 (plasmid) [Klebsiella pneumoniae]
XUS83148.1	NDM-1	270	Plasmid_associated	XUS83148.1 subclass B1 metallo-beta-lactamase NDM-1 (plasmid) [Klebsiella pneumoniae]
XUT27134.1	NDM-1	270	Plasmid_associated	XUT27134.1 subclass B1 metallo-beta-lactamase NDM-1 (plasmid) [Klebsiella pneumoniae]
XUT16099.1	NDM-1	270	Plasmid_associated	XUT16099.1 subclass B1 metallo-beta-lactamase NDM-1 (plasmid) [Klebsiella pneumoniae]
XUT32242.1	NDM-1	270	Plasmid_associated	XUT32242.1 subclass B1 metallo-beta-lactamase NDM-1 (plasmid) [Klebsiella pneumoniae]
XUV70288.1	NDM-1	270	Plasmid_associated	XUV70288.1 subclass B1 metallo-beta-lactamase NDM-1 (plasmid) [Klebsiella ornithinolytica]
XUZ16675.1	NDM-1	270	Biological_protein	XUZ16675.1 subclass B1 metallo-beta-lactamase NDM-1 [Providencia huaxiensis]
XUZ16682.1	NDM-1	270	Biological_protein	XUZ16682.1 subclass B1 metallo-beta-lactamase NDM-1 [Providencia huaxiensis]
XUZ16689.1	NDM-1	270	Biological_protein	XUZ16689.1 subclass B1 metallo-beta-lactamase NDM-1 [Providencia huaxiensis]
XUZ10238.1	NDM-1	270	Plasmid_associated	XUZ10238.1 subclass B1 metallo-beta-lactamase NDM-1 (plasmid) [Providencia huaxiensis]
XUZ14487.1	NDM-1	270	Plasmid_associated	XUZ14487.1 subclass B1 metallo-beta-lactamase NDM-1 (plasmid) [Providencia huaxiensis]
XUZ72174.1	NDM-1	270	Plasmid_associated	XUZ72174.1 subclass B1 metallo-beta-lactamase NDM-1 (plasmid) [Klebsiella pneumoniae]
XVA08825.1	NDM-1	270	Plasmid_associated	XVA08825.1 subclass B1 metallo-beta-lactamase NDM-1 (plasmid) [Enterobacter hormaechei subsp. xiangfangensis]
XVA14006.1	NDM-1	270	Plasmid_associated	XVA14006.1 subclass B1 metallo-beta-lactamase NDM-1 (plasmid) [Enterobacter hormaechei]
XVA23791.1	NDM-1	270	Plasmid_associated	XVA23791.1 subclass B1 metallo-beta-lactamase NDM-1 (plasmid) [Enterobacter hormaechei subsp. xiangfangensis]
XVA18853.1	NDM-1	270	Plasmid_associated	XVA18853.1 subclass B1 metallo-beta-lactamase NDM-1 (plasmid) [Enterobacter hormaechei subsp. xiangfangensis]
XVA33469.1	NDM-1	270	Plasmid_associated	XVA33469.1 subclass B1 metallo-beta-lactamase NDM-1 (plasmid) [Enterobacter hormaechei]
XVA45045.1	NDM-1	270	Biological_protein	XVA45045.1 subclass B1 metallo-beta-lactamase NDM-1 [Pseudomonas aeruginosa]
XVD88882.1	NDM-1	270	Plasmid_associated	XVD88882.1 subclass B1 metallo-beta-lactamase NDM-1 (plasmid) [Enterobacter asburiae]
XVD74600.1	NDM-1	270	Plasmid_associated	XVD74600.1 subclass B1 metallo-beta-lactamase NDM-1 (plasmid) [Enterobacter roggenkampii]
XVD98672.1	NDM-1	270	Plasmid_associated	XVD98672.1 subclass B1 metallo-beta-lactamase NDM-1 (plasmid) [Enterobacter hormaechei subsp. xiangfangensis]
XVD93858.1	NDM-1	270	Plasmid_associated	XVD93858.1 subclass B1 metallo-beta-lactamase NDM-1 (plasmid) [Enterobacter hormaechei]
XVH61195.1	NDM-1	270	Plasmid_associated	XVH61195.1 subclass B1 metallo-beta-lactamase NDM-1 (plasmid) [Providencia hangzhouensis]
XVO18056.1	NDM-1	270	Plasmid_associated	XVO18056.1 subclass B1 metallo-beta-lactamase NDM-1 (plasmid) [Enterobacter cloacae]
XWO03822.1	NDM-1	270	Plasmid_associated	XWO03822.1 subclass B1 metallo-beta-lactamase NDM-1 (plasmid) [Citrobacter freundii]
XWP31130.1	NDM-1	270	Plasmid_associated	XWP31130.1 subclass B1 metallo-beta-lactamase NDM-1 (plasmid) [Escherichia coli]
XWP41055.1	NDM-1	270	Plasmid_associated	XWP41055.1 subclass B1 metallo-beta-lactamase NDM-1 (plasmid) [Klebsiella pneumoniae]
XWV44023.1	NDM-1	270	Plasmid_associated	XWV44023.1 subclass B1 metallo-beta-lactamase NDM-1 (plasmid) [Enterobacter hormaechei]
XWV39201.1	NDM-1	270	Plasmid_associated	XWV39201.1 subclass B1 metallo-beta-lactamase NDM-1 (plasmid) [Enterobacter hormaechei subsp. xiangfangensis]
XWV48499.1	NDM-1	270	Plasmid_associated	XWV48499.1 subclass B1 metallo-beta-lactamase NDM-1 (plasmid) [Enterobacter roggenkampii]
XWV34641.1	NDM-1	270	Plasmid_associated	XWV34641.1 subclass B1 metallo-beta-lactamase NDM-1 (plasmid) [Enterobacter hormaechei]
XWV58047.1	NDM-1	270	Plasmid_associated	XWV58047.1 subclass B1 metallo-beta-lactamase NDM-1 (plasmid) [Enterobacter hormaechei subsp. xiangfangensis]
XWV67516.1	NDM-1	270	Plasmid_associated	XWV67516.1 subclass B1 metallo-beta-lactamase NDM-1 (plasmid) [Enterobacter hormaechei subsp. xiangfangensis]
XWV81671.1	NDM-1	270	Plasmid_associated	XWV81671.1 subclass B1 metallo-beta-lactamase NDM-1 (plasmid) [Enterobacter hormaechei subsp. xiangfangensis]
XWV62684.1	NDM-1	270	Plasmid_associated	XWV62684.1 subclass B1 metallo-beta-lactamase NDM-1 (plasmid) [Enterobacter hormaechei subsp. xiangfangensis]
XWV77217.1	NDM-1	270	Plasmid_associated	XWV77217.1 subclass B1 metallo-beta-lactamase NDM-1 (plasmid) [Enterobacter hormaechei]
XWV72334.1	NDM-1	270	Plasmid_associated	XWV72334.1 subclass B1 metallo-beta-lactamase NDM-1 (plasmid) [Enterobacter hormaechei subsp. xiangfangensis]
XWV53472.1	NDM-1	270	Plasmid_associated	XWV53472.1 subclass B1 metallo-beta-lactamase NDM-1 (plasmid) [Enterobacter hormaechei subsp. xiangfangensis]
XWW01506.1	NDM-1	270	Plasmid_associated	XWW01506.1 subclass B1 metallo-beta-lactamase NDM-1 (plasmid) [Enterobacter hormaechei subsp. xiangfangensis]
XWW06217.1	NDM-1	270	Plasmid_associated	XWW06217.1 subclass B1 metallo-beta-lactamase NDM-1 (plasmid) [Enterobacter hormaechei subsp. xiangfangensis]
XWV96973.1	NDM-1	270	Plasmid_associated	XWV96973.1 subclass B1 metallo-beta-lactamase NDM-1 (plasmid) [Enterobacter hormaechei]
XWW20137.1	NDM-1	270	Plasmid_associated	XWW20137.1 subclass B1 metallo-beta-lactamase NDM-1 (plasmid) [Enterobacter hormaechei subsp. xiangfangensis]
XWW15556.1	NDM-1	270	Plasmid_associated	XWW15556.1 subclass B1 metallo-beta-lactamase NDM-1 (plasmid) [Enterobacter hormaechei subsp. xiangfangensis]
XWW29632.1	NDM-1	270	Plasmid_associated	XWW29632.1 subclass B1 metallo-beta-lactamase NDM-1 (plasmid) [Enterobacter hormaechei subsp. xiangfangensis]
XWW34463.1	NDM-1	270	Plasmid_associated	XWW34463.1 subclass B1 metallo-beta-lactamase NDM-1 (plasmid) [Enterobacter hormaechei]
XWW34487.1	NDM-1	270	Plasmid_associated	XWW34487.1 subclass B1 metallo-beta-lactamase NDM-1 (plasmid) [Enterobacter hormaechei]
XWW25051.1	NDM-1	270	Plasmid_associated	XWW25051.1 subclass B1 metallo-beta-lactamase NDM-1 (plasmid) [Enterobacter hormaechei]
XWX44237.1	NDM-1	270	Plasmid_associated	XWX44237.1 subclass B1 metallo-beta-lactamase NDM-1 (plasmid) [Providencia sp. PROV275]
XWX44593.1	NDM-1	270	Plasmid_associated	XWX44593.1 subclass B1 metallo-beta-lactamase NDM-1 (plasmid) [Providencia sp. PROV275]
XXD57772.1	NDM-1	270	Plasmid_associated	XXD57772.1 subclass B1 metallo-beta-lactamase NDM-1 (plasmid) [Enterobacter kobei]
XXD62525.1	NDM-1	270	Plasmid_associated	XXD62525.1 subclass B1 metallo-beta-lactamase NDM-1 (plasmid) [Enterobacter hormaechei]
XXH55796.1	NDM-1	270	Plasmid_associated	XXH55796.1 subclass B1 metallo-beta-lactamase NDM-1 (plasmid) [Klebsiella pneumoniae]
XXL36589.1	NDM-1	270	Plasmid_associated	XXL36589.1 subclass B1 metallo-beta-lactamase NDM-1 (plasmid) [Klebsiella pneumoniae]
XXO80337.1	NDM-1	270	Biological_protein	XXO80337.1 subclass B1 metallo-beta-lactamase NDM-1 [Acinetobacter baumannii]
XXW02702.1	NDM-1	270	Plasmid_associated	XXW02702.1 subclass B1 metallo-beta-lactamase NDM-1 (plasmid) [Klebsiella pneumoniae]
XYB31449.1	NDM-1	270	Plasmid_associated	XYB31449.1 subclass B1 metallo-beta-lactamase NDM-1 (plasmid) [Klebsiella pneumoniae]
XYB36830.1	NDM-1	270	Plasmid_associated	XYB36830.1 subclass B1 metallo-beta-lactamase NDM-1 (plasmid) [Enterobacter chengduensis]
XYB15919.1	NDM-1	270	Plasmid_associated	XYB15919.1 subclass B1 metallo-beta-lactamase NDM-1 (plasmid) [Klebsiella pneumoniae]
XYB05003.1	NDM-1	270	Plasmid_associated	XYB05003.1 subclass B1 metallo-beta-lactamase NDM-1 (plasmid) [Klebsiella pneumoniae]
XYB20803.1	NDM-1	270	Plasmid_associated	XYB20803.1 subclass B1 metallo-beta-lactamase NDM-1 (plasmid) [Providencia stuartii]
XYB10189.1	NDM-1	270	Plasmid_associated	XYB10189.1 subclass B1 metallo-beta-lactamase NDM-1 (plasmid) [Klebsiella pneumoniae]
XYB26168.1	NDM-1	270	Plasmid_associated	XYB26168.1 subclass B1 metallo-beta-lactamase NDM-1 (plasmid) [Klebsiella pneumoniae]
XYB42098.1	NDM-1	270	Plasmid_associated	XYB42098.1 subclass B1 metallo-beta-lactamase NDM-1 (plasmid) [Klebsiella pneumoniae]
XYB80658.1	NDM-1	270	Biological_protein	XYB80658.1 subclass B1 metallo-beta-lactamase NDM-1 [Vibrio parahaemolyticus]
XYC08237.1	NDM-1	270	Biological_protein	XYC08237.1 subclass B1 metallo-beta-lactamase NDM-1 [Vibrio parahaemolyticus]
XYC46686.1	NDM-1	270	Biological_protein	XYC46686.1 subclass B1 metallo-beta-lactamase NDM-1 [Pseudomonas guariconensis]
XYC49110.1	NDM-1	270	Biological_protein	XYC49110.1 subclass B1 metallo-beta-lactamase NDM-1 [Pseudomonas guariconensis]
XYJ40516.1	NDM-1	270	Plasmid_associated	XYJ40516.1 subclass B1 metallo-beta-lactamase NDM-1 (plasmid) [Klebsiella pneumoniae]
XYM40632.1	NDM-1	270	Plasmid_associated	XYM40632.1 subclass B1 metallo-beta-lactamase NDM-1 (plasmid) [Acinetobacter seifertii]
XWV91658.1	NDM-1	270	Plasmid_associated	XWV91658.1 subclass B1 metallo-beta-lactamase NDM-1 (plasmid) [Enterobacter asburiae]
XYU21821.1	NDM-1	270	Biological_protein	XYU21821.1 subclass B1 metallo-beta-lactamase NDM-1 [Acinetobacter baumannii]
XYT04859.1	NDM-1	270	Biological_protein	XYT04859.1 subclass B1 metallo-beta-lactamase NDM-1 [Acinetobacter baumannii]
XZA09882.1	NDM-1	270	Plasmid_associated	XZA09882.1 subclass B1 metallo-beta-lactamase NDM-1 (plasmid) [Klebsiella pneumoniae]
XZO38546.1	NDM-1	270	Biological_protein	XZO38546.1 subclass B1 metallo-beta-lactamase NDM-1 [Pseudomonas aeruginosa]
XZO29600.1	NDM-1	270	Biological_protein	XZO29600.1 subclass B1 metallo-beta-lactamase NDM-1 [Pseudomonas aeruginosa]
XZO29601.1	NDM-1	270	Biological_protein	XZO29601.1 subclass B1 metallo-beta-lactamase NDM-1 [Pseudomonas aeruginosa]
XZO29602.1	NDM-1	270	Biological_protein	XZO29602.1 subclass B1 metallo-beta-lactamase NDM-1 [Pseudomonas aeruginosa]
XZO94313.1	NDM-1	270	Biological_protein	XZO94313.1 subclass B1 metallo-beta-lactamase NDM-1 [Pseudomonas aeruginosa]
XZO52379.1	NDM-1	270	Biological_protein	XZO52379.1 subclass B1 metallo-beta-lactamase NDM-1 [Pseudomonas aeruginosa]
XZO56922.1	NDM-1	270	Biological_protein	XZO56922.1 subclass B1 metallo-beta-lactamase NDM-1 [Pseudomonas aeruginosa]
XZO43825.1	NDM-1	270	Biological_protein	XZO43825.1 subclass B1 metallo-beta-lactamase NDM-1 [Pseudomonas aeruginosa]
XZO65121.1	NDM-1	270	Biological_protein	XZO65121.1 subclass B1 metallo-beta-lactamase NDM-1 [Pseudomonas aeruginosa]
XZO65122.1	NDM-1	270	Biological_protein	XZO65122.1 subclass B1 metallo-beta-lactamase NDM-1 [Pseudomonas aeruginosa]
XZO65123.1	NDM-1	270	Biological_protein	XZO65123.1 subclass B1 metallo-beta-lactamase NDM-1 [Pseudomonas aeruginosa]
XZO87908.1	NDM-1	270	Biological_protein	XZO87908.1 subclass B1 metallo-beta-lactamase NDM-1 [Pseudomonas aeruginosa]
XZO74875.1	NDM-1	270	Biological_protein	XZO74875.1 subclass B1 metallo-beta-lactamase NDM-1 [Pseudomonas aeruginosa]
XZP11857.1	NDM-1	270	Biological_protein	XZP11857.1 subclass B1 metallo-beta-lactamase NDM-1 [Pseudomonas aeruginosa]
XZO26812.1	NDM-1	270	Biological_protein	XZO26812.1 subclass B1 metallo-beta-lactamase NDM-1 [Pseudomonas aeruginosa]
XZO70409.1	NDM-1	270	Biological_protein	XZO70409.1 subclass B1 metallo-beta-lactamase NDM-1 [Pseudomonas aeruginosa]
XZO70410.1	NDM-1	270	Biological_protein	XZO70410.1 subclass B1 metallo-beta-lactamase NDM-1 [Pseudomonas aeruginosa]
XZS33017.1	NDM-1	270	Plasmid_associated	XZS33017.1 subclass B1 metallo-beta-lactamase NDM-1 (plasmid) [Klebsiella pneumoniae]
YAA53684.1	NDM-1	270	Biological_protein	YAA53684.1 subclass B1 metallo-beta-lactamase NDM-1 [Klebsiella pneumoniae]
YAA53685.1	NDM-1	270	Biological_protein	YAA53685.1 subclass B1 metallo-beta-lactamase NDM-1 [Klebsiella pneumoniae]
YAA53686.1	NDM-1	270	Biological_protein	YAA53686.1 subclass B1 metallo-beta-lactamase NDM-1 [Klebsiella pneumoniae]
YAA53687.1	NDM-1	270	Biological_protein	YAA53687.1 subclass B1 metallo-beta-lactamase NDM-1 [Acinetobacter baumannii]
YAA53688.1	NDM-1	270	Biological_protein	YAA53688.1 subclass B1 metallo-beta-lactamase NDM-1 [Acinetobacter baumannii]
YAC77302.1	NDM-1	270	Plasmid_associated	YAC77302.1 subclass B1 metallo-beta-lactamase NDM-1 (plasmid) [Enterobacter hormaechei]
YAC93652.1	NDM-1	270	Plasmid_associated	YAC93652.1 subclass B1 metallo-beta-lactamase NDM-1 (plasmid) [Enterobacter hormaechei]
YAC89260.1	NDM-1	270	Plasmid_associated	YAC89260.1 subclass B1 metallo-beta-lactamase NDM-1 (plasmid) [Enterobacter hormaechei]
YAD08251.1	NDM-1	270	Plasmid_associated	YAD08251.1 subclass B1 metallo-beta-lactamase NDM-1 (plasmid) [Enterobacter hormaechei]
YAE02210.1	NDM-1	270	Plasmid_associated	YAE02210.1 subclass B1 metallo-beta-lactamase NDM-1 (plasmid) [Klebsiella pneumoniae]
CAM0817440.1	NDM-1	270	Biological_protein	CAM0817440.1 subclass B1 metallo-beta-lactamase NDM-1 [Acinetobacter baumannii]
CAM0732955.1	NDM-1	270	Biological_protein	CAM0732955.1 subclass B1 metallo-beta-lactamase NDM-1 [Acinetobacter baumannii]
CAM0732898.1	NDM-1	270	Biological_protein	CAM0732898.1 subclass B1 metallo-beta-lactamase NDM-1 [Acinetobacter baumannii]
CAM0803852.1	NDM-1	270	Biological_protein	CAM0803852.1 subclass B1 metallo-beta-lactamase NDM-1 [Acinetobacter baumannii]
CAM0783933.1	NDM-1	270	Biological_protein	CAM0783933.1 subclass B1 metallo-beta-lactamase NDM-1 [Acinetobacter baumannii]
CAM0606102.1	NDM-1	270	Biological_protein	CAM0606102.1 subclass B1 metallo-beta-lactamase NDM-1 [Acinetobacter baumannii]
CAM0804815.1	NDM-1	270	Biological_protein	CAM0804815.1 subclass B1 metallo-beta-lactamase NDM-1 [Acinetobacter baumannii]
CAM0710684.1	NDM-1	270	Biological_protein	CAM0710684.1 subclass B1 metallo-beta-lactamase NDM-1 [Acinetobacter baumannii]
YAO46212.1	NDM-1	270	Plasmid_associated	YAO46212.1 subclass B1 metallo-beta-lactamase NDM-1 (plasmid) [Klebsiella pneumoniae]
YAR54425.1	NDM-1	270	Plasmid_associated	YAR54425.1 subclass B1 metallo-beta-lactamase NDM-1 (plasmid) [Serratia nevei]
YAW56207.1	NDM-1	270	Plasmid_associated	YAW56207.1 subclass B1 metallo-beta-lactamase NDM-1 (plasmid) [Klebsiella pneumoniae]
YBC39636.1	NDM-1	270	Plasmid_associated	YBC39636.1 subclass B1 metallo-beta-lactamase NDM-1 (plasmid) [Klebsiella pneumoniae]
YBC45030.1	NDM-1	270	Plasmid_associated	YBC45030.1 subclass B1 metallo-beta-lactamase NDM-1 (plasmid) [Klebsiella pneumoniae]
YBC34519.1	NDM-1	270	Plasmid_associated	YBC34519.1 subclass B1 metallo-beta-lactamase NDM-1 (plasmid) [Klebsiella pneumoniae]
YBH29685.1	NDM-1	270	Plasmid_associated	YBH29685.1 subclass B1 metallo-beta-lactamase NDM-1 (plasmid) [Klebsiella pneumoniae]
YBH24269.1	NDM-1	270	Plasmid_associated	YBH24269.1 subclass B1 metallo-beta-lactamase NDM-1 (plasmid) [Klebsiella pneumoniae]
YBH35118.1	NDM-1	270	Plasmid_associated	YBH35118.1 subclass B1 metallo-beta-lactamase NDM-1 (plasmid) [Klebsiella pneumoniae]
YBH45462.1	NDM-1	270	Plasmid_associated	YBH45462.1 subclass B1 metallo-beta-lactamase NDM-1 (plasmid) [Klebsiella pneumoniae]
YBN39448.1	NDM-1	270	Plasmid_associated	YBN39448.1 subclass B1 metallo-beta-lactamase NDM-1 (plasmid) [Klebsiella pneumoniae]
YBN57848.1	NDM-1	270	Plasmid_associated	YBN57848.1 subclass B1 metallo-beta-lactamase NDM-1 (plasmid) [Klebsiella pneumoniae]
YBO44392.1	NDM-1	270	Biological_protein	YBO44392.1 subclass B1 metallo-beta-lactamase NDM-1 [Acinetobacter baumannii]
YBQ78738.1	NDM-1	270	Plasmid_associated	YBQ78738.1 subclass B1 metallo-beta-lactamase NDM-1 (plasmid) [Enterobacter roggenkampii]
YBQ82645.1	NDM-1	270	Plasmid_associated	YBQ82645.1 subclass B1 metallo-beta-lactamase NDM-1 (plasmid) [Escherichia coli]
YCN63537.1	NDM-1	270	Plasmid_associated	YCN63537.1 subclass B1 metallo-beta-lactamase NDM-1 (plasmid) [Escherichia coli]
YCN68284.1	NDM-1	270	Plasmid_associated	YCN68284.1 subclass B1 metallo-beta-lactamase NDM-1 (plasmid) [Escherichia coli]
YCN73025.1	NDM-1	270	Plasmid_associated	YCN73025.1 subclass B1 metallo-beta-lactamase NDM-1 (plasmid) [Escherichia coli]
YCQ41962.1	NDM-1	270	Biological_protein	YCQ41962.1 subclass B1 metallo-beta-lactamase NDM-1, partial [Escherichia coli]
YCQ41963.1	NDM-1	270	Biological_protein	YCQ41963.1 subclass B1 metallo-beta-lactamase NDM-1, partial [Klebsiella pneumoniae]
YCQ41964.1	NDM-1	270	Biological_protein	YCQ41964.1 subclass B1 metallo-beta-lactamase NDM-1, partial [Proteus mirabilis]
YCR83109.1	NDM-1	270	Plasmid_associated	YCR83109.1 subclass B1 metallo-beta-lactamase NDM-1 (plasmid) [Acinetobacter baumannii]
YDC19162.1	NDM-1	270	Biological_protein	YDC19162.1 subclass B1 metallo-beta-lactamase NDM-1 [Klebsiella pneumoniae subsp. pneumoniae]
YDQ22203.1	NDM-1	270	Plasmid_associated	YDQ22203.1 subclass B1 metallo-beta-lactamase NDM-1 (plasmid) [Acinetobacter junii]
KAN5341439.1	NDM-1	270	Plasmid_associated	KAN5341439.1 subclass B1 metallo-beta-lactamase NDM-1 (plasmid) [Klebsiella planticola]
KAN5341888.1	NDM-1	270	Plasmid_associated	KAN5341888.1 subclass B1 metallo-beta-lactamase NDM-1 (plasmid) [Klebsiella planticola]
KAN5347284.1	NDM-1	270	Plasmid_associated	KAN5347284.1 subclass B1 metallo-beta-lactamase NDM-1 (plasmid) [Klebsiella planticola]
KAN5347730.1	NDM-1	270	Plasmid_associated	KAN5347730.1 subclass B1 metallo-beta-lactamase NDM-1 (plasmid) [Klebsiella planticola]
YDZ69519.1	NDM-1	270	Plasmid_associated	YDZ69519.1 subclass B1 metallo-beta-lactamase NDM-1 (plasmid) [Escherichia coli]
YDZ69647.1	NDM-1	270	Plasmid_associated	YDZ69647.1 subclass B1 metallo-beta-lactamase NDM-1 (plasmid) [Escherichia coli]
YDZ69746.1	NDM-1	270	Plasmid_associated	YDZ69746.1 subclass B1 metallo-beta-lactamase NDM-1 (plasmid) [Escherichia coli]
YDZ69950.1	NDM-1	270	Plasmid_associated	YDZ69950.1 subclass B1 metallo-beta-lactamase NDM-1 (plasmid) [Escherichia coli]
YDZ70172.1	NDM-1	270	Plasmid_associated	YDZ70172.1 subclass B1 metallo-beta-lactamase NDM-1 (plasmid) [Escherichia coli]
YDZ70519.1	NDM-1	270	Plasmid_associated	YDZ70519.1 subclass B1 metallo-beta-lactamase NDM-1 (plasmid) [Escherichia coli]
YDZ70755.1	NDM-1	270	Plasmid_associated	YDZ70755.1 subclass B1 metallo-beta-lactamase NDM-1 (plasmid) [Escherichia coli]
YDZ70761.1	NDM-1	270	Plasmid_associated	YDZ70761.1 subclass B1 metallo-beta-lactamase NDM-1 (plasmid) [Escherichia coli]
YDZ71063.1	NDM-1	270	Plasmid_associated	YDZ71063.1 subclass B1 metallo-beta-lactamase NDM-1 (plasmid) [Escherichia coli]
CAR1542484.1	NDM-1	270	Biological_protein	CAR1542484.1 subclass B1 metallo-beta-lactamase NDM-1 [Klebsiella pneumoniae]
YED21773.1	NDM-1	270	Biological_protein	YED21773.1 subclass B1 metallo-beta-lactamase NDM-1 [Pseudomonas aeruginosa]
CAR1540865.1	NDM-1	270	Plasmid_associated	CAR1540865.1 subclass B1 metallo-beta-lactamase NDM-1 (plasmid) [Klebsiella pneumoniae]
YEW07592.1	NDM-1	270	Plasmid_associated	YEW07592.1 subclass B1 metallo-beta-lactamase NDM-1 (plasmid) [Escherichia coli]
YFA41807.1	NDM-1	270	Plasmid_associated	YFA41807.1 subclass B1 metallo-beta-lactamase NDM-1 (plasmid) [Klebsiella pneumoniae]
YFA41818.1	NDM-1	270	Plasmid_associated	YFA41818.1 subclass B1 metallo-beta-lactamase NDM-1 (plasmid) [Klebsiella pneumoniae]
YFA41829.1	NDM-1	270	Plasmid_associated	YFA41829.1 subclass B1 metallo-beta-lactamase NDM-1 (plasmid) [Klebsiella pneumoniae]
YFC55382.1	NDM-1	270	Plasmid_associated	YFC55382.1 subclass B1 metallo-beta-lactamase NDM-1 (plasmid) [Providencia hangzhouensis]
YFC55389.1	NDM-1	270	Plasmid_associated	YFC55389.1 subclass B1 metallo-beta-lactamase NDM-1 (plasmid) [Providencia hangzhouensis]
YFC55396.1	NDM-1	270	Plasmid_associated	YFC55396.1 subclass B1 metallo-beta-lactamase NDM-1 (plasmid) [Providencia hangzhouensis]
YFC55403.1	NDM-1	270	Plasmid_associated	YFC55403.1 subclass B1 metallo-beta-lactamase NDM-1 (plasmid) [Providencia hangzhouensis]
YFC55410.1	NDM-1	270	Plasmid_associated	YFC55410.1 subclass B1 metallo-beta-lactamase NDM-1 (plasmid) [Providencia hangzhouensis]
YFG63479.1	NDM-1	270	Biological_protein	YFG63479.1 subclass B1 metallo-beta-lactamase NDM-1 [Pseudomonas aeruginosa]
YFH00859.1	NDM-1	270	Biological_protein	YFH00859.1 subclass B1 metallo-beta-lactamase NDM-1 [Pseudomonas aeruginosa]
YFH12935.1	NDM-1	270	Plasmid_associated	YFH12935.1 subclass B1 metallo-beta-lactamase NDM-1 (plasmid) [Klebsiella pneumoniae]
YFH82761.1	NDM-1	270	Plasmid_associated	YFH82761.1 subclass B1 metallo-beta-lactamase NDM-1 (plasmid) [Enterobacter chuandaensis]
YFJ00741.1	NDM-1	270	Plasmid_associated	YFJ00741.1 subclass B1 metallo-beta-lactamase NDM-1 (plasmid) [Klebsiella pneumoniae]
YFR21191.1	NDM-1	270	Plasmid_associated	YFR21191.1 subclass B1 metallo-beta-lactamase NDM-1 (plasmid) [Escherichia coli O120:H32]
YFR26221.1	NDM-1	270	Plasmid_associated	YFR26221.1 subclass B1 metallo-beta-lactamase NDM-1 (plasmid) [Escherichia coli O101:H9]
YFU47333.1	NDM-1	270	Plasmid_associated	YFU47333.1 metallo-beta-lactamase NDM-1 (plasmid) [Salmonella enterica subsp. enterica]
YFU82474.1	NDM-1	270	Plasmid_associated	YFU82474.1 subclass B1 metallo-beta-lactamase NDM-1 (plasmid) [Enterobacteriaceae bacterium F21220202]
YGD28368.1	NDM-1	270	Plasmid_associated	YGD28368.1 subclass B1 metallo-beta-lactamase NDM-1 (plasmid) [Providencia hangzhouensis]
YGD28593.1	NDM-1	270	Plasmid_associated	YGD28593.1 subclass B1 metallo-beta-lactamase NDM-1 (plasmid) [Providencia hangzhouensis]
YGD63987.1	NDM-1	270	Plasmid_associated	YGD63987.1 subclass B1 metallo-beta-lactamase NDM-1 (plasmid) [Klebsiella pneumoniae]
YGD65052.1	NDM-1	270	Plasmid_associated	YGD65052.1 subclass B1 metallo-beta-lactamase NDM-1 (plasmid) [Klebsiella pneumoniae]
YGD65446.1	NDM-1	270	Plasmid_associated	YGD65446.1 subclass B1 metallo-beta-lactamase NDM-1 (plasmid) [Klebsiella pneumoniae]
YGD65620.1	NDM-1	270	Plasmid_associated	YGD65620.1 subclass B1 metallo-beta-lactamase NDM-1 (plasmid) [Klebsiella pneumoniae]
YGD66364.1	NDM-1	270	Plasmid_associated	YGD66364.1 subclass B1 metallo-beta-lactamase NDM-1 (plasmid) [Klebsiella pneumoniae]
YGD66781.1	NDM-1	270	Plasmid_associated	YGD66781.1 subclass B1 metallo-beta-lactamase NDM-1 (plasmid) [Klebsiella pneumoniae]
AEA41876.1	NDM-2	270	Biological_protein	AEA41876.1 NDM-2 metallo-beta-lactamase [Acinetobacter baumannii]
AET86558.1	NDM-2	270	Biological_protein	AET86558.1 metallo-beta-lactamase NDM-2 [Acinetobacter baumannii]
AEZ35976.1	NDM-2	270	Biological_protein	AEZ35976.1 NDM-2 [Acinetobacter baumannii]
WP_063860860.1	NDM-2	270	Biological_protein	WP_063860860.1 subclass B1 metallo-beta-lactamase NDM-2 [Acinetobacter baumannii]
WOL75440.1	NDM-2	270	Biological_protein	WOL75440.1 subclass B1 metallo-beta-lactamase NDM-2 [Acinetobacter baumannii]
AFK80349.1	NDM-3	270	Plasmid_associated	AFK80349.1 NDM-3 metallo-beta-lactamase (plasmid) [Escherichia coli]
AGT63294.1	NDM-3	270	Plasmid_associated	AGT63294.1 NDM-3 metallo-beta-lactamase (plasmid) [Escherichia coli]
BAO27812.1	NDM-3	270	Plasmid_associated	BAO27812.1 metallo-beta-lactamase NDM-3 (plasmid) [Escherichia coli]
WP_032492661.1	NDM-3	270	Biological_protein	WP_032492661.1 MULTISPECIES: subclass B1 metallo-beta-lactamase NDM-3 [Gammaproteobacteria]
AMO51457.1	NDM-3	270	Biological_protein	AMO51457.1 beta-lactamase NDM-3 [Acinetobacter baumannii]
RDZ18682.1	NDM-3	270	Biological_protein	RDZ18682.1 subclass B1 metallo-beta-lactamase NDM-3 [Enterobacter sp. EC-NT1]
pdb|6MH0|A	NDM-3	243	PDB_structure	pdb|6MH0|A Chain A, Metallo-beta-lactamase NDM-3
pdb|6MH0|B	NDM-3	243	PDB_structure	pdb|6MH0|B Chain B, Metallo-beta-lactamase NDM-3
RVT46648.1	NDM-3	270	Biological_protein	RVT46648.1 subclass B1 metallo-beta-lactamase NDM-3 [Acinetobacter indicus]
AZZ89463.1	NDM-3	270	Biological_protein	AZZ89463.1 subclass B1 metallo-beta-lactamase NDM-3 [Escherichia coli]
AZZ89464.1	NDM-3	270	Biological_protein	AZZ89464.1 subclass B1 metallo-beta-lactamase NDM-3 [Escherichia coli]
QFS18486.1	NDM-3	270	Biological_protein	QFS18486.1 subclass B1 metallo-beta-lactamase NDM-3 [Acinetobacter indicus]
QIF54731.1	NDM-3	270	Biological_protein	QIF54731.1 subclass B1 metallo-beta-lactamase NDM-3 [Klebsiella pneumoniae]
QIF54749.1	NDM-3	270	Biological_protein	QIF54749.1 subclass B1 metallo-beta-lactamase NDM-3 [Klebsiella pneumoniae]
UNW04108.1	NDM-3	270	Biological_protein	UNW04108.1 subclass B1 metallo-beta-lactamase NDM-3 [Acinetobacter indicus]
AFB82585.1	NDM-4	270	Biological_protein	AFB82585.1 metallo-beta-lactamase NDM-4 [Escherichia coli]
AIZ65672.1	NDM-4	270	Biological_protein	AIZ65672.1 New Delhi metallo-beta-lactamase NDM-4 [Escherichia coli]
AJE61434.1	NDM-4	270	Biological_protein	AJE61434.1 metallo-beta-lactamase NDM-4 [Escherichia coli]
AJE61437.1	NDM-4	270	Biological_protein	AJE61437.1 metallo-beta-lactamase NDM-4 [Escherichia coli]
AJE61441.1	NDM-4	270	Biological_protein	AJE61441.1 metallo-beta-lactamase NDM-4 [Escherichia coli]
AJE61445.1	NDM-4	270	Biological_protein	AJE61445.1 metallo-beta-lactamase NDM-4 [Escherichia coli]
AKB96443.1	NDM-4	270	Plasmid_associated	AKB96443.1 NDM-4 (plasmid) [Klebsiella pneumoniae]
AKN35302.1	NDM-4	270	Plasmid_associated	AKN35302.1 NDM-4 (plasmid) [Escherichia coli]
AKN35310.1	NDM-4	270	Plasmid_associated	AKN35310.1 NDM-4 (plasmid) [Escherichia coli]
AKN35329.1	NDM-4	270	Plasmid_associated	AKN35329.1 NDM-4 (plasmid) [Escherichia coli]
AKT45832.1	NDM-4	270	Biological_protein	AKT45832.1 NDM-4 [Pseudomonas sp. NF91]
AKT45833.1	NDM-4	270	Biological_protein	AKT45833.1 NDM-4 [Escherichia coli]
WP_063860861.1	NDM-4	270	Biological_protein	WP_063860861.1 MULTISPECIES: subclass B1 metallo-beta-lactamase NDM-4 [Gammaproteobacteria]
APU90244.1	NDM-4	270	Plasmid_associated	APU90244.1 metallo-beta-lactamase, NDM-4 (plasmid) [Escherichia coli]
BAX83047.1	NDM-4	270	Plasmid_associated	BAX83047.1 NDM-4 protein (plasmid) [Escherichia coli]
BAX83315.1	NDM-4	270	Plasmid_associated	BAX83315.1 NDM-4 protein (plasmid) [Escherichia coli]
BAX83921.1	NDM-4	270	Plasmid_associated	BAX83921.1 NDM-4 protein (plasmid) [Escherichia coli]
ASI38447.1	NDM-4	270	Biological_protein	ASI38447.1 metallo-beta-lactamase NDM-4 [Escherichia coli]
PAX40828.1	NDM-4	270	Plasmid_associated	PAX40828.1 subclass B1 metallo-beta-lactamase NDM-4 (plasmid) [Escherichia coli]
PSG73329.1	NDM-4	270	Biological_protein	PSG73329.1 subclass B1 metallo-beta-lactamase NDM-4 [Escherichia coli]
AVX50316.1	NDM-4	270	Plasmid_associated	AVX50316.1 NDM-4 (plasmid) [Enterobacter cloacae]
AWA14710.1	NDM-4	270	Plasmid_associated	AWA14710.1 subclass B1 metallo-beta-lactamase NDM-4 (plasmid) [Escherichia coli]
AWD37494.1	NDM-4	270	Biological_protein	AWD37494.1 metallo-beta-lactamase NDM-4 [Escherichia coli]
AWH58013.1	NDM-4	270	Plasmid_associated	AWH58013.1 NDM-4 (plasmid) [Enterobacter cloacae]
AWH58057.1	NDM-4	270	Plasmid_associated	AWH58057.1 NDM-4 (plasmid) [Enterobacter asburiae]
AWH58101.1	NDM-4	270	Plasmid_associated	AWH58101.1 NDM-4 (plasmid) [Kluyvera intermedia]
AWH58145.1	NDM-4	270	Plasmid_associated	AWH58145.1 NDM-4 (plasmid) [Escherichia coli]
AXN82937.1	NDM-4	270	Plasmid_associated	AXN82937.1 subclass B1 metallo-beta-lactamase NDM-4 (plasmid) [Escherichia coli]
pdb|6MGZ|A	NDM-4	243	PDB_structure	pdb|6MGZ|A Chain A, NDM-4
pdb|6MGZ|B	NDM-4	243	PDB_structure	pdb|6MGZ|B Chain B, NDM-4
AYL08390.1	NDM-4	270	Plasmid_associated	AYL08390.1 subclass B1 metallo-beta-lactamase NDM-4 (plasmid) [Escherichia coli]
AYP18776.1	NDM-4	270	Plasmid_associated	AYP18776.1 metallo-beta-lactamase NDM-4 (plasmid) [Shigella sp.]
QBQ84977.1	NDM-4	270	Plasmid_associated	QBQ84977.1 metallo-beta-lactamase, NDM-4 (plasmid) [Enterobacter cloacae]
THB21503.1	NDM-4	270	Biological_protein	THB21503.1 subclass B1 metallo-beta-lactamase NDM-4 [Escherichia coli]
THT68309.1	NDM-4	270	Biological_protein	THT68309.1 subclass B1 metallo-beta-lactamase NDM-4 [Klebsiella pneumoniae]
QDZ36204.1	NDM-4	270	Plasmid_associated	QDZ36204.1 subclass B1 metallo-beta-lactamase NDM-4 (plasmid) [Klebsiella pneumoniae]
QEG84784.1	NDM-4	270	Plasmid_associated	QEG84784.1 subclass B1 metallo-beta-lactamase NDM-4 (plasmid) [Klebsiella pneumoniae]
KAA1480292.1	NDM-4	270	Biological_protein	KAA1480292.1 subclass B1 metallo-beta-lactamase NDM-4 [Klebsiella pneumoniae]
QWY93944.1	NDM-4	270	Biological_protein	QWY93944.1 subclass B1 metallo-beta-lactamase NDM-4 [Klebsiella pneumoniae]
QYG29857.1	NDM-4	270	Plasmid_associated	QYG29857.1 subclass B1 metallo-beta-lactamase NDM-4 (plasmid) [Klebsiella pneumoniae]
UPG31938.1	NDM-4	270	Plasmid_associated	UPG31938.1 subclass B1 metallo-beta-lactamase NDM-4 (plasmid) [Escherichia coli]
UPG35755.1	NDM-4	270	Plasmid_associated	UPG35755.1 subclass B1 metallo-beta-lactamase NDM-4 (plasmid) [Escherichia coli]
UTY74892.1	NDM-4	270	Plasmid_associated	UTY74892.1 subclass B1 metallo-beta-lactamase NDM-4 (plasmid) [Escherichia coli]
WAN45947.1	NDM-4	270	Plasmid_associated	WAN45947.1 subclass B1 metallo-beta-lactamase NDM-4 (plasmid) [Klebsiella pneumoniae]
WAT48327.1	NDM-4	270	Plasmid_associated	WAT48327.1 subclass B1 metallo-beta-lactamase NDM-4 (plasmid) [Klebsiella quasipneumoniae]
WAT53882.1	NDM-4	270	Plasmid_associated	WAT53882.1 subclass B1 metallo-beta-lactamase NDM-4 (plasmid) [Klebsiella variicola]
WAT59442.1	NDM-4	270	Plasmid_associated	WAT59442.1 subclass B1 metallo-beta-lactamase NDM-4 (plasmid) [Klebsiella variicola]
WBD07279.1	NDM-4	270	Plasmid_associated	WBD07279.1 subclass B1 metallo-beta-lactamase NDM-4 (plasmid) [Escherichia coli]
WBD12826.1	NDM-4	270	Plasmid_associated	WBD12826.1 subclass B1 metallo-beta-lactamase NDM-4 (plasmid) [Klebsiella variicola]
WBD18484.1	NDM-4	270	Plasmid_associated	WBD18484.1 subclass B1 metallo-beta-lactamase NDM-4 (plasmid) [Klebsiella variicola]
WBD18852.1	NDM-4	270	Plasmid_associated	WBD18852.1 subclass B1 metallo-beta-lactamase NDM-4 (plasmid) [Escherichia coli]
WBD47000.1	NDM-4	270	Plasmid_associated	WBD47000.1 subclass B1 metallo-beta-lactamase NDM-4 (plasmid) [Klebsiella variicola]
WBD52613.1	NDM-4	270	Plasmid_associated	WBD52613.1 subclass B1 metallo-beta-lactamase NDM-4 (plasmid) [Klebsiella variicola]
WBD58170.1	NDM-4	270	Plasmid_associated	WBD58170.1 subclass B1 metallo-beta-lactamase NDM-4 (plasmid) [Klebsiella variicola]
WBD63730.1	NDM-4	270	Plasmid_associated	WBD63730.1 subclass B1 metallo-beta-lactamase NDM-4 (plasmid) [Klebsiella variicola]
WBD69286.1	NDM-4	270	Plasmid_associated	WBD69286.1 subclass B1 metallo-beta-lactamase NDM-4 (plasmid) [Klebsiella variicola]
WBD74842.1	NDM-4	270	Plasmid_associated	WBD74842.1 subclass B1 metallo-beta-lactamase NDM-4 (plasmid) [Klebsiella variicola]
WBM82272.1	NDM-4	270	Plasmid_associated	WBM82272.1 subclass B1 metallo-beta-lactamase NDM-4 (plasmid) [Klebsiella pneumoniae]
WBM82439.1	NDM-4	270	Plasmid_associated	WBM82439.1 subclass B1 metallo-beta-lactamase NDM-4 (plasmid) [Klebsiella pneumoniae]
WBM82845.1	NDM-4	270	Plasmid_associated	WBM82845.1 subclass B1 metallo-beta-lactamase NDM-4 (plasmid) [Klebsiella pneumoniae]
WBM83214.1	NDM-4	270	Plasmid_associated	WBM83214.1 subclass B1 metallo-beta-lactamase NDM-4 (plasmid) [Klebsiella pneumoniae]
WBM83232.1	NDM-4	270	Plasmid_associated	WBM83232.1 subclass B1 metallo-beta-lactamase NDM-4 (plasmid) [Klebsiella pneumoniae]
WBM83356.1	NDM-4	270	Plasmid_associated	WBM83356.1 subclass B1 metallo-beta-lactamase NDM-4 (plasmid) [Escherichia coli]
WBM84485.1	NDM-4	270	Plasmid_associated	WBM84485.1 subclass B1 metallo-beta-lactamase NDM-4 (plasmid) [Klebsiella pneumoniae]
WBM84592.1	NDM-4	270	Plasmid_associated	WBM84592.1 subclass B1 metallo-beta-lactamase NDM-4 (plasmid) [Klebsiella pneumoniae]
WFO80532.1	NDM-4	270	Plasmid_associated	WFO80532.1 subclass B1 metallo-beta-lactamase NDM-4 (plasmid) [Escherichia coli]
WFO85118.1	NDM-4	270	Plasmid_associated	WFO85118.1 subclass B1 metallo-beta-lactamase NDM-4 (plasmid) [Escherichia coli]
WVJ13167.1	NDM-4	270	Plasmid_associated	WVJ13167.1 subclass B1 metallo-beta-lactamase NDM-4 (plasmid) [Enterobacter hormaechei]
WVJ07980.1	NDM-4	270	Plasmid_associated	WVJ07980.1 subclass B1 metallo-beta-lactamase NDM-4 (plasmid) [Enterobacter hormaechei]
XDM93792.1	NDM-4	270	Plasmid_associated	XDM93792.1 subclass B1 metallo-beta-lactamase NDM-4 (plasmid) [Klebsiella pneumoniae]
XDN88942.1	NDM-4	270	Plasmid_associated	XDN88942.1 subclass B1 metallo-beta-lactamase NDM-4 (plasmid) [Escherichia coli]
XES55613.1	NDM-4	270	Plasmid_associated	XES55613.1 subclass B1 metallo-beta-lactamase NDM-4 (plasmid) [Escherichia coli]
XRP53600.1	NDM-4	270	Plasmid_associated	XRP53600.1 subclass B1 metallo-beta-lactamase NDM-4 (plasmid) [Enterobacter hormaechei]
XRP62304.1	NDM-4	270	Plasmid_associated	XRP62304.1 subclass B1 metallo-beta-lactamase NDM-4 (plasmid) [Enterobacter hormaechei]
XUQ58732.1	NDM-4	270	Plasmid_associated	XUQ58732.1 subclass B1 metallo-beta-lactamase NDM-4 (plasmid) [Escherichia coli]
YEF06915.1	NDM-4	270	Plasmid_associated	YEF06915.1 subclass B1 metallo-beta-lactamase NDM-4 (plasmid) [Citrobacter portucalensis]
AEN03071.1	NDM-5	270	Biological_protein	AEN03071.1 NDM-5 metallo-beta-lactamase [Escherichia coli]
AGZ20412.1	NDM-5	270	Biological_protein	AGZ20412.1 class B carbapenemase NDM-5 [Escherichia coli]
AGZ20413.1	NDM-5	270	Biological_protein	AGZ20413.1 class B carbapenemase NDM-5 [Escherichia coli]
AGZ20414.1	NDM-5	270	Biological_protein	AGZ20414.1 class B carbapenemase NDM-5 [Escherichia coli]
WP_023408309.1	NDM-5	270	Biological_protein	WP_023408309.1 MULTISPECIES: subclass B1 metallo-beta-lactamase NDM-5 [Gammaproteobacteria]
AHZ10948.1	NDM-5	255	Biological_protein	AHZ10948.1 metallo-beta-lactamase NDM-5, partial [Escherichia coli]
AIT70910.1	NDM-5	270	Plasmid_associated	AIT70910.1 metallo-beta-lactamase NDM-5 (plasmid) [Escherichia coli]
AJE61431.1	NDM-5	270	Biological_protein	AJE61431.1 metallo-beta-lactamase NDM-5 [Escherichia coli]
AJE61436.1	NDM-5	270	Biological_protein	AJE61436.1 metallo-beta-lactamase NDM-5 [Escherichia coli]
AJE61438.1	NDM-5	270	Biological_protein	AJE61438.1 metallo-beta-lactamase NDM-5 [Klebsiella pneumoniae]
AJE61439.1	NDM-5	270	Biological_protein	AJE61439.1 metallo-beta-lactamase NDM-5 [Citrobacter sp. KnPC10]
AJE61440.1	NDM-5	270	Biological_protein	AJE61440.1 metallo-beta-lactamase NDM-5 [Escherichia coli]
AJQ30178.1	NDM-5	270	Plasmid_associated	AJQ30178.1 class B metallo-beta-lactamase NDM-5 (plasmid) [Escherichia coli]
AJS14588.1	NDM-5	270	Biological_protein	AJS14588.1 NDM-5 [Escherichia coli]
AKT45817.1	NDM-5	270	Biological_protein	AKT45817.1 NDM-5 [Escherichia coli]
AKT45818.1	NDM-5	270	Biological_protein	AKT45818.1 NDM-5 [Escherichia coli]
AKT45819.1	NDM-5	270	Biological_protein	AKT45819.1 NDM-5 [Escherichia coli]
AKT45820.1	NDM-5	270	Biological_protein	AKT45820.1 NDM-5 [Escherichia coli]
AKT45821.1	NDM-5	270	Biological_protein	AKT45821.1 NDM-5 [Escherichia coli]
AKT45822.1	NDM-5	270	Biological_protein	AKT45822.1 NDM-5 [Escherichia coli]
AKT45823.1	NDM-5	270	Biological_protein	AKT45823.1 NDM-5 [Escherichia coli]
AKT45824.1	NDM-5	270	Biological_protein	AKT45824.1 NDM-5 [Escherichia coli]
AKT45825.1	NDM-5	270	Biological_protein	AKT45825.1 NDM-5 [Klebsiella pneumoniae]
AKT45826.1	NDM-5	270	Biological_protein	AKT45826.1 NDM-5 [Klebsiella pneumoniae subsp. pneumoniae]
AKT45827.1	NDM-5	270	Biological_protein	AKT45827.1 NDM-5 [Escherichia coli]
AKT45828.1	NDM-5	270	Biological_protein	AKT45828.1 NDM-5 [Escherichia coli]
AKT45829.1	NDM-5	270	Biological_protein	AKT45829.1 NDM-5 [Escherichia coli]
AKT45830.1	NDM-5	270	Biological_protein	AKT45830.1 NDM-5 [Escherichia coli]
AKT45831.1	NDM-5	270	Biological_protein	AKT45831.1 NDM-5 [Escherichia coli]
BAT46904.1	NDM-5	270	Biological_protein	BAT46904.1 beta-lactamase NDM-5 [Escherichia coli]
BAT46907.1	NDM-5	270	Biological_protein	BAT46907.1 beta-lactamase NDM-5 [Escherichia coli]
BAT46915.1	NDM-5	270	Biological_protein	BAT46915.1 beta-lactamase NDM-5 [Escherichia coli]
BAT46919.1	NDM-5	270	Biological_protein	BAT46919.1 beta-lactamase NDM-5 [Escherichia coli]
BAT46933.1	NDM-5	270	Biological_protein	BAT46933.1 beta-lactamase NDM-5 [Escherichia coli]
BAT46979.1	NDM-5	270	Biological_protein	BAT46979.1 beta-lactamase NDM-5 [Escherichia coli]
BAT46983.1	NDM-5	270	Biological_protein	BAT46983.1 beta-lactamase NDM-5 [Escherichia coli]
ALU57253.1	NDM-5	270	Plasmid_associated	ALU57253.1 NDM-5 (plasmid) [Klebsiella pneumoniae]
ALU57361.1	NDM-5	270	Plasmid_associated	ALU57361.1 NDM-5 (plasmid) [Klebsiella pneumoniae]
ANW07713.1	NDM-5	270	Plasmid_associated	ANW07713.1 NDM-5 metallo-beta-lactamase (plasmid) [Escherichia coli]
ANW07776.1	NDM-5	270	Plasmid_associated	ANW07776.1 NDM-5 metallo-beta-lactamase (plasmid) [Escherichia coli]
APW77209.1	NDM-5	270	Plasmid_associated	APW77209.1 beta-lactamase NDM-5 (plasmid) [Escherichia coli]
AQL50021.1	NDM-5	270	Plasmid_associated	AQL50021.1 subclass B1 metallo-beta-lactamase NDM-5 (plasmid) [Salmonella enterica subsp. enterica serovar Typhimurium]
AQY75714.1	NDM-5	270	Plasmid_associated	AQY75714.1 Ndm-5 (plasmid) [Escherichia coli]
OPH84779.1	NDM-5	270	Plasmid_associated	OPH84779.1 subclass B1 metallo-beta-lactamase NDM-5 (plasmid) [Salmonella enterica subsp. enterica serovar Typhimurium]
OPH84894.1	NDM-5	270	Biological_protein	OPH84894.1 subclass B1 metallo-beta-lactamase NDM-5 [Salmonella enterica subsp. enterica serovar Typhimurium]
ARR96068.1	NDM-5	270	Plasmid_associated	ARR96068.1 New Delhi metallo-beta-lactamase NDM-5 (plasmid) [Escherichia coli]
ARR96071.1	NDM-5	270	Plasmid_associated	ARR96071.1 New Delhi metallo-beta-lactamase NDM-5 (plasmid) [Escherichia coli]
BAX82847.1	NDM-5	270	Plasmid_associated	BAX82847.1 NDM-5 protein (plasmid) [Escherichia coli]
BAX82956.1	NDM-5	270	Plasmid_associated	BAX82956.1 NDM-5 protein (plasmid) [Escherichia coli]
BAX83566.1	NDM-5	270	Plasmid_associated	BAX83566.1 NDM-5 protein (plasmid) [Escherichia coli]
BAX83960.1	NDM-5	270	Plasmid_associated	BAX83960.1 NDM-5 (plasmid) [Escherichia coli]
ARX32517.1	NDM-5	270	Plasmid_associated	ARX32517.1 subclass B1 metallo-beta-lactamase NDM-5 (plasmid) [Escherichia coli]
OVV96982.1	NDM-5	270	Biological_protein	OVV96982.1 subclass B1 metallo-beta-lactamase NDM-5 [Klebsiella quasipneumoniae subsp. similipneumoniae]
OVW11264.1	NDM-5	270	Biological_protein	OVW11264.1 subclass B1 metallo-beta-lactamase NDM-5 [Klebsiella quasipneumoniae subsp. similipneumoniae]
OVW19383.1	NDM-5	270	Biological_protein	OVW19383.1 subclass B1 metallo-beta-lactamase NDM-5 [Klebsiella quasipneumoniae subsp. similipneumoniae]
OVW22854.1	NDM-5	270	Biological_protein	OVW22854.1 subclass B1 metallo-beta-lactamase NDM-5 [Klebsiella quasipneumoniae subsp. similipneumoniae]
ARZ91115.1	NDM-5	270	Plasmid_associated	ARZ91115.1 subclass B1 metallo-beta-lactamase NDM-5 (plasmid) [Escherichia coli]
OWK75625.1	NDM-5	270	Biological_protein	OWK75625.1 subclass B1 metallo-beta-lactamase NDM-5 [Klebsiella quasipneumoniae]
OWK78449.1	NDM-5	270	Biological_protein	OWK78449.1 subclass B1 metallo-beta-lactamase NDM-5 [Klebsiella quasipneumoniae]
ASK77568.1	NDM-5	270	Plasmid_associated	ASK77568.1 subclass B1 metallo-beta-lactamase NDM-5 (plasmid) [Klebsiella michiganensis]
OXJ75727.1	NDM-5	270	Biological_protein	OXJ75727.1 subclass B1 metallo-beta-lactamase NDM-5 [Escherichia coli]
ASR12244.1	NDM-5	251	Biological_protein	ASR12244.1 beta-lactamase NDM-5, partial [Escherichia coli]
ASR12245.1	NDM-5	245	Biological_protein	ASR12245.1 beta-lactamase NDM-5, partial [Escherichia coli]
ASU04497.1	NDM-5	270	Plasmid_associated	ASU04497.1 Beta-lactamase NDM-5 (plasmid) [Escherichia coli]
OZP30577.1	NDM-5	270	Biological_protein	OZP30577.1 subclass B1 metallo-beta-lactamase NDM-5 [Escherichia coli]
OZR90239.1	NDM-5	270	Biological_protein	OZR90239.1 subclass B1 metallo-beta-lactamase NDM-5 [Escherichia coli]
OZR95253.1	NDM-5	270	Biological_protein	OZR95253.1 subclass B1 metallo-beta-lactamase NDM-5 [Escherichia coli]
OZS00989.1	NDM-5	270	Biological_protein	OZS00989.1 subclass B1 metallo-beta-lactamase NDM-5 [Escherichia coli]
OZS05909.1	NDM-5	270	Biological_protein	OZS05909.1 subclass B1 metallo-beta-lactamase NDM-5 [Escherichia coli]
OZS10154.1	NDM-5	270	Biological_protein	OZS10154.1 subclass B1 metallo-beta-lactamase NDM-5 [Escherichia coli]
PAT27711.1	NDM-5	270	Biological_protein	PAT27711.1 subclass B1 metallo-beta-lactamase NDM-5 [Klebsiella pneumoniae]
ASY91518.1	NDM-5	270	Plasmid_associated	ASY91518.1 subclass B1 metallo-beta-lactamase NDM-5 (plasmid) [Escherichia coli]
ASY91529.1	NDM-5	270	Plasmid_associated	ASY91529.1 subclass B1 metallo-beta-lactamase NDM-5 (plasmid) [Escherichia coli]
ASZ59709.1	NDM-5	270	Plasmid_associated	ASZ59709.1 subclass B1 metallo-beta-lactamase NDM-5 (plasmid) [Klebsiella michiganensis]
PCL58442.1	NDM-5	270	Biological_protein	PCL58442.1 subclass B1 metallo-beta-lactamase NDM-5 [Klebsiella pneumoniae]
PHH32683.1	NDM-5	270	Biological_protein	PHH32683.1 subclass B1 metallo-beta-lactamase NDM-5 [Escherichia coli]
ATM13273.1	NDM-5	270	Plasmid_associated	ATM13273.1 subclass B1 metallo-beta-lactamase NDM-5 (plasmid) [Escherichia coli]
ATM24909.1	NDM-5	270	Plasmid_associated	ATM24909.1 subclass B1 metallo-beta-lactamase NDM-5 (plasmid) [Escherichia coli]
ATM79445.1	NDM-5	270	Plasmid_associated	ATM79445.1 subclass B1 metallo-beta-lactamase NDM-5 (plasmid) [Escherichia coli]
ATX05071.1	NDM-5	270	Plasmid_associated	ATX05071.1 subclass B1 metallo-beta-lactamase NDM-5 (plasmid) [Citrobacter freundii]
ATX12570.1	NDM-5	270	Plasmid_associated	ATX12570.1 subclass B1 metallo-beta-lactamase NDM-5 (plasmid) [Escherichia coli]
ATX27753.1	NDM-5	270	Plasmid_associated	ATX27753.1 subclass B1 metallo-beta-lactamase NDM-5 (plasmid) [Klebsiella pneumoniae]
ATX33246.1	NDM-5	270	Plasmid_associated	ATX33246.1 subclass B1 metallo-beta-lactamase NDM-5 (plasmid) [Klebsiella pneumoniae]
ATX38099.1	NDM-5	270	Plasmid_associated	ATX38099.1 subclass B1 metallo-beta-lactamase NDM-5 (plasmid) [Escherichia coli]
PKD84845.1	NDM-5	270	Biological_protein	PKD84845.1 subclass B1 metallo-beta-lactamase NDM-5 [Escherichia coli]
AUL66255.1	NDM-5	270	Plasmid_associated	AUL66255.1 subclass B1 metallo-beta-lactamase NDM-5 (plasmid) [Escherichia coli]
PLW74582.1	NDM-5	270	Biological_protein	PLW74582.1 subclass B1 metallo-beta-lactamase NDM-5 [Streptomyces sp. DJ]
AUN45402.1	NDM-5	270	Plasmid_associated	AUN45402.1 subclass B1 metallo-beta-lactamase NDM-5 (plasmid) [Escherichia coli]
AUN45457.1	NDM-5	270	Plasmid_associated	AUN45457.1 subclass B1 metallo-beta-lactamase NDM-5 (plasmid) [Escherichia coli]
PND42532.1	NDM-5	270	Biological_protein	PND42532.1 subclass B1 metallo-beta-lactamase NDM-5 [Escherichia coli]
AUT31257.1	NDM-5	267	Biological_protein	AUT31257.1 beta-lactamase NDM-5 [cloning vector pBAD-kan-BlaP-NDM-5]
AUV24102.1	NDM-5	270	Plasmid_associated	AUV24102.1 subclass B1 metallo-beta-lactamase NDM-5 (plasmid) [Escherichia coli]
AUV50834.1	NDM-5	270	Plasmid_associated	AUV50834.1 subclass B1 metallo-beta-lactamase NDM-5 (plasmid) [Escherichia coli]
AUV51272.1	NDM-5	270	Plasmid_associated	AUV51272.1 subclass B1 metallo-beta-lactamase NDM-5 (plasmid) [Escherichia coli]
POI44859.1	NDM-5	270	Biological_protein	POI44859.1 subclass B1 metallo-beta-lactamase NDM-5 [Klebsiella pneumoniae]
AUY31500.1	NDM-5	270	Plasmid_associated	AUY31500.1 subclass B1 metallo-beta-lactamase NDM-5 (plasmid) [Escherichia coli]
AVB43274.1	NDM-5	270	Plasmid_associated	AVB43274.1 subclass B1 metallo-beta-lactamase NDM-5 (plasmid) [Escherichia coli]
PQO59280.1	NDM-5	270	Biological_protein	PQO59280.1 subclass B1 metallo-beta-lactamase NDM-5 [Klebsiella pneumoniae]
PQQ50433.1	NDM-5	270	Biological_protein	PQQ50433.1 subclass B1 metallo-beta-lactamase NDM-5 [Klebsiella pneumoniae]
AVM99070.1	NDM-5	270	Plasmid_associated	AVM99070.1 subclass B1 metallo-beta-lactamase NDM-5 (plasmid) [Escherichia coli]
AVN58160.1	NDM-5	270	Plasmid_associated	AVN58160.1 NDM-5 (plasmid) [Escherichia coli]
PSF24471.1	NDM-5	270	Biological_protein	PSF24471.1 subclass B1 metallo-beta-lactamase NDM-5 [Escherichia coli]
PSF38558.1	NDM-5	270	Biological_protein	PSF38558.1 subclass B1 metallo-beta-lactamase NDM-5 [Escherichia coli]
PSF42030.1	NDM-5	270	Biological_protein	PSF42030.1 subclass B1 metallo-beta-lactamase NDM-5 [Escherichia coli]
PSF44728.1	NDM-5	270	Biological_protein	PSF44728.1 subclass B1 metallo-beta-lactamase NDM-5 [Escherichia coli]
PSF54911.1	NDM-5	270	Biological_protein	PSF54911.1 subclass B1 metallo-beta-lactamase NDM-5 [Escherichia coli]
PSF55927.1	NDM-5	270	Biological_protein	PSF55927.1 subclass B1 metallo-beta-lactamase NDM-5 [Escherichia coli]
PSF60010.1	NDM-5	270	Biological_protein	PSF60010.1 subclass B1 metallo-beta-lactamase NDM-5 [Escherichia coli]
PSF70255.1	NDM-5	270	Biological_protein	PSF70255.1 subclass B1 metallo-beta-lactamase NDM-5 [Escherichia coli]
PSF72525.1	NDM-5	270	Biological_protein	PSF72525.1 subclass B1 metallo-beta-lactamase NDM-5 [Escherichia coli]
PSF84455.1	NDM-5	270	Biological_protein	PSF84455.1 subclass B1 metallo-beta-lactamase NDM-5 [Escherichia coli]
PSF88446.1	NDM-5	270	Biological_protein	PSF88446.1 subclass B1 metallo-beta-lactamase NDM-5 [Escherichia coli]
PSG02824.1	NDM-5	270	Biological_protein	PSG02824.1 subclass B1 metallo-beta-lactamase NDM-5 [Escherichia coli]
PSG04452.1	NDM-5	270	Biological_protein	PSG04452.1 subclass B1 metallo-beta-lactamase NDM-5 [Escherichia coli]
PSG12496.1	NDM-5	270	Biological_protein	PSG12496.1 subclass B1 metallo-beta-lactamase NDM-5 [Escherichia coli]
PSG17409.1	NDM-5	270	Biological_protein	PSG17409.1 subclass B1 metallo-beta-lactamase NDM-5 [Escherichia coli]
PSG21199.1	NDM-5	270	Biological_protein	PSG21199.1 subclass B1 metallo-beta-lactamase NDM-5 [Escherichia coli]
PSG34632.1	NDM-5	270	Biological_protein	PSG34632.1 subclass B1 metallo-beta-lactamase NDM-5 [Escherichia coli]
PSG40621.1	NDM-5	270	Biological_protein	PSG40621.1 subclass B1 metallo-beta-lactamase NDM-5 [Escherichia coli]
PSG52784.1	NDM-5	270	Biological_protein	PSG52784.1 subclass B1 metallo-beta-lactamase NDM-5 [Escherichia coli]
PSG54153.1	NDM-5	270	Biological_protein	PSG54153.1 subclass B1 metallo-beta-lactamase NDM-5 [Escherichia coli]
AVR75653.1	NDM-5	270	Plasmid_associated	AVR75653.1 subclass B1 metallo-beta-lactamase NDM-5 (plasmid) [Escherichia coli]
AVU48465.1	NDM-5	270	Plasmid_associated	AVU48465.1 subclass B1 metallo-beta-lactamase NDM-5 (plasmid) [Escherichia coli]
AVU58455.1	NDM-5	270	Plasmid_associated	AVU58455.1 subclass B1 metallo-beta-lactamase NDM-5 (plasmid) [Escherichia coli]
AVU63468.1	NDM-5	270	Plasmid_associated	AVU63468.1 subclass B1 metallo-beta-lactamase NDM-5 (plasmid) [Escherichia coli]
PTN56848.1	NDM-5	270	Biological_protein	PTN56848.1 subclass B1 metallo-beta-lactamase NDM-5 [Klebsiella pneumoniae]
AVX50314.1	NDM-5	270	Plasmid_associated	AVX50314.1 NDM-5 (plasmid) [Escherichia coli]
AVZ07271.1	NDM-5	270	Plasmid_associated	AVZ07271.1 subclass B1 metallo-beta-lactamase NDM-5 (plasmid) [Escherichia coli]
AVZ11964.1	NDM-5	270	Plasmid_associated	AVZ11964.1 subclass B1 metallo-beta-lactamase NDM-5 (plasmid) [Enterobacter hormaechei]
AWA49652.1	NDM-5	270	Plasmid_associated	AWA49652.1 subclass B1 metallo-beta-lactamase NDM-5 (plasmid) [Klebsiella pneumoniae subsp. pneumoniae]
BBD82140.1	NDM-5	270	Biological_protein	BBD82140.1 NDM-5 metallo-beta-lactamase [Escherichia coli]
AWD37495.1	NDM-5	270	Biological_protein	AWD37495.1 metallo-beta-lactamase NDM-5 [Escherichia coli]
AWF77936.1	NDM-5	270	Plasmid_associated	AWF77936.1 subclass B1 metallo-beta-lactamase NDM-5 (plasmid) [Escherichia coli]
AWH58228.1	NDM-5	270	Plasmid_associated	AWH58228.1 NDM-5 (plasmid) [Klebsiella oxytoca]
AWH60718.1	NDM-5	270	Plasmid_associated	AWH60718.1 subclass B1 metallo-beta-lactamase NDM-5 (plasmid) [Klebsiella pneumoniae]
AWI97820.1	NDM-5	270	Plasmid_associated	AWI97820.1 NDM-5 metallo-beta-lactamase (plasmid) [Escherichia coli]
AWK02188.1	NDM-5	270	Plasmid_associated	AWK02188.1 subclass B1 metallo-beta-lactamase NDM-5 (plasmid) [Escherichia coli]
AWM65673.1	NDM-5	270	Plasmid_associated	AWM65673.1 metallo-beta-lactamase, NDM-5 (plasmid) [Escherichia coli]
AWM65719.1	NDM-5	270	Plasmid_associated	AWM65719.1 metallo-beta-lactamase, NDM-5 (plasmid) [Escherichia coli]
AWM65765.1	NDM-5	270	Plasmid_associated	AWM65765.1 metallo-beta-lactamase, NDM-5 (plasmid) [Escherichia coli]
AWM65812.1	NDM-5	270	Plasmid_associated	AWM65812.1 metallo-beta-lactamase, NDM-5 (plasmid) [Klebsiella pneumoniae]
AWM65858.1	NDM-5	270	Plasmid_associated	AWM65858.1 metallo-beta-lactamase, NDM-5 (plasmid) [Klebsiella pneumoniae]
AWM65904.1	NDM-5	270	Plasmid_associated	AWM65904.1 metallo-beta-lactamase, NDM-5 (plasmid) [Escherichia coli]
AWM65950.1	NDM-5	270	Plasmid_associated	AWM65950.1 metallo-beta-lactamase, NDM-5 (plasmid) [Escherichia coli]
AWM65996.1	NDM-5	270	Plasmid_associated	AWM65996.1 metallo-beta-lactamase, NDM-5 (plasmid) [Klebsiella pneumoniae]
AWM66095.1	NDM-5	270	Plasmid_associated	AWM66095.1 metallo-beta-lactamase, NDM-5 (plasmid) [Enterobacter cloacae]
AWM66142.1	NDM-5	270	Plasmid_associated	AWM66142.1 metallo-beta-lactamase, NDM-5 (plasmid) [Escherichia coli]
AWM66188.1	NDM-5	270	Plasmid_associated	AWM66188.1 metallo-beta-lactamase, NDM-5 (plasmid) [Klebsiella pneumoniae]
AWM66234.1	NDM-5	270	Plasmid_associated	AWM66234.1 metallo-beta-lactamase, NDM-5 (plasmid) [Escherichia coli]
AWM71946.1	NDM-5	270	Plasmid_associated	AWM71946.1 subclass B1 metallo-beta-lactamase NDM-5 (plasmid) [Escherichia coli]
PWQ09245.1	NDM-5	270	Biological_protein	PWQ09245.1 subclass B1 metallo-beta-lactamase NDM-5 [Escherichia coli]
PWQ25547.1	NDM-5	270	Biological_protein	PWQ25547.1 subclass B1 metallo-beta-lactamase NDM-5 [Escherichia coli]
PWQ30141.1	NDM-5	270	Biological_protein	PWQ30141.1 subclass B1 metallo-beta-lactamase NDM-5 [Escherichia coli]
PWQ38618.1	NDM-5	270	Biological_protein	PWQ38618.1 subclass B1 metallo-beta-lactamase NDM-5 [Escherichia coli]
PWQ40537.1	NDM-5	270	Biological_protein	PWQ40537.1 subclass B1 metallo-beta-lactamase NDM-5 [Escherichia coli]
PWQ66203.1	NDM-5	270	Biological_protein	PWQ66203.1 subclass B1 metallo-beta-lactamase NDM-5 [Escherichia coli]
PWQ73948.1	NDM-5	270	Biological_protein	PWQ73948.1 subclass B1 metallo-beta-lactamase NDM-5 [Escherichia coli]
AWQ59974.1	NDM-5	270	Plasmid_associated	AWQ59974.1 subclass B1 metallo-beta-lactamase NDM-5 (plasmid) [Enterobacter hormaechei]
PXB45450.1	NDM-5	270	Biological_protein	PXB45450.1 subclass B1 metallo-beta-lactamase NDM-5 [Escherichia coli]
AWV13857.1	NDM-5	270	Plasmid_associated	AWV13857.1 subclass B1 metallo-beta-lactamase NDM-5 (plasmid) [Escherichia coli]
RAM13398.1	NDM-5	270	Biological_protein	RAM13398.1 subclass B1 metallo-beta-lactamase NDM-5 [Escherichia coli]
AXE42886.1	NDM-5	270	Plasmid_associated	AXE42886.1 subclass B1 metallo-beta-lactamase NDM-5 (plasmid) [Escherichia coli]
AXH80003.1	NDM-5	270	Biological_protein	AXH80003.1 metallo-beta-lactamase NDM-5 [Escherichia coli]
AXH80115.1	NDM-5	270	Biological_protein	AXH80115.1 New Delhi metallo-beta-lactamase NDM-5 [Escherichia coli]
AXH80116.1	NDM-5	270	Biological_protein	AXH80116.1 New Delhi metallo-beta-lactamase NDM-5 [Escherichia coli]
AXH80117.1	NDM-5	270	Biological_protein	AXH80117.1 New Delhi metallo-beta-lactamase NDM-5 [Escherichia coli]
AXH80118.1	NDM-5	270	Biological_protein	AXH80118.1 New Delhi metallo-beta-lactamase NDM-5 [Escherichia coli]
AXH80119.1	NDM-5	270	Biological_protein	AXH80119.1 New Delhi metallo-beta-lactamase NDM-5 [Escherichia coli]
AXH80120.1	NDM-5	270	Biological_protein	AXH80120.1 New Delhi metallo-beta-lactamase NDM-5 [Escherichia coli]
AXH80121.1	NDM-5	270	Biological_protein	AXH80121.1 New Delhi metallo-beta-lactamase NDM-5 [Escherichia coli]
AXH80122.1	NDM-5	270	Biological_protein	AXH80122.1 New Delhi metallo-beta-lactamase NDM-5 [Escherichia coli]
AXH80123.1	NDM-5	270	Biological_protein	AXH80123.1 New Delhi metallo-beta-lactamase NDM-5 [Escherichia coli]
AXH80124.1	NDM-5	270	Biological_protein	AXH80124.1 New Delhi metallo-beta-lactamase NDM-5 [Escherichia coli]
AXH80125.1	NDM-5	270	Biological_protein	AXH80125.1 New Delhi metallo-beta-lactamase NDM-5 [Escherichia coli]
AXH80126.1	NDM-5	270	Biological_protein	AXH80126.1 New Delhi metallo-beta-lactamase NDM-5 [Escherichia coli]
AXH80127.1	NDM-5	270	Biological_protein	AXH80127.1 New Delhi metallo-beta-lactamase NDM-5 [Escherichia coli]
AXH80128.1	NDM-5	270	Biological_protein	AXH80128.1 New Delhi metallo-beta-lactamase NDM-5 [Escherichia coli]
AXH80129.1	NDM-5	270	Biological_protein	AXH80129.1 New Delhi metallo-beta-lactamase NDM-5 [Escherichia coli]
AXH80130.1	NDM-5	270	Biological_protein	AXH80130.1 New Delhi metallo-beta-lactamase NDM-5 [Escherichia coli]
AXH80131.1	NDM-5	270	Biological_protein	AXH80131.1 New Delhi metallo-beta-lactamase NDM-5 [Escherichia coli]
AXH80132.1	NDM-5	270	Biological_protein	AXH80132.1 New Delhi metallo-beta-lactamase NDM-5 [Escherichia coli]
AXP24796.1	NDM-5	270	Biological_protein	AXP24796.1 subclass B1 metallo-beta-lactamase NDM-5 [Escherichia coli]
AXQ32416.1	NDM-5	270	Plasmid_associated	AXQ32416.1 subclass B1 metallo-beta-lactamase NDM-5 (plasmid) [Enterobacter hormaechei]
RFT85297.1	NDM-5	270	Biological_protein	RFT85297.1 subclass B1 metallo-beta-lactamase NDM-5 [Escherichia coli]
RFT90489.1	NDM-5	270	Plasmid_associated	RFT90489.1 subclass B1 metallo-beta-lactamase NDM-5 (plasmid) [Escherichia coli]
BBF83166.1	NDM-5	270	Plasmid_associated	BBF83166.1 NDM-5 (plasmid) [Escherichia coli]
BBG22479.1	NDM-5	270	Biological_protein	BBG22479.1 metallo-beta-lactamase NDM-5 [Escherichia coli]
RHX18925.1	NDM-5	270	Biological_protein	RHX18925.1 subclass B1 metallo-beta-lactamase NDM-5 [Escherichia coli]
RHX23796.1	NDM-5	270	Biological_protein	RHX23796.1 subclass B1 metallo-beta-lactamase NDM-5 [Escherichia coli]
RHX28572.1	NDM-5	270	Biological_protein	RHX28572.1 subclass B1 metallo-beta-lactamase NDM-5 [Escherichia coli]
RHX33329.1	NDM-5	270	Biological_protein	RHX33329.1 subclass B1 metallo-beta-lactamase NDM-5 [Escherichia coli]
RHX38199.1	NDM-5	270	Biological_protein	RHX38199.1 subclass B1 metallo-beta-lactamase NDM-5 [Escherichia coli]
RHX39218.1	NDM-5	270	Biological_protein	RHX39218.1 subclass B1 metallo-beta-lactamase NDM-5 [Escherichia coli]
RHX46492.1	NDM-5	270	Biological_protein	RHX46492.1 subclass B1 metallo-beta-lactamase NDM-5 [Escherichia coli]
RHX57819.1	NDM-5	270	Biological_protein	RHX57819.1 subclass B1 metallo-beta-lactamase NDM-5 [Escherichia coli]
AYC45006.1	NDM-5	270	Plasmid_associated	AYC45006.1 subclass B1 metallo-beta-lactamase NDM-5 (plasmid) [Escherichia coli]
pdb|6MGY|A	NDM-5	243	PDB_structure	pdb|6MGY|A Chain A, Metallo-beta-lactamase NDM-5
pdb|6MGY|B	NDM-5	243	PDB_structure	pdb|6MGY|B Chain B, Metallo-beta-lactamase NDM-5
pdb|6MGY|C	NDM-5	243	PDB_structure	pdb|6MGY|C Chain C, Metallo-beta-lactamase NDM-5
pdb|6MGY|D	NDM-5	243	PDB_structure	pdb|6MGY|D Chain D, Metallo-beta-lactamase NDM-5
RKP59508.1	NDM-5	270	Biological_protein	RKP59508.1 subclass B1 metallo-beta-lactamase NDM-5 [Escherichia coli]
RKP75439.1	NDM-5	270	Biological_protein	RKP75439.1 subclass B1 metallo-beta-lactamase NDM-5 [Escherichia coli]
RKP87356.1	NDM-5	270	Biological_protein	RKP87356.1 subclass B1 metallo-beta-lactamase NDM-5 [Escherichia coli]
AYK27732.1	NDM-5	264	Plasmid_associated	AYK27732.1 Beta-lactamase NDM-5 (plasmid) [Klebsiella pneumoniae]
AYL89057.1	NDM-5	270	Plasmid_associated	AYL89057.1 subclass B1 metallo-beta-lactamase NDM-5 (plasmid) [Escherichia coli]
BBG62377.1	NDM-5	270	Plasmid_associated	BBG62377.1 metallo-beta-lactamase NDM-5 (plasmid) [Escherichia coli]
BBG80366.1	NDM-5	270	Plasmid_associated	BBG80366.1 NDM-5 protein (plasmid) [Escherichia coli]
AYP99931.1	NDM-5	270	Plasmid_associated	AYP99931.1 subclass B1 metallo-beta-lactamase NDM-5 (plasmid) [Escherichia coli]
AYU88703.1	NDM-5	270	Biological_protein	AYU88703.1 subclass B1 metallo-beta-lactamase NDM-5 [Escherichia coli]
AYU88708.1	NDM-5	270	Plasmid_associated	AYU88708.1 metallo-beta-lactamase NDM-5 (plasmid) [Escherichia coli]
AYU88714.1	NDM-5	271	Plasmid_associated	AYU88714.1 NDM-5 metallo-beta-lactamase (plasmid) [Escherichia coli]
AYU88731.1	NDM-5	270	Plasmid_associated	AYU88731.1 subclass B1 metallo-beta-lactamase NDM-5 (plasmid) [Escherichia coli]
AYU88735.1	NDM-5	270	Plasmid_associated	AYU88735.1 subclass B1 metallo-beta-lactamase NDM-5 (plasmid) [Escherichia coli]
AYU88739.1	NDM-5	270	Plasmid_associated	AYU88739.1 subclass B1 metallo-beta-lactamase NDM-5 (plasmid) [Klebsiella pneumoniae]
AYU88743.1	NDM-5	270	Plasmid_associated	AYU88743.1 subclass B1 metallo-beta-lactamase NDM-5 (plasmid) [Klebsiella pneumoniae]
AYU88747.1	NDM-5	270	Plasmid_associated	AYU88747.1 subclass B1 metallo-beta-lactamase NDM-5 (plasmid) [Klebsiella pneumoniae]
AYU88751.1	NDM-5	270	Plasmid_associated	AYU88751.1 subclass B1 metallo-beta-lactamase NDM-5 (plasmid) [Klebsiella pneumoniae]
RNQ94078.1	NDM-5	270	Biological_protein	RNQ94078.1 subclass B1 metallo-beta-lactamase NDM-5 [Klebsiella pneumoniae]
AZJ08070.1	NDM-5	270	Plasmid_associated	AZJ08070.1 subclass B1 metallo-beta-lactamase NDM-5 (plasmid) [Klebsiella quasipneumoniae]
RRY24380.1	NDM-5	270	Biological_protein	RRY24380.1 subclass B1 metallo-beta-lactamase NDM-5 [Klebsiella pneumoniae]
RRY42116.1	NDM-5	270	Biological_protein	RRY42116.1 subclass B1 metallo-beta-lactamase NDM-5 [Klebsiella pneumoniae]
RRY60578.1	NDM-5	270	Biological_protein	RRY60578.1 subclass B1 metallo-beta-lactamase NDM-5 [Klebsiella pneumoniae]
RRY64446.1	NDM-5	270	Biological_protein	RRY64446.1 subclass B1 metallo-beta-lactamase NDM-5 [Klebsiella pneumoniae]
RRY99742.1	NDM-5	270	Biological_protein	RRY99742.1 subclass B1 metallo-beta-lactamase NDM-5 [Klebsiella pneumoniae]
RRZ00818.1	NDM-5	270	Biological_protein	RRZ00818.1 subclass B1 metallo-beta-lactamase NDM-5 [Klebsiella pneumoniae]
RRZ17170.1	NDM-5	270	Biological_protein	RRZ17170.1 subclass B1 metallo-beta-lactamase NDM-5 [Klebsiella pneumoniae]
RRZ40632.1	NDM-5	270	Biological_protein	RRZ40632.1 subclass B1 metallo-beta-lactamase NDM-5 [Klebsiella pneumoniae]
RSB58424.1	NDM-5	270	Biological_protein	RSB58424.1 subclass B1 metallo-beta-lactamase NDM-5 [Atlantibacter subterraneus]
RSD92545.1	NDM-5	270	Biological_protein	RSD92545.1 subclass B1 metallo-beta-lactamase NDM-5 [Klebsiella pneumoniae]
RSE00707.1	NDM-5	270	Biological_protein	RSE00707.1 subclass B1 metallo-beta-lactamase NDM-5 [Atlantibacter subterraneus]
RSE10787.1	NDM-5	270	Biological_protein	RSE10787.1 subclass B1 metallo-beta-lactamase NDM-5 [Escherichia coli]
RSE21586.1	NDM-5	270	Biological_protein	RSE21586.1 subclass B1 metallo-beta-lactamase NDM-5 [Atlantibacter subterraneus]
AZL88084.1	NDM-5	270	Plasmid_associated	AZL88084.1 metallo-beta-lactamase NDM-5 (plasmid) [Escherichia coli]
AZL88140.1	NDM-5	270	Plasmid_associated	AZL88140.1 metallo-beta-lactamase NDM-5 (plasmid) [Escherichia coli]
AZL88197.1	NDM-5	270	Plasmid_associated	AZL88197.1 metallo-beta-lactamase NDM-5 (plasmid) [Escherichia coli]
AZL88251.1	NDM-5	270	Plasmid_associated	AZL88251.1 metallo-beta-lactamase NDM-5 (plasmid) [Escherichia coli]
AZL88307.1	NDM-5	270	Plasmid_associated	AZL88307.1 metallo-beta-lactamase NDM-5 (plasmid) [Escherichia coli]
AZL88363.1	NDM-5	270	Plasmid_associated	AZL88363.1 metallo-beta-lactamase NDM-5 (plasmid) [Escherichia coli]
AZL88419.1	NDM-5	270	Plasmid_associated	AZL88419.1 metallo-beta-lactamase NDM-5 (plasmid) [Escherichia coli]
AZL88471.1	NDM-5	270	Plasmid_associated	AZL88471.1 metallo-beta-lactamase NDM-5 (plasmid) [Escherichia coli]
RSK94407.1	NDM-5	270	Biological_protein	RSK94407.1 subclass B1 metallo-beta-lactamase NDM-5 [Klebsiella pneumoniae]
AZP27538.1	NDM-5	270	Plasmid_associated	AZP27538.1 subclass B1 metallo-beta-lactamase NDM-5 (plasmid) [Morganella morganii]
RTM56294.1	NDM-5	270	Biological_protein	RTM56294.1 subclass B1 metallo-beta-lactamase NDM-5 [Enterobacter hormaechei subsp. xiangfangensis]
RTM95480.1	NDM-5	270	Biological_protein	RTM95480.1 subclass B1 metallo-beta-lactamase NDM-5 [Enterobacter hormaechei subsp. xiangfangensis]
RTN18641.1	NDM-5	270	Biological_protein	RTN18641.1 subclass B1 metallo-beta-lactamase NDM-5 [Enterobacter hormaechei]
RTN32743.1	NDM-5	270	Biological_protein	RTN32743.1 subclass B1 metallo-beta-lactamase NDM-5 [Enterobacter hormaechei]
RTN33057.1	NDM-5	270	Biological_protein	RTN33057.1 subclass B1 metallo-beta-lactamase NDM-5 [Enterobacter hormaechei]
RTO05305.1	NDM-5	270	Biological_protein	RTO05305.1 subclass B1 metallo-beta-lactamase NDM-5 [Enterobacter hormaechei]
RTO08535.1	NDM-5	270	Biological_protein	RTO08535.1 subclass B1 metallo-beta-lactamase NDM-5 [Enterobacter bugandensis]
RTO20758.1	NDM-5	270	Biological_protein	RTO20758.1 subclass B1 metallo-beta-lactamase NDM-5 [Enterobacter hormaechei]
RTO43587.1	NDM-5	270	Biological_protein	RTO43587.1 subclass B1 metallo-beta-lactamase NDM-5 [Enterobacter hormaechei]
RTP29042.1	NDM-5	270	Biological_protein	RTP29042.1 subclass B1 metallo-beta-lactamase NDM-5 [Enterobacter hormaechei]
RTQ00425.1	NDM-5	270	Biological_protein	RTQ00425.1 subclass B1 metallo-beta-lactamase NDM-5 [Enterobacter hormaechei]
AZQ82459.1	NDM-5	270	Plasmid_associated	AZQ82459.1 subclass B1 metallo-beta-lactamase NDM-5 (plasmid) [Escherichia coli]
AXE72478.2	NDM-5	270	Biological_protein	AXE72478.2 metallo-beta-lactamase NDM-5 [Pseudomonas aeruginosa]
AXE72479.2	NDM-5	270	Biological_protein	AXE72479.2 metallo-beta-lactamase NDM-5 [Klebsiella pneumoniae]
AXE72480.2	NDM-5	270	Biological_protein	AXE72480.2 metallo-beta-lactamase NDM-5 [Klebsiella pneumoniae]
AXE72481.2	NDM-5	270	Biological_protein	AXE72481.2 metallo-beta-lactamase NDM-5 [Klebsiella pneumoniae]
AXE72482.2	NDM-5	270	Biological_protein	AXE72482.2 metallo-beta-lactamase NDM-5 [Klebsiella pneumoniae]
AZU83080.1	NDM-5	270	Plasmid_associated	AZU83080.1 subclass B1 metallo-beta-lactamase NDM-5 (plasmid) [Escherichia coli]
AZU74230.1	NDM-5	270	Plasmid_associated	AZU74230.1 subclass B1 metallo-beta-lactamase NDM-5 (plasmid) [Escherichia coli]
AZU78715.1	NDM-5	270	Plasmid_associated	AZU78715.1 subclass B1 metallo-beta-lactamase NDM-5 (plasmid) [Escherichia coli]
AZU87722.1	NDM-5	270	Plasmid_associated	AZU87722.1 subclass B1 metallo-beta-lactamase NDM-5 (plasmid) [Escherichia coli]
RVX49138.1	NDM-5	270	Biological_protein	RVX49138.1 subclass B1 metallo-beta-lactamase NDM-5 [Klebsiella pneumoniae]
RVX51323.1	NDM-5	270	Biological_protein	RVX51323.1 subclass B1 metallo-beta-lactamase NDM-5 [Escherichia coli]
AZZ89454.1	NDM-5	270	Biological_protein	AZZ89454.1 subclass B1 metallo-beta-lactamase NDM-5 [Escherichia coli]
AZZ89455.1	NDM-5	270	Biological_protein	AZZ89455.1 subclass B1 metallo-beta-lactamase NDM-5 [Escherichia coli]
AZZ89456.1	NDM-5	270	Biological_protein	AZZ89456.1 subclass B1 metallo-beta-lactamase NDM-5 [Escherichia coli]
AZZ89457.1	NDM-5	270	Biological_protein	AZZ89457.1 subclass B1 metallo-beta-lactamase NDM-5 [Escherichia coli]
AZZ89458.1	NDM-5	270	Biological_protein	AZZ89458.1 subclass B1 metallo-beta-lactamase NDM-5 [Escherichia coli]
AZZ89459.1	NDM-5	270	Biological_protein	AZZ89459.1 subclass B1 metallo-beta-lactamase NDM-5 [Escherichia coli]
AZZ89460.1	NDM-5	270	Biological_protein	AZZ89460.1 subclass B1 metallo-beta-lactamase NDM-5 [Escherichia coli]
AZZ89461.1	NDM-5	270	Biological_protein	AZZ89461.1 subclass B1 metallo-beta-lactamase NDM-5 [Escherichia coli]
AZZ89462.1	NDM-5	270	Biological_protein	AZZ89462.1 subclass B1 metallo-beta-lactamase NDM-5 [Escherichia coli]
QAA05060.1	NDM-5	270	Plasmid_associated	QAA05060.1 subclass B1 metallo-beta-lactamase NDM-5 (plasmid) [Escherichia coli]
RWS70926.1	NDM-5	270	Biological_protein	RWS70926.1 subclass B1 metallo-beta-lactamase NDM-5 [Escherichia coli]
QAS83406.1	NDM-5	270	Plasmid_associated	QAS83406.1 subclass B1 metallo-beta-lactamase NDM-5 (plasmid) [Escherichia coli]
QAS88070.1	NDM-5	270	Plasmid_associated	QAS88070.1 subclass B1 metallo-beta-lactamase NDM-5 (plasmid) [Escherichia coli]
QAT97597.1	NDM-5	270	Biological_protein	QAT97597.1 subclass B1 metallo-beta-lactamase NDM-5 [Klebsiella pneumoniae]
QAT97598.1	NDM-5	270	Biological_protein	QAT97598.1 subclass B1 metallo-beta-lactamase NDM-5 [Klebsiella pneumoniae]
QAT97599.1	NDM-5	270	Biological_protein	QAT97599.1 subclass B1 metallo-beta-lactamase NDM-5 [Klebsiella pneumoniae]
QAT97600.1	NDM-5	270	Biological_protein	QAT97600.1 subclass B1 metallo-beta-lactamase NDM-5 [Klebsiella pneumoniae]
QAT97601.1	NDM-5	270	Biological_protein	QAT97601.1 subclass B1 metallo-beta-lactamase NDM-5 [Klebsiella pneumoniae]
QAT97602.1	NDM-5	270	Biological_protein	QAT97602.1 subclass B1 metallo-beta-lactamase NDM-5 [Klebsiella pneumoniae]
QAT97603.1	NDM-5	270	Biological_protein	QAT97603.1 subclass B1 metallo-beta-lactamase NDM-5 [Klebsiella pneumoniae]
QAT97604.1	NDM-5	270	Biological_protein	QAT97604.1 subclass B1 metallo-beta-lactamase NDM-5 [Klebsiella pneumoniae]
QAT97605.1	NDM-5	270	Biological_protein	QAT97605.1 subclass B1 metallo-beta-lactamase NDM-5 [Klebsiella pneumoniae]
QAT97606.1	NDM-5	270	Biological_protein	QAT97606.1 subclass B1 metallo-beta-lactamase NDM-5 [Klebsiella pneumoniae]
QAT97607.1	NDM-5	270	Biological_protein	QAT97607.1 subclass B1 metallo-beta-lactamase NDM-5 [Klebsiella pneumoniae]
QAT97608.1	NDM-5	270	Biological_protein	QAT97608.1 subclass B1 metallo-beta-lactamase NDM-5 [Klebsiella pneumoniae]
QAT97609.1	NDM-5	270	Biological_protein	QAT97609.1 subclass B1 metallo-beta-lactamase NDM-5 [Klebsiella pneumoniae]
QAT97610.1	NDM-5	270	Biological_protein	QAT97610.1 subclass B1 metallo-beta-lactamase NDM-5 [Klebsiella pneumoniae]
QAT97611.1	NDM-5	270	Biological_protein	QAT97611.1 subclass B1 metallo-beta-lactamase NDM-5 [Klebsiella pneumoniae]
QAT97612.1	NDM-5	270	Biological_protein	QAT97612.1 subclass B1 metallo-beta-lactamase NDM-5 [Klebsiella pneumoniae]
QAT97613.1	NDM-5	270	Biological_protein	QAT97613.1 subclass B1 metallo-beta-lactamase NDM-5 [Klebsiella pneumoniae]
RXK20142.1	NDM-5	270	Biological_protein	RXK20142.1 subclass B1 metallo-beta-lactamase NDM-5 [Escherichia coli]
RXO89615.1	NDM-5	270	Biological_protein	RXO89615.1 subclass B1 metallo-beta-lactamase NDM-5 [Escherichia coli]
RXO91829.1	NDM-5	270	Biological_protein	RXO91829.1 subclass B1 metallo-beta-lactamase NDM-5 [Escherichia coli]
RXO93092.1	NDM-5	270	Biological_protein	RXO93092.1 subclass B1 metallo-beta-lactamase NDM-5 [Escherichia coli]
RXP02727.1	NDM-5	270	Biological_protein	RXP02727.1 subclass B1 metallo-beta-lactamase NDM-5 [Escherichia coli]
RXP05730.1	NDM-5	270	Biological_protein	RXP05730.1 subclass B1 metallo-beta-lactamase NDM-5 [Escherichia coli]
RXP11405.1	NDM-5	270	Biological_protein	RXP11405.1 subclass B1 metallo-beta-lactamase NDM-5 [Escherichia coli]
RXP24859.1	NDM-5	270	Biological_protein	RXP24859.1 subclass B1 metallo-beta-lactamase NDM-5 [Escherichia coli]
RXP28477.1	NDM-5	270	Biological_protein	RXP28477.1 subclass B1 metallo-beta-lactamase NDM-5 [Escherichia coli]
RXP33012.1	NDM-5	270	Biological_protein	RXP33012.1 subclass B1 metallo-beta-lactamase NDM-5 [Escherichia coli]
RXP45496.1	NDM-5	270	Biological_protein	RXP45496.1 subclass B1 metallo-beta-lactamase NDM-5 [Escherichia coli]
RXP82627.1	NDM-5	270	Biological_protein	RXP82627.1 subclass B1 metallo-beta-lactamase NDM-5 [Escherichia coli]
RXP89948.1	NDM-5	270	Biological_protein	RXP89948.1 subclass B1 metallo-beta-lactamase NDM-5 [Escherichia coli]
RXQ00146.1	NDM-5	270	Biological_protein	RXQ00146.1 subclass B1 metallo-beta-lactamase NDM-5 [Escherichia coli]
RXX33904.1	NDM-5	270	Biological_protein	RXX33904.1 subclass B1 metallo-beta-lactamase NDM-5 [Klebsiella pneumoniae]
RXX52184.1	NDM-5	270	Biological_protein	RXX52184.1 subclass B1 metallo-beta-lactamase NDM-5 [Klebsiella pneumoniae]
RXX57642.1	NDM-5	270	Biological_protein	RXX57642.1 subclass B1 metallo-beta-lactamase NDM-5 [Enterobacter cloacae]
RXX62472.1	NDM-5	270	Biological_protein	RXX62472.1 subclass B1 metallo-beta-lactamase NDM-5 [Enterobacter cloacae]
RXX77741.1	NDM-5	270	Biological_protein	RXX77741.1 subclass B1 metallo-beta-lactamase NDM-5 [Klebsiella pneumoniae]
RXX89987.1	NDM-5	270	Biological_protein	RXX89987.1 subclass B1 metallo-beta-lactamase NDM-5 [Klebsiella pneumoniae]
RXX91924.1	NDM-5	270	Biological_protein	RXX91924.1 subclass B1 metallo-beta-lactamase NDM-5 [Klebsiella pneumoniae]
RXX97192.1	NDM-5	270	Biological_protein	RXX97192.1 subclass B1 metallo-beta-lactamase NDM-5 [Klebsiella pneumoniae]
RXY05080.1	NDM-5	270	Biological_protein	RXY05080.1 subclass B1 metallo-beta-lactamase NDM-5 [Klebsiella pneumoniae]
RXY13015.1	NDM-5	270	Biological_protein	RXY13015.1 subclass B1 metallo-beta-lactamase NDM-5 [Klebsiella pneumoniae]
RXY26142.1	NDM-5	270	Biological_protein	RXY26142.1 subclass B1 metallo-beta-lactamase NDM-5 [Klebsiella pneumoniae]
RXY29291.1	NDM-5	270	Biological_protein	RXY29291.1 subclass B1 metallo-beta-lactamase NDM-5 [Klebsiella pneumoniae]
RXY44765.1	NDM-5	270	Biological_protein	RXY44765.1 subclass B1 metallo-beta-lactamase NDM-5 [Klebsiella pneumoniae]
RXY51908.1	NDM-5	270	Biological_protein	RXY51908.1 subclass B1 metallo-beta-lactamase NDM-5 [Klebsiella pneumoniae]
RXY55235.1	NDM-5	270	Biological_protein	RXY55235.1 subclass B1 metallo-beta-lactamase NDM-5 [Klebsiella pneumoniae]
RXY62070.1	NDM-5	270	Biological_protein	RXY62070.1 subclass B1 metallo-beta-lactamase NDM-5 [Klebsiella pneumoniae]
RXY71685.1	NDM-5	270	Biological_protein	RXY71685.1 subclass B1 metallo-beta-lactamase NDM-5 [Klebsiella pneumoniae]
RXY81793.1	NDM-5	270	Biological_protein	RXY81793.1 subclass B1 metallo-beta-lactamase NDM-5 [Klebsiella pneumoniae]
RXY88315.1	NDM-5	270	Biological_protein	RXY88315.1 subclass B1 metallo-beta-lactamase NDM-5 [Klebsiella pneumoniae]
RXZ08828.1	NDM-5	270	Biological_protein	RXZ08828.1 subclass B1 metallo-beta-lactamase NDM-5 [Klebsiella pneumoniae]
RYA38315.1	NDM-5	270	Biological_protein	RYA38315.1 subclass B1 metallo-beta-lactamase NDM-5 [Enterobacter cloacae complex sp. 2DZ2F2B]
RYA47821.1	NDM-5	270	Biological_protein	RYA47821.1 subclass B1 metallo-beta-lactamase NDM-5 [Enterobacter cloacae complex sp. 677-3DZ2D5B]
RYA53849.1	NDM-5	270	Biological_protein	RYA53849.1 subclass B1 metallo-beta-lactamase NDM-5 [Enterobacter cloacae complex sp. GF14B]
RYA58054.1	NDM-5	270	Biological_protein	RYA58054.1 subclass B1 metallo-beta-lactamase NDM-5 [Enterobacter cloacae complex sp. CH23B]
RYA68902.1	NDM-5	270	Biological_protein	RYA68902.1 subclass B1 metallo-beta-lactamase NDM-5 [Enterobacter cloacae complex sp. 2DZ2F16B1]
QBC88481.1	NDM-5	270	Plasmid_associated	QBC88481.1 NDM-5 (plasmid) [Escherichia coli]
TAI19818.1	NDM-5	270	Biological_protein	TAI19818.1 subclass B1 metallo-beta-lactamase NDM-5 [Klebsiella pneumoniae]
TAI31802.1	NDM-5	270	Biological_protein	TAI31802.1 subclass B1 metallo-beta-lactamase NDM-5 [Klebsiella pneumoniae]
QBF94057.1	NDM-5	270	Plasmid_associated	QBF94057.1 subclass B1 metallo-beta-lactamase NDM-5 (plasmid) [Escherichia coli]
QBG64213.1	NDM-5	270	Plasmid_associated	QBG64213.1 subclass B1 metallo-beta-lactamase NDM-5 (plasmid) [Escherichia coli]
QBH65817.1	NDM-5	270	Plasmid_associated	QBH65817.1 subclass B1 metallo-beta-lactamase NDM-5 (plasmid) [Enterobacter hormaechei]
TBO61995.1	NDM-5	270	Biological_protein	TBO61995.1 subclass B1 metallo-beta-lactamase NDM-5 [Klebsiella pneumoniae]
TBO63534.1	NDM-5	270	Biological_protein	TBO63534.1 subclass B1 metallo-beta-lactamase NDM-5 [Klebsiella pneumoniae]
TBO73685.1	NDM-5	270	Biological_protein	TBO73685.1 subclass B1 metallo-beta-lactamase NDM-5 [Klebsiella quasipneumoniae subsp. similipneumoniae]
TBO75872.1	NDM-5	270	Biological_protein	TBO75872.1 subclass B1 metallo-beta-lactamase NDM-5 [Klebsiella pneumoniae]
TBO81414.1	NDM-5	270	Biological_protein	TBO81414.1 subclass B1 metallo-beta-lactamase NDM-5 [Klebsiella quasipneumoniae subsp. similipneumoniae]
TBO87216.1	NDM-5	270	Biological_protein	TBO87216.1 subclass B1 metallo-beta-lactamase NDM-5 [Klebsiella quasipneumoniae subsp. similipneumoniae]
TBO92373.1	NDM-5	270	Biological_protein	TBO92373.1 subclass B1 metallo-beta-lactamase NDM-5 [Klebsiella quasipneumoniae subsp. similipneumoniae]
TBO96918.1	NDM-5	270	Biological_protein	TBO96918.1 subclass B1 metallo-beta-lactamase NDM-5 [Klebsiella quasipneumoniae subsp. similipneumoniae]
TBP04141.1	NDM-5	270	Biological_protein	TBP04141.1 subclass B1 metallo-beta-lactamase NDM-5 [Klebsiella quasipneumoniae subsp. similipneumoniae]
TBP15742.1	NDM-5	270	Biological_protein	TBP15742.1 subclass B1 metallo-beta-lactamase NDM-5 [Klebsiella quasipneumoniae subsp. similipneumoniae]
TBP15821.1	NDM-5	270	Biological_protein	TBP15821.1 subclass B1 metallo-beta-lactamase NDM-5 [Klebsiella quasipneumoniae subsp. similipneumoniae]
TBP16903.1	NDM-5	270	Biological_protein	TBP16903.1 subclass B1 metallo-beta-lactamase NDM-5 [Klebsiella quasipneumoniae subsp. similipneumoniae]
TBP22817.1	NDM-5	270	Biological_protein	TBP22817.1 subclass B1 metallo-beta-lactamase NDM-5 [Klebsiella quasipneumoniae subsp. similipneumoniae]
TBP32498.1	NDM-5	270	Biological_protein	TBP32498.1 subclass B1 metallo-beta-lactamase NDM-5 [Klebsiella quasipneumoniae subsp. similipneumoniae]
TBP33132.1	NDM-5	270	Biological_protein	TBP33132.1 subclass B1 metallo-beta-lactamase NDM-5 [Klebsiella quasipneumoniae subsp. similipneumoniae]
TBP34153.1	NDM-5	270	Biological_protein	TBP34153.1 subclass B1 metallo-beta-lactamase NDM-5 [Klebsiella quasipneumoniae subsp. quasipneumoniae]
TBP47791.1	NDM-5	270	Biological_protein	TBP47791.1 subclass B1 metallo-beta-lactamase NDM-5 [Klebsiella pneumoniae]
TBP48930.1	NDM-5	270	Biological_protein	TBP48930.1 subclass B1 metallo-beta-lactamase NDM-5 [Klebsiella quasipneumoniae subsp. similipneumoniae]
TBP52648.1	NDM-5	270	Biological_protein	TBP52648.1 subclass B1 metallo-beta-lactamase NDM-5 [Klebsiella quasipneumoniae subsp. similipneumoniae]
TBP61981.1	NDM-5	270	Biological_protein	TBP61981.1 subclass B1 metallo-beta-lactamase NDM-5 [Klebsiella quasipneumoniae subsp. quasipneumoniae]
TBP64904.1	NDM-5	270	Biological_protein	TBP64904.1 subclass B1 metallo-beta-lactamase NDM-5 [Klebsiella quasipneumoniae subsp. similipneumoniae]
TBP68977.1	NDM-5	270	Biological_protein	TBP68977.1 subclass B1 metallo-beta-lactamase NDM-5 [Klebsiella quasipneumoniae subsp. similipneumoniae]
TBP79823.1	NDM-5	270	Biological_protein	TBP79823.1 subclass B1 metallo-beta-lactamase NDM-5 [Klebsiella quasipneumoniae subsp. similipneumoniae]
TBP84181.1	NDM-5	270	Biological_protein	TBP84181.1 subclass B1 metallo-beta-lactamase NDM-5 [Klebsiella quasipneumoniae subsp. similipneumoniae]
TBP87773.1	NDM-5	270	Biological_protein	TBP87773.1 subclass B1 metallo-beta-lactamase NDM-5 [Klebsiella quasipneumoniae subsp. similipneumoniae]
TBP94580.1	NDM-5	270	Biological_protein	TBP94580.1 subclass B1 metallo-beta-lactamase NDM-5 [Klebsiella quasipneumoniae subsp. similipneumoniae]
TBP99103.1	NDM-5	270	Biological_protein	TBP99103.1 subclass B1 metallo-beta-lactamase NDM-5 [Klebsiella quasipneumoniae subsp. quasipneumoniae]
TBQ02307.1	NDM-5	270	Biological_protein	TBQ02307.1 subclass B1 metallo-beta-lactamase NDM-5 [Klebsiella quasipneumoniae subsp. similipneumoniae]
TBQ11086.1	NDM-5	270	Biological_protein	TBQ11086.1 subclass B1 metallo-beta-lactamase NDM-5 [Klebsiella quasipneumoniae subsp. similipneumoniae]
TBQ14065.1	NDM-5	270	Biological_protein	TBQ14065.1 subclass B1 metallo-beta-lactamase NDM-5 [Klebsiella quasipneumoniae subsp. similipneumoniae]
TBQ19846.1	NDM-5	270	Biological_protein	TBQ19846.1 subclass B1 metallo-beta-lactamase NDM-5 [Klebsiella quasipneumoniae subsp. similipneumoniae]
TBQ26057.1	NDM-5	270	Biological_protein	TBQ26057.1 subclass B1 metallo-beta-lactamase NDM-5 [Klebsiella quasipneumoniae subsp. similipneumoniae]
TBQ31232.1	NDM-5	270	Biological_protein	TBQ31232.1 subclass B1 metallo-beta-lactamase NDM-5 [Klebsiella pneumoniae]
TBQ37382.1	NDM-5	270	Biological_protein	TBQ37382.1 subclass B1 metallo-beta-lactamase NDM-5 [Klebsiella quasipneumoniae subsp. similipneumoniae]
TBQ39272.1	NDM-5	270	Biological_protein	TBQ39272.1 subclass B1 metallo-beta-lactamase NDM-5 [Klebsiella quasipneumoniae subsp. similipneumoniae]
TBQ42628.1	NDM-5	270	Biological_protein	TBQ42628.1 subclass B1 metallo-beta-lactamase NDM-5 [Klebsiella quasipneumoniae subsp. similipneumoniae]
TBQ52143.1	NDM-5	270	Biological_protein	TBQ52143.1 subclass B1 metallo-beta-lactamase NDM-5 [Klebsiella quasipneumoniae subsp. similipneumoniae]
TBQ56481.1	NDM-5	270	Biological_protein	TBQ56481.1 subclass B1 metallo-beta-lactamase NDM-5 [Klebsiella quasipneumoniae subsp. similipneumoniae]
TBQ67058.1	NDM-5	270	Biological_protein	TBQ67058.1 subclass B1 metallo-beta-lactamase NDM-5 [Klebsiella quasipneumoniae subsp. quasipneumoniae]
TBQ68327.1	NDM-5	270	Biological_protein	TBQ68327.1 subclass B1 metallo-beta-lactamase NDM-5 [Klebsiella quasipneumoniae subsp. similipneumoniae]
TBQ72796.1	NDM-5	270	Biological_protein	TBQ72796.1 subclass B1 metallo-beta-lactamase NDM-5 [Klebsiella quasipneumoniae subsp. similipneumoniae]
TBQ73947.1	NDM-5	270	Biological_protein	TBQ73947.1 subclass B1 metallo-beta-lactamase NDM-5 [Klebsiella pneumoniae]
TBQ86637.1	NDM-5	270	Biological_protein	TBQ86637.1 subclass B1 metallo-beta-lactamase NDM-5 [Klebsiella pneumoniae]
TBQ86694.1	NDM-5	270	Biological_protein	TBQ86694.1 subclass B1 metallo-beta-lactamase NDM-5 [Klebsiella quasipneumoniae subsp. similipneumoniae]
TBQ87442.1	NDM-5	270	Biological_protein	TBQ87442.1 subclass B1 metallo-beta-lactamase NDM-5 [Klebsiella quasipneumoniae subsp. similipneumoniae]
TBR02129.1	NDM-5	270	Biological_protein	TBR02129.1 subclass B1 metallo-beta-lactamase NDM-5 [Klebsiella quasipneumoniae subsp. similipneumoniae]
QBQ03904.1	NDM-5	270	Biological_protein	QBQ03904.1 subclass B1 metallo-beta-lactamase NDM-5 [Acinetobacter baumannii]
QBQ03905.1	NDM-5	270	Biological_protein	QBQ03905.1 subclass B1 metallo-beta-lactamase NDM-5 [Acinetobacter baumannii]
QBQ85023.1	NDM-5	270	Plasmid_associated	QBQ85023.1 metallo-beta-lactamase, NDM-5 (plasmid) [Escherichia coli]
QBQ85068.1	NDM-5	270	Plasmid_associated	QBQ85068.1 metallo-beta-lactamase, NDM-5 (plasmid) [Escherichia coli]
QBQ85113.1	NDM-5	270	Plasmid_associated	QBQ85113.1 metallo-beta-lactamase, NDM-5 (plasmid) [Escherichia coli]
QBQ85158.1	NDM-5	270	Plasmid_associated	QBQ85158.1 metallo-beta-lactamase, NDM-5 (plasmid) [Escherichia coli]
QBQ85197.1	NDM-5	270	Plasmid_associated	QBQ85197.1 metallo-beta-lactamase, NDM-5 (plasmid) [Klebsiella pneumoniae]
TFZ65345.1	NDM-5	270	Biological_protein	TFZ65345.1 subclass B1 metallo-beta-lactamase NDM-5 [Escherichia coli]
TFZ69015.1	NDM-5	270	Biological_protein	TFZ69015.1 subclass B1 metallo-beta-lactamase NDM-5 [Escherichia coli]
THH52645.1	NDM-5	270	Biological_protein	THH52645.1 subclass B1 metallo-beta-lactamase NDM-5 [Klebsiella pneumoniae subsp. pneumoniae]
THH78736.1	NDM-5	270	Biological_protein	THH78736.1 subclass B1 metallo-beta-lactamase NDM-5 [Klebsiella pneumoniae subsp. pneumoniae]
THH83086.1	NDM-5	270	Biological_protein	THH83086.1 subclass B1 metallo-beta-lactamase NDM-5 [Klebsiella pneumoniae subsp. pneumoniae]
THH86626.1	NDM-5	270	Biological_protein	THH86626.1 subclass B1 metallo-beta-lactamase NDM-5 [Klebsiella pneumoniae subsp. pneumoniae]
THI14508.1	NDM-5	270	Biological_protein	THI14508.1 subclass B1 metallo-beta-lactamase NDM-5 [Klebsiella pneumoniae subsp. pneumoniae]
THI68135.1	NDM-5	270	Biological_protein	THI68135.1 subclass B1 metallo-beta-lactamase NDM-5 [Escherichia coli K-12]
THK14481.1	NDM-5	270	Biological_protein	THK14481.1 subclass B1 metallo-beta-lactamase NDM-5 [Escherichia coli]
THL36403.1	NDM-5	270	Biological_protein	THL36403.1 subclass B1 metallo-beta-lactamase NDM-5 [Escherichia coli K-12]
THS59128.1	NDM-5	270	Biological_protein	THS59128.1 subclass B1 metallo-beta-lactamase NDM-5 [Escherichia coli K-12]
TKD94358.1	NDM-5	270	Biological_protein	TKD94358.1 subclass B1 metallo-beta-lactamase NDM-5 [Escherichia coli]
TKE43510.1	NDM-5	270	Biological_protein	TKE43510.1 subclass B1 metallo-beta-lactamase NDM-5 [Escherichia coli]
QCJ62852.1	NDM-5	270	Plasmid_associated	QCJ62852.1 subclass B1 metallo-beta-lactamase NDM-5 (plasmid) [Escherichia coli]
QCT00395.1	NDM-5	270	Plasmid_associated	QCT00395.1 subclass B1 metallo-beta-lactamase NDM-5 (plasmid) [Klebsiella pneumoniae subsp. pneumoniae]
TLW97063.1	NDM-5	270	Plasmid_associated	TLW97063.1 subclass B1 metallo-beta-lactamase NDM-5 (plasmid) [Klebsiella pneumoniae]
TMY23843.1	NDM-5	270	Biological_protein	TMY23843.1 subclass B1 metallo-beta-lactamase NDM-5 [Klebsiella pneumoniae]
QDF13462.1	NDM-5	270	Plasmid_associated	QDF13462.1 metallo-beta-lactamase NDM-5 (plasmid) [Klebsiella pneumoniae]
QDH75311.1	NDM-5	270	Plasmid_associated	QDH75311.1 metallo-beta-lactamase NDM-5 (plasmid) [Escherichia coli]
QDH75428.1	NDM-5	270	Plasmid_associated	QDH75428.1 metallo-beta-lactamase NDM-5 (plasmid) [Escherichia coli]
QDH75546.1	NDM-5	270	Plasmid_associated	QDH75546.1 metallo-beta-lactamase NDM-5 (plasmid) [Escherichia coli]
QDH75605.1	NDM-5	270	Plasmid_associated	QDH75605.1 metallo-beta-lactamase NDM-5 (plasmid) [Escherichia coli]
QDH75664.1	NDM-5	270	Plasmid_associated	QDH75664.1 metallo-beta-lactamase NDM-5 (plasmid) [Escherichia coli]
QDH75723.1	NDM-5	270	Plasmid_associated	QDH75723.1 metallo-beta-lactamase NDM-5 (plasmid) [Escherichia coli]
QDL90242.1	NDM-5	270	Plasmid_associated	QDL90242.1 metallo-beta-lactamase, NDM-5 (plasmid) [Salmonella enterica subsp. enterica serovar Typhimurium]
QDM06989.1	NDM-5	270	Plasmid_associated	QDM06989.1 subclass B1 metallo-beta-lactamase NDM-5 (plasmid) [Escherichia coli]
QEE91590.1	NDM-5	270	Plasmid_associated	QEE91590.1 subclass B1 metallo-beta-lactamase NDM-5 (plasmid) [Escherichia coli]
QEE91718.1	NDM-5	270	Plasmid_associated	QEE91718.1 subclass B1 metallo-beta-lactamase NDM-5 (plasmid) [Escherichia coli]
BBN21325.1	NDM-5	270	Plasmid_associated	BBN21325.1 metallo-beta-lactamase NDM-5 (plasmid) [Escherichia coli]
BBN21349.1	NDM-5	270	Plasmid_associated	BBN21349.1 metallo-beta-lactamase NDM-5 (plasmid) [Escherichia coli]
QEJ65594.1	NDM-5	270	Plasmid_associated	QEJ65594.1 subclass B1 metallo-beta-lactamase NDM-5 (plasmid) [Escherichia coli]
QEK50173.1	NDM-5	270	Plasmid_associated	QEK50173.1 subclass B1 metallo-beta-lactamase NDM-5 (plasmid) [Proteus mirabilis]
QER61573.1	NDM-5	270	Plasmid_associated	QER61573.1 subclass B1 metallo-beta-lactamase NDM-5 (plasmid) [Escherichia coli]
QER66237.1	NDM-5	270	Plasmid_associated	QER66237.1 subclass B1 metallo-beta-lactamase NDM-5 (plasmid) [Escherichia coli]
KAA8751569.1	NDM-5	270	Plasmid_associated	KAA8751569.1 subclass B1 metallo-beta-lactamase NDM-5 (plasmid) [Escherichia coli]
KAA8758744.1	NDM-5	270	Plasmid_associated	KAA8758744.1 subclass B1 metallo-beta-lactamase NDM-5 (plasmid) [Escherichia coli]
BBO00459.1	NDM-5	270	Biological_protein	BBO00459.1 class B metallo-beta-lactamase NDM-5 [Morganella morganii]
QFC17605.1	NDM-5	270	Plasmid_associated	QFC17605.1 subclass B1 metallo-beta-lactamase NDM-5 (plasmid) [Klebsiella pneumoniae]
QFG70773.1	NDM-5	270	Plasmid_associated	QFG70773.1 subclass B1 metallo-beta-lactamase NDM-5 (plasmid) [Klebsiella pneumoniae]
QFG70811.1	NDM-5	270	Plasmid_associated	QFG70811.1 subclass B1 metallo-beta-lactamase NDM-5 (plasmid) [Klebsiella pneumoniae]
KAB2315403.1	NDM-5	270	Biological_protein	KAB2315403.1 subclass B1 metallo-beta-lactamase NDM-5 [Klebsiella quasipneumoniae]
KAB2327937.1	NDM-5	270	Biological_protein	KAB2327937.1 subclass B1 metallo-beta-lactamase NDM-5 [Klebsiella pneumoniae]
QFN50670.1	NDM-5	270	Plasmid_associated	QFN50670.1 subclass B1 metallo-beta-lactamase NDM-5 (plasmid) [Escherichia coli]
BBJ94219.1	NDM-5	270	Plasmid_associated	BBJ94219.1 subclass B1 metallo-beta-lactamase NDM-5 (plasmid) [Escherichia coli]
BBO54149.1	NDM-5	270	Plasmid_associated	BBO54149.1 class B beta-lactamase NDM-5 (plasmid) [Klebsiella pneumoniae]
BBO54264.1	NDM-5	270	Plasmid_associated	BBO54264.1 class B beta-lactamase NDM-5 (plasmid) [Klebsiella pneumoniae]
BBO54378.1	NDM-5	270	Plasmid_associated	BBO54378.1 class B beta-lactamase NDM-5 (plasmid) [Klebsiella pneumoniae]
BBO54478.1	NDM-5	270	Plasmid_associated	BBO54478.1 class B beta-lactamase NDM-5 (plasmid) [Klebsiella pneumoniae]
BBO54595.1	NDM-5	270	Plasmid_associated	BBO54595.1 class B beta-lactamase NDM-5 (plasmid) [Klebsiella pneumoniae]
QGF02533.1	NDM-5	270	Plasmid_associated	QGF02533.1 Carbapenemase NDM-5 (plasmid) [Klebsiella pneumoniae]
QGJ03554.1	NDM-5	270	Biological_protein	QGJ03554.1 subclass B1 metallo-beta-lactamase NDM-5 [Klebsiella sp.]
QGJ03555.1	NDM-5	270	Biological_protein	QGJ03555.1 subclass B1 metallo-beta-lactamase NDM-5 [Pseudomonas sp.]
QGJ03556.1	NDM-5	270	Biological_protein	QGJ03556.1 subclass B1 metallo-beta-lactamase NDM-5 [Acinetobacter baumannii]
QGJ03557.1	NDM-5	270	Biological_protein	QGJ03557.1 subclass B1 metallo-beta-lactamase NDM-5 [Acinetobacter baumannii]
QGJ03558.1	NDM-5	270	Biological_protein	QGJ03558.1 subclass B1 metallo-beta-lactamase NDM-5 [Pseudomonas sp.]
QGJ03559.1	NDM-5	270	Biological_protein	QGJ03559.1 subclass B1 metallo-beta-lactamase NDM-5 [Pseudomonas sp.]
QGM50337.1	NDM-5	270	Precursor	QGM50337.1 Beta-lactamase NDM-5 precursor (plasmid) [Klebsiella pneumoniae]
QGQ12825.1	NDM-5	270	Plasmid_associated	QGQ12825.1 subclass B1 metallo-beta-lactamase NDM-5 (plasmid) [Klebsiella pneumoniae]
QGQ17637.1	NDM-5	270	Plasmid_associated	QGQ17637.1 subclass B1 metallo-beta-lactamase NDM-5 (plasmid) [Escherichia coli]
QGQ43812.1	NDM-5	270	Plasmid_associated	QGQ43812.1 subclass B1 metallo-beta-lactamase NDM-5 (plasmid) [Escherichia coli]
QGT51610.1	NDM-5	270	Plasmid_associated	QGT51610.1 NDM-5 (plasmid) [Escherichia coli]
QGT51716.1	NDM-5	270	Plasmid_associated	QGT51716.1 NDM-5 (plasmid) [Escherichia coli]
BBP94865.1	NDM-5	270	Plasmid_associated	BBP94865.1 NDM-5 (plasmid) [Escherichia coli]
QGW61857.1	NDM-5	270	Biological_protein	QGW61857.1 subclass B1 metallo-beta-lactamase NDM-5 [Klebsiella pneumoniae]
QHJ90310.1	NDM-5	270	Plasmid_associated	QHJ90310.1 NDM-5 (plasmid) [Escherichia coli]
QHQ46642.1	NDM-5	270	Plasmid_associated	QHQ46642.1 subclass B1 metallo-beta-lactamase NDM-5 (plasmid) [Klebsiella pneumoniae]
QHR93666.1	NDM-5	270	Plasmid_associated	QHR93666.1 NDM-5 (plasmid) [Escherichia coli]
QHS08671.1	NDM-5	270	Plasmid_associated	QHS08671.1 subclass B1 metallo-beta-lactamase NDM-5 (plasmid) [Escherichia coli]
QHV83327.1	NDM-5	270	Plasmid_associated	QHV83327.1 NDM-5 (plasmid) [Escherichia coli]
QHW86001.1	NDM-5	270	Plasmid_associated	QHW86001.1 subclass B1 metallo-beta-lactamase NDM-5 (plasmid) [Escherichia coli]
QHW90446.1	NDM-5	270	Plasmid_associated	QHW90446.1 subclass B1 metallo-beta-lactamase NDM-5 (plasmid) [Escherichia coli]
QHW94842.1	NDM-5	270	Plasmid_associated	QHW94842.1 subclass B1 metallo-beta-lactamase NDM-5 (plasmid) [Escherichia coli]
QIC00065.1	NDM-5	270	Plasmid_associated	QIC00065.1 New Delhi metallo-beta-lactamase NDM-5 (plasmid) [Enterobacter cloacae]
QIC00114.1	NDM-5	270	Plasmid_associated	QIC00114.1 New Delhi metallo-beta-lactamase NDM-5 (plasmid) [Escherichia coli]
QIC00162.1	NDM-5	270	Plasmid_associated	QIC00162.1 New Delhi metallo-beta-lactamase NDM-5 (plasmid) [Escherichia coli]
QIC00212.1	NDM-5	270	Plasmid_associated	QIC00212.1 New Delhi metallo-beta-lactamase NDM-5 (plasmid) [Escherichia coli]
QIC00261.1	NDM-5	270	Plasmid_associated	QIC00261.1 New Delhi metallo-beta-lactamase NDM-5 (plasmid) [Citrobacter freundii]
QIC00309.1	NDM-5	270	Plasmid_associated	QIC00309.1 New Delhi metallo-beta-lactamase NDM-5 (plasmid) [Escherichia coli]
QIE53938.1	NDM-5	270	Plasmid_associated	QIE53938.1 subclass B1 metallo-beta-lactamase NDM-5 (plasmid) [Escherichia coli]
QIF72258.1	NDM-5	270	Plasmid_associated	QIF72258.1 subclass B1 metallo-beta-lactamase NDM-5 (plasmid) [Escherichia coli]
QIF76858.1	NDM-5	270	Plasmid_associated	QIF76858.1 subclass B1 metallo-beta-lactamase NDM-5 (plasmid) [Escherichia coli]
QII80257.1	NDM-5	270	Plasmid_associated	QII80257.1 subclass B1 metallo-beta-lactamase NDM-5, partial (plasmid) [Escherichia coli]
QIM14241.1	NDM-5	270	Plasmid_associated	QIM14241.1 Beta-lactamase NDM-5 (plasmid) [Escherichia coli]
QIR47511.1	NDM-5	270	Plasmid_associated	QIR47511.1 subclass B1 metallo-beta-lactamase NDM-5 (plasmid) [Klebsiella pneumoniae]
QIR63338.1	NDM-5	270	Plasmid_associated	QIR63338.1 subclass B1 metallo-beta-lactamase NDM-5 (plasmid) [Escherichia coli]
QJB67840.1	NDM-5	270	Plasmid_associated	QJB67840.1 subclass B1 metallo-beta-lactamase NDM-5 (plasmid) [Escherichia coli]
QJS00076.1	NDM-5	270	Biological_protein	QJS00076.1 subclass B1 metallo-beta-lactamase NDM-5 [Escherichia coli O89:H9]
QJS57461.1	NDM-5	270	Biological_protein	QJS57461.1 subclass B1 metallo-beta-lactamase NDM-5 [Klebsiella pneumoniae]
BCD83585.1	NDM-5	270	Plasmid_associated	BCD83585.1 subclass B1 metallo-beta-lactamase NDM-5 (plasmid) [Escherichia coli]
QKY82495.1	NDM-5	270	Plasmid_associated	QKY82495.1 NDM-5 metallo-beta-lactamase (plasmid) [Escherichia coli]
QKY82497.1	NDM-5	270	Plasmid_associated	QKY82497.1 NDM-5 metallo-beta-lactamase (plasmid) [Escherichia coli]
QKY82499.1	NDM-5	270	Plasmid_associated	QKY82499.1 NDM-5 metallo-beta-lactamase (plasmid) [Escherichia coli]
QKY82502.1	NDM-5	270	Plasmid_associated	QKY82502.1 NDM-5 metallo-beta-lactamase (plasmid) [Escherichia coli]
QLB33632.1	NDM-5	270	Plasmid_associated	QLB33632.1 subclass B1 metallo-beta-lactamase NDM-5 (plasmid) [Klebsiella pneumoniae]
QLF67381.1	NDM-5	270	Plasmid_associated	QLF67381.1 subclass B1 metallo-beta-lactamase NDM-5 (plasmid) [Klebsiella pneumoniae]
QLG03997.1	NDM-5	270	Plasmid_associated	QLG03997.1 metallo-beta-lactamase NDM-5 (plasmid) [Escherichia coli]
QLG04086.1	NDM-5	270	Plasmid_associated	QLG04086.1 metallo-beta-lactamase NDM-5 (plasmid) [Escherichia coli]
QLG18958.1	NDM-5	270	Plasmid_associated	QLG18958.1 subclass B1 metallo-beta-lactamase NDM-5 (plasmid) [Klebsiella pneumoniae]
QLJ43402.1	NDM-5	270	Plasmid_associated	QLJ43402.1 subclass B1 metallo-beta-lactamase NDM-5 (plasmid) [Escherichia coli]
BBT60181.1	NDM-5	270	Plasmid_associated	BBT60181.1 subclass B1 metallo-beta-lactamase NDM-5 (plasmid) [Escherichia coli]
BBT88036.1	NDM-5	270	Plasmid_associated	BBT88036.1 subclass B1 metallo-beta-lactamase NDM-5 (plasmid) [Klebsiella ornithinolytica]
QLQ60748.1	NDM-5	270	Plasmid_associated	QLQ60748.1 subclass B1 metallo-beta-lactamase NDM-5 (plasmid) [Escherichia coli]
QNG31078.1	NDM-5	270	Plasmid_associated	QNG31078.1 subclass B1 metallo-beta-lactamase NDM-5 (plasmid) [Escherichia coli]
QOQ33213.1	NDM-5	270	Plasmid_associated	QOQ33213.1 NDM-5 (plasmid) [Klebsiella pneumoniae]
QOQ44975.1	NDM-5	270	Plasmid_associated	QOQ44975.1 subclass B1 metallo-beta-lactamase NDM-5 (plasmid) [Klebsiella pneumoniae]
QOR48876.1	NDM-5	270	Plasmid_associated	QOR48876.1 subclass B1 metallo-beta-lactamase NDM-5 (plasmid) [Citrobacter sedlakii]
QPB30133.1	NDM-5	270	Plasmid_associated	QPB30133.1 subclass B1 metallo-beta-lactamase NDM-5 (plasmid) [Klebsiella pneumoniae]
QPL19768.1	NDM-5	270	Plasmid_associated	QPL19768.1 subclass B1 metallo-beta-lactamase NDM-5 (plasmid) [Klebsiella pneumoniae]
QPM55066.1	NDM-5	270	Plasmid_associated	QPM55066.1 subclass B1 metallo-beta-lactamase NDM-5 (plasmid) [Klebsiella pneumoniae]
QPM60354.1	NDM-5	270	Plasmid_associated	QPM60354.1 subclass B1 metallo-beta-lactamase NDM-5 (plasmid) [Klebsiella pneumoniae]
QPN95948.1	NDM-5	270	Plasmid_associated	QPN95948.1 subclass B1 metallo-beta-lactamase NDM-5 (plasmid) [Escherichia coli]
QRC55052.1	NDM-5	270	Plasmid_associated	QRC55052.1 subclass B1 metallo-beta-lactamase NDM-5 (plasmid) [Klebsiella pneumoniae]
QRF22189.1	NDM-5	270	Plasmid_associated	QRF22189.1 subclass B1 metallo-beta-lactamase NDM-5 (plasmid) [Escherichia coli]
QRG93086.1	NDM-5	270	Plasmid_associated	QRG93086.1 subclass B1 metallo-beta-lactamase NDM-5 (plasmid) [Klebsiella pneumoniae]
QRX67575.1	NDM-5	270	Biological_protein	QRX67575.1 subclass B1 metallo-beta-lactamase NDM-5 [Escherichia coli]
QSC79413.1	NDM-5	270	Plasmid_associated	QSC79413.1 subclass B1 metallo-beta-lactamase NDM-5 (plasmid) [Escherichia coli]
QSQ77455.1	NDM-5	270	Plasmid_associated	QSQ77455.1 subclass B1 metallo-beta-lactamase NDM-5 (plasmid) [Klebsiella pneumoniae]
QSW17845.1	NDM-5	270	Plasmid_associated	QSW17845.1 subclass B1 metallo-beta-lactamase NDM-5 (plasmid) [Klebsiella michiganensis]
QSI39889.1	NDM-5	270	Plasmid_associated	QSI39889.1 subclass B1 metallo-beta-lactamase NDM-5 (plasmid) [Klebsiella pneumoniae]
QUR60844.1	NDM-5	270	Plasmid_associated	QUR60844.1 subclass B1 metallo-beta-lactamase NDM-5 (plasmid) [Escherichia coli]
QUX12347.1	NDM-5	270	Plasmid_associated	QUX12347.1 subclass B1 metallo-beta-lactamase NDM-5 (plasmid) [Klebsiella pneumoniae subsp. pneumoniae]
QVK43692.1	NDM-5	270	Plasmid_associated	QVK43692.1 subclass B1 metallo-beta-lactamase NDM-5 (plasmid) [Escherichia coli]
QWA98843.1	NDM-5	270	Plasmid_associated	QWA98843.1 subclass B1 metallo-beta-lactamase NDM-5 (plasmid) [Klebsiella quasipneumoniae]
QWC30720.1	NDM-5	270	Plasmid_associated	QWC30720.1 subclass B1 metallo-beta-lactamase NDM-5 (plasmid) [Klebsiella pneumoniae]
QWK04363.1	NDM-5	270	Plasmid_associated	QWK04363.1 subclass B1 metallo-beta-lactamase NDM-5 (plasmid) [Escherichia coli]
QWK18678.1	NDM-5	270	Plasmid_associated	QWK18678.1 subclass B1 metallo-beta-lactamase NDM-5 (plasmid) [Escherichia coli]
QWR75746.1	NDM-5	270	Plasmid_associated	QWR75746.1 subclass B1 metallo-beta-lactamase NDM-5 (plasmid) [Escherichia coli]
QWS86482.1	NDM-5	270	Plasmid_associated	QWS86482.1 subclass B1 metallo-beta-lactamase NDM-5 (plasmid) [Enterobacter hormaechei]
QWU42766.1	NDM-5	270	Plasmid_associated	QWU42766.1 subclass B1 metallo-beta-lactamase NDM-5 (plasmid) [Escherichia coli]
QWY91980.1	NDM-5	270	Plasmid_associated	QWY91980.1 metallo-beta-lactamase NDM-5 (plasmid) [Escherichia coli]
QWY92153.1	NDM-5	270	Plasmid_associated	QWY92153.1 metallo-beta-lactamase NDM-5 (plasmid) [Escherichia coli]
QWY93930.1	NDM-5	270	Biological_protein	QWY93930.1 subclass B1 metallo-beta-lactamase NDM-5 [Klebsiella pneumoniae]
QWY93931.1	NDM-5	270	Biological_protein	QWY93931.1 subclass B1 metallo-beta-lactamase NDM-5 [Klebsiella pneumoniae]
QWY93932.1	NDM-5	270	Biological_protein	QWY93932.1 subclass B1 metallo-beta-lactamase NDM-5 [Klebsiella pneumoniae]
QWY93933.1	NDM-5	270	Biological_protein	QWY93933.1 subclass B1 metallo-beta-lactamase NDM-5 [Klebsiella pneumoniae]
QWY93934.1	NDM-5	270	Biological_protein	QWY93934.1 subclass B1 metallo-beta-lactamase NDM-5 [Klebsiella pneumoniae]
QWY93935.1	NDM-5	270	Biological_protein	QWY93935.1 subclass B1 metallo-beta-lactamase NDM-5 [Klebsiella pneumoniae]
QWY93936.1	NDM-5	270	Biological_protein	QWY93936.1 subclass B1 metallo-beta-lactamase NDM-5 [Klebsiella pneumoniae]
QWY93937.1	NDM-5	270	Biological_protein	QWY93937.1 subclass B1 metallo-beta-lactamase NDM-5 [Klebsiella pneumoniae]
QWY93938.1	NDM-5	270	Biological_protein	QWY93938.1 subclass B1 metallo-beta-lactamase NDM-5 [Klebsiella pneumoniae]
QWY97078.1	NDM-5	270	Biological_protein	QWY97078.1 subclass B1 metallo-beta-lactamase NDM-5 [Klebsiella pneumoniae]
QWY97079.1	NDM-5	270	Biological_protein	QWY97079.1 subclass B1 metallo-beta-lactamase NDM-5 [Klebsiella pneumoniae]
QWY97080.1	NDM-5	270	Biological_protein	QWY97080.1 subclass B1 metallo-beta-lactamase NDM-5 [Klebsiella pneumoniae]
QWY97081.1	NDM-5	270	Biological_protein	QWY97081.1 subclass B1 metallo-beta-lactamase NDM-5 [Klebsiella pneumoniae]
QXC68533.1	NDM-5	270	Plasmid_associated	QXC68533.1 subclass B1 metallo-beta-lactamase NDM-5 (plasmid) [Klebsiella aerogenes]
QXN56686.1	NDM-5	270	Biological_protein	QXN56686.1 subclass B1 metallo-beta-lactamase NDM-5 [Klebsiella pneumoniae]
QXN56687.1	NDM-5	270	Biological_protein	QXN56687.1 subclass B1 metallo-beta-lactamase NDM-5 [Escherichia coli]
QYM46891.1	NDM-5	270	Plasmid_associated	QYM46891.1 subclass B1 metallo-beta-lactamase NDM-5 (plasmid) [Klebsiella pneumoniae]
BCX36436.1	NDM-5	270	Plasmid_associated	BCX36436.1 NDM-5 metallo-beta-lactamase (plasmid) [Escherichia coli]
QZQ37453.1	NDM-5	270	Plasmid_associated	QZQ37453.1 subclass B1 metallo-beta-lactamase NDM-5 (plasmid) [Escherichia coli]
QZQ41996.1	NDM-5	270	Plasmid_associated	QZQ41996.1 subclass B1 metallo-beta-lactamase NDM-5 (plasmid) [Escherichia coli]
QZQ46524.1	NDM-5	270	Plasmid_associated	QZQ46524.1 subclass B1 metallo-beta-lactamase NDM-5 (plasmid) [Escherichia coli]
UAY36119.1	NDM-5	270	Plasmid_associated	UAY36119.1 subclass B1 metallo-beta-lactamase NDM-5 (plasmid) [Escherichia coli]
UBF40031.1	NDM-5	270	Plasmid_associated	UBF40031.1 subclass B1 metallo-beta-lactamase NDM-5 (plasmid) [Escherichia coli]
UBM03783.1	NDM-5	270	Plasmid_associated	UBM03783.1 subclass B1 metallo-beta-lactamase NDM-5 (plasmid) [Escherichia coli]
UBO40508.1	NDM-5	270	Plasmid_associated	UBO40508.1 subclass B1 metallo-beta-lactamase NDM-5 (plasmid) [Escherichia coli]
UBO49170.1	NDM-5	270	Plasmid_associated	UBO49170.1 subclass B1 metallo-beta-lactamase NDM-5 (plasmid) [Escherichia coli]
UBO49180.1	NDM-5	270	Plasmid_associated	UBO49180.1 subclass B1 metallo-beta-lactamase NDM-5 (plasmid) [Escherichia coli]
UBO62796.1	NDM-5	270	Plasmid_associated	UBO62796.1 subclass B1 metallo-beta-lactamase NDM-5 (plasmid) [Escherichia coli]
UBO62883.1	NDM-5	270	Plasmid_associated	UBO62883.1 subclass B1 metallo-beta-lactamase NDM-5 (plasmid) [Escherichia coli]
UBO62888.1	NDM-5	270	Plasmid_associated	UBO62888.1 subclass B1 metallo-beta-lactamase NDM-5 (plasmid) [Escherichia coli]
UBO62988.1	NDM-5	270	Plasmid_associated	UBO62988.1 subclass B1 metallo-beta-lactamase NDM-5 (plasmid) [Escherichia coli]
UBO67250.1	NDM-5	270	Plasmid_associated	UBO67250.1 subclass B1 metallo-beta-lactamase NDM-5 (plasmid) [Escherichia coli]
UCT21136.1	NDM-5	270	Plasmid_associated	UCT21136.1 subclass B1 metallo-beta-lactamase NDM-5 (plasmid) [Escherichia coli]
UCT21193.1	NDM-5	270	Plasmid_associated	UCT21193.1 subclass B1 metallo-beta-lactamase NDM-5 (plasmid) [Escherichia coli]
UDG07866.1	NDM-5	270	Plasmid_associated	UDG07866.1 subclass B1 metallo-beta-lactamase NDM-5 (plasmid) [Escherichia coli]
UDG12401.1	NDM-5	270	Plasmid_associated	UDG12401.1 subclass B1 metallo-beta-lactamase NDM-5 (plasmid) [Escherichia coli]
UDG22147.1	NDM-5	270	Plasmid_associated	UDG22147.1 subclass B1 metallo-beta-lactamase NDM-5 (plasmid) [Escherichia coli]
UDG26802.1	NDM-5	270	Plasmid_associated	UDG26802.1 subclass B1 metallo-beta-lactamase NDM-5 (plasmid) [Escherichia coli]
UDG26863.1	NDM-5	270	Plasmid_associated	UDG26863.1 subclass B1 metallo-beta-lactamase NDM-5 (plasmid) [Escherichia coli]
UDG17333.1	NDM-5	270	Plasmid_associated	UDG17333.1 subclass B1 metallo-beta-lactamase NDM-5 (plasmid) [Escherichia coli]
UDM31541.1	NDM-5	270	Plasmid_associated	UDM31541.1 subclass B1 metallo-beta-lactamase NDM-5 (plasmid) [Escherichia coli]
UDN33957.1	NDM-5	270	Plasmid_associated	UDN33957.1 subclass B1 metallo-beta-lactamase NDM-5 (plasmid) [Escherichia coli]
UDN33964.1	NDM-5	270	Plasmid_associated	UDN33964.1 subclass B1 metallo-beta-lactamase NDM-5 (plasmid) [Escherichia coli]
UDN34083.1	NDM-5	270	Plasmid_associated	UDN34083.1 subclass B1 metallo-beta-lactamase NDM-5 (plasmid) [Escherichia coli]
UDN34090.1	NDM-5	270	Plasmid_associated	UDN34090.1 subclass B1 metallo-beta-lactamase NDM-5 (plasmid) [Escherichia coli]
UDN34121.1	NDM-5	270	Plasmid_associated	UDN34121.1 subclass B1 metallo-beta-lactamase NDM-5 (plasmid) [Escherichia coli]
UDN34126.1	NDM-5	270	Plasmid_associated	UDN34126.1 subclass B1 metallo-beta-lactamase NDM-5 (plasmid) [Escherichia coli]
UDN34138.1	NDM-5	270	Plasmid_associated	UDN34138.1 subclass B1 metallo-beta-lactamase NDM-5 (plasmid) [Escherichia coli]
UDN34148.1	NDM-5	270	Plasmid_associated	UDN34148.1 subclass B1 metallo-beta-lactamase NDM-5 (plasmid) [Escherichia coli]
UDN34156.1	NDM-5	270	Plasmid_associated	UDN34156.1 subclass B1 metallo-beta-lactamase NDM-5 (plasmid) [Escherichia coli]
UEK71544.1	NDM-5	270	Plasmid_associated	UEK71544.1 subclass B1 metallo-beta-lactamase NDM-5 (plasmid) [Citrobacter freundii]
UES04800.1	NDM-5	270	Plasmid_associated	UES04800.1 subclass B1 metallo-beta-lactamase NDM-5 (plasmid) [Escherichia coli]
UES13589.1	NDM-5	270	Plasmid_associated	UES13589.1 subclass B1 metallo-beta-lactamase NDM-5 (plasmid) [Escherichia coli]
UES09200.1	NDM-5	270	Plasmid_associated	UES09200.1 subclass B1 metallo-beta-lactamase NDM-5 (plasmid) [Escherichia coli]
UES18002.1	NDM-5	270	Plasmid_associated	UES18002.1 subclass B1 metallo-beta-lactamase NDM-5 (plasmid) [Escherichia coli]
UES22353.1	NDM-5	270	Plasmid_associated	UES22353.1 subclass B1 metallo-beta-lactamase NDM-5 (plasmid) [Escherichia coli]
UES26742.1	NDM-5	270	Plasmid_associated	UES26742.1 subclass B1 metallo-beta-lactamase NDM-5 (plasmid) [Escherichia coli]
UFK81202.1	NDM-5	270	Plasmid_associated	UFK81202.1 subclass B1 metallo-beta-lactamase NDM-5 (plasmid) [Escherichia coli]
UFZ20841.1	NDM-5	270	Plasmid_associated	UFZ20841.1 subclass B1 metallo-beta-lactamase NDM-5 (plasmid) [Escherichia coli]
UII45200.1	NDM-5	270	Plasmid_associated	UII45200.1 subclass B1 metallo-beta-lactamase NDM-5 (plasmid) [Klebsiella pneumoniae]
UII40260.1	NDM-5	270	Plasmid_associated	UII40260.1 subclass B1 metallo-beta-lactamase NDM-5 (plasmid) [Klebsiella pneumoniae]
UIL83609.1	NDM-5	270	Plasmid_associated	UIL83609.1 subclass B1 metallo-beta-lactamase NDM-5 (plasmid) [Escherichia coli]
UIL70061.1	NDM-5	270	Plasmid_associated	UIL70061.1 subclass B1 metallo-beta-lactamase NDM-5 (plasmid) [Escherichia coli]
UIL99985.1	NDM-5	270	Biological_protein	UIL99985.1 subclass B1 metallo-beta-lactamase NDM-5 [Escherichia coli]
UIM24855.1	NDM-5	270	Plasmid_associated	UIM24855.1 subclass B1 metallo-beta-lactamase NDM-5 (plasmid) [Escherichia coli]
UIM30671.1	NDM-5	270	Plasmid_associated	UIM30671.1 subclass B1 metallo-beta-lactamase NDM-5 (plasmid) [Escherichia coli]
UIM03032.1	NDM-5	270	Plasmid_associated	UIM03032.1 subclass B1 metallo-beta-lactamase NDM-5 (plasmid) [Escherichia coli]
UIM12081.1	NDM-5	270	Plasmid_associated	UIM12081.1 subclass B1 metallo-beta-lactamase NDM-5 (plasmid) [Escherichia coli]
UIM53090.1	NDM-5	270	Plasmid_associated	UIM53090.1 subclass B1 metallo-beta-lactamase NDM-5 (plasmid) [Escherichia coli]
UIR44172.1	NDM-5	270	Plasmid_associated	UIR44172.1 subclass B1 metallo-beta-lactamase NDM-5 (plasmid) [Escherichia coli]
UIR48869.1	NDM-5	270	Plasmid_associated	UIR48869.1 subclass B1 metallo-beta-lactamase NDM-5 (plasmid) [Escherichia coli]
UIZ76979.1	NDM-5	270	Plasmid_associated	UIZ76979.1 subclass B1 metallo-beta-lactamase NDM-5 (plasmid) [Klebsiella ornithinolytica]
UJB78039.1	NDM-5	270	Plasmid_associated	UJB78039.1 subclass B1 metallo-beta-lactamase NDM-5 (plasmid) [Citrobacter portucalensis]
UJB82662.1	NDM-5	270	Plasmid_associated	UJB82662.1 subclass B1 metallo-beta-lactamase NDM-5 (plasmid) [Escherichia coli]
UKS50214.1	NDM-5	270	Plasmid_associated	UKS50214.1 subclass B1 metallo-beta-lactamase NDM-5 (plasmid) [Klebsiella michiganensis]
ULG10158.1	NDM-5	270	Plasmid_associated	ULG10158.1 NDM-5 protein (plasmid) [Escherichia coli]
UMW94873.1	NDM-5	264	Plasmid_associated	UMW94873.1 NDM-5 (plasmid) [Escherichia coli]
UMW94909.1	NDM-5	270	Plasmid_associated	UMW94909.1 NDM-5 (plasmid) [Escherichia coli]
UMW94958.1	NDM-5	270	Plasmid_associated	UMW94958.1 NDM-5 (plasmid) [Escherichia coli]
UNC33231.1	NDM-5	270	Plasmid_associated	UNC33231.1 subclass B1 metallo-beta-lactamase NDM-5 (plasmid) [Escherichia coli]
UNC37995.1	NDM-5	270	Plasmid_associated	UNC37995.1 subclass B1 metallo-beta-lactamase NDM-5 (plasmid) [Escherichia coli]
UNC43022.1	NDM-5	270	Plasmid_associated	UNC43022.1 subclass B1 metallo-beta-lactamase NDM-5 (plasmid) [Escherichia coli]
UND00817.1	NDM-5	270	Plasmid_associated	UND00817.1 subclass B1 metallo-beta-lactamase NDM-5 (plasmid) [Escherichia coli]
UND05312.1	NDM-5	270	Plasmid_associated	UND05312.1 subclass B1 metallo-beta-lactamase NDM-5 (plasmid) [Escherichia coli]
UND05323.1	NDM-5	270	Plasmid_associated	UND05323.1 subclass B1 metallo-beta-lactamase NDM-5 (plasmid) [Escherichia coli]
UND10031.1	NDM-5	270	Plasmid_associated	UND10031.1 subclass B1 metallo-beta-lactamase NDM-5 (plasmid) [Escherichia coli]
UND14682.1	NDM-5	270	Plasmid_associated	UND14682.1 subclass B1 metallo-beta-lactamase NDM-5 (plasmid) [Escherichia coli]
UND19331.1	NDM-5	270	Plasmid_associated	UND19331.1 subclass B1 metallo-beta-lactamase NDM-5 (plasmid) [Escherichia coli]
UND23719.1	NDM-5	270	Plasmid_associated	UND23719.1 subclass B1 metallo-beta-lactamase NDM-5 (plasmid) [Escherichia coli]
UND28467.1	NDM-5	270	Plasmid_associated	UND28467.1 subclass B1 metallo-beta-lactamase NDM-5 (plasmid) [Escherichia coli]
UND33074.1	NDM-5	270	Plasmid_associated	UND33074.1 subclass B1 metallo-beta-lactamase NDM-5 (plasmid) [Escherichia coli]
UND37646.1	NDM-5	270	Plasmid_associated	UND37646.1 subclass B1 metallo-beta-lactamase NDM-5 (plasmid) [Escherichia coli]
UND42460.1	NDM-5	270	Plasmid_associated	UND42460.1 subclass B1 metallo-beta-lactamase NDM-5 (plasmid) [Escherichia coli]
UND47224.1	NDM-5	270	Plasmid_associated	UND47224.1 subclass B1 metallo-beta-lactamase NDM-5 (plasmid) [Escherichia coli]
UND56434.1	NDM-5	270	Plasmid_associated	UND56434.1 subclass B1 metallo-beta-lactamase NDM-5 (plasmid) [Escherichia coli]
UND61231.1	NDM-5	270	Plasmid_associated	UND61231.1 subclass B1 metallo-beta-lactamase NDM-5 (plasmid) [Escherichia coli]
UND84879.1	NDM-5	270	Plasmid_associated	UND84879.1 subclass B1 metallo-beta-lactamase NDM-5 (plasmid) [Escherichia coli]
UND89550.1	NDM-5	270	Plasmid_associated	UND89550.1 subclass B1 metallo-beta-lactamase NDM-5 (plasmid) [Escherichia coli]
UND94092.1	NDM-5	270	Plasmid_associated	UND94092.1 subclass B1 metallo-beta-lactamase NDM-5 (plasmid) [Escherichia coli]
UND98658.1	NDM-5	270	Plasmid_associated	UND98658.1 subclass B1 metallo-beta-lactamase NDM-5 (plasmid) [Escherichia coli]
UNE60899.1	NDM-5	270	Plasmid_associated	UNE60899.1 subclass B1 metallo-beta-lactamase NDM-5 (plasmid) [Escherichia coli]
UNI62057.1	NDM-5	270	Plasmid_associated	UNI62057.1 subclass B1 metallo-beta-lactamase NDM-5 (plasmid) [Escherichia coli]
BBL99509.1	NDM-5	270	Plasmid_associated	BBL99509.1 subclass B1 metallo-beta-lactamase NDM-5 (plasmid) [Escherichia coli]
UNM54679.1	NDM-5	270	Plasmid_associated	UNM54679.1 subclass B1 metallo-beta-lactamase NDM-5 (plasmid) [Klebsiella pneumoniae]
UNN27229.1	NDM-5	270	Plasmid_associated	UNN27229.1 subclass B1 metallo-beta-lactamase NDM-5 (plasmid) [Escherichia coli]
UNX91824.1	NDM-5	270	Plasmid_associated	UNX91824.1 subclass B1 metallo-beta-lactamase NDM-5 (plasmid) [Escherichia coli]
UNX96698.1	NDM-5	270	Plasmid_associated	UNX96698.1 subclass B1 metallo-beta-lactamase NDM-5 (plasmid) [Escherichia coli]
UNY01574.1	NDM-5	270	Plasmid_associated	UNY01574.1 subclass B1 metallo-beta-lactamase NDM-5 (plasmid) [Escherichia coli]
UNY06447.1	NDM-5	270	Plasmid_associated	UNY06447.1 subclass B1 metallo-beta-lactamase NDM-5 (plasmid) [Escherichia coli]
UNY11321.1	NDM-5	270	Plasmid_associated	UNY11321.1 subclass B1 metallo-beta-lactamase NDM-5 (plasmid) [Escherichia coli]
UNY97037.1	NDM-5	270	Plasmid_associated	UNY97037.1 subclass B1 metallo-beta-lactamase NDM-5 (plasmid) [Salmonella enterica subsp. enterica]
BCL10712.1	NDM-5	270	Plasmid_associated	BCL10712.1 subclass B1 beta-lactamase, NDM-5 (plasmid) [Escherichia coli]
UNM43621.1	NDM-5	270	Plasmid_associated	UNM43621.1 subclass B1 metallo-beta-lactamase NDM-5 (plasmid) [Klebsiella pneumoniae]
UNM33425.1	NDM-5	270	Plasmid_associated	UNM33425.1 subclass B1 metallo-beta-lactamase NDM-5 (plasmid) [Klebsiella pneumoniae subsp. ozaenae]
UNM33431.1	NDM-5	270	Plasmid_associated	UNM33431.1 subclass B1 metallo-beta-lactamase NDM-5 (plasmid) [Klebsiella pneumoniae subsp. ozaenae]
UNM33437.1	NDM-5	270	Plasmid_associated	UNM33437.1 subclass B1 metallo-beta-lactamase NDM-5 (plasmid) [Klebsiella pneumoniae subsp. ozaenae]
UNM33443.1	NDM-5	270	Plasmid_associated	UNM33443.1 subclass B1 metallo-beta-lactamase NDM-5 (plasmid) [Klebsiella pneumoniae subsp. ozaenae]
UNM33449.1	NDM-5	270	Plasmid_associated	UNM33449.1 subclass B1 metallo-beta-lactamase NDM-5 (plasmid) [Klebsiella pneumoniae subsp. ozaenae]
UOF38912.1	NDM-5	270	Plasmid_associated	UOF38912.1 subclass B1 metallo-beta-lactamase NDM-5 (plasmid) [Klebsiella pneumoniae subsp. pneumoniae]
UOO57768.1	NDM-5	270	Plasmid_associated	UOO57768.1 subclass B1 metallo-beta-lactamase NDM-5 (plasmid) [Salmonella enterica]
UOU81145.1	NDM-5	270	Plasmid_associated	UOU81145.1 subclass B1 metallo-beta-lactamase NDM-5 (plasmid) [Klebsiella pneumoniae]
UOY29940.1	NDM-5	270	Plasmid_associated	UOY29940.1 subclass B1 metallo-beta-lactamase NDM-5 (plasmid) [Escherichia coli]
UOY77358.1	NDM-5	270	Plasmid_associated	UOY77358.1 subclass B1 metallo-beta-lactamase NDM-5 (plasmid) [Escherichia coli]
UPG20892.1	NDM-5	270	Plasmid_associated	UPG20892.1 subclass B1 metallo-beta-lactamase NDM-5 (plasmid) [Escherichia coli]
UPG21384.1	NDM-5	270	Plasmid_associated	UPG21384.1 subclass B1 metallo-beta-lactamase NDM-5 (plasmid) [Klebsiella pneumoniae]
UPG21432.1	NDM-5	270	Plasmid_associated	UPG21432.1 subclass B1 metallo-beta-lactamase NDM-5 (plasmid) [Klebsiella pneumoniae]
UPG21735.1	NDM-5	270	Plasmid_associated	UPG21735.1 subclass B1 metallo-beta-lactamase NDM-5 (plasmid) [Klebsiella pneumoniae]
UPG21838.1	NDM-5	270	Plasmid_associated	UPG21838.1 subclass B1 metallo-beta-lactamase NDM-5 (plasmid) [Klebsiella pneumoniae]
UPG22533.1	NDM-5	270	Plasmid_associated	UPG22533.1 subclass B1 metallo-beta-lactamase NDM-5 (plasmid) [Escherichia coli]
UPG22580.1	NDM-5	270	Plasmid_associated	UPG22580.1 subclass B1 metallo-beta-lactamase NDM-5 (plasmid) [Klebsiella pneumoniae]
UPG22916.1	NDM-5	270	Plasmid_associated	UPG22916.1 subclass B1 metallo-beta-lactamase NDM-5 (plasmid) [Escherichia coli]
UPG23165.1	NDM-5	270	Plasmid_associated	UPG23165.1 subclass B1 metallo-beta-lactamase NDM-5 (plasmid) [Klebsiella pneumoniae]
UPG23384.1	NDM-5	270	Plasmid_associated	UPG23384.1 subclass B1 metallo-beta-lactamase NDM-5 (plasmid) [Escherichia coli]
UPG23691.1	NDM-5	270	Plasmid_associated	UPG23691.1 subclass B1 metallo-beta-lactamase NDM-5 (plasmid) [Klebsiella pneumoniae]
UPG23762.1	NDM-5	270	Plasmid_associated	UPG23762.1 subclass B1 metallo-beta-lactamase NDM-5 (plasmid) [Enterobacter hormaechei]
UPG23790.1	NDM-5	270	Plasmid_associated	UPG23790.1 subclass B1 metallo-beta-lactamase NDM-5 (plasmid) [Enterobacter hormaechei]
UPG24828.1	NDM-5	270	Plasmid_associated	UPG24828.1 subclass B1 metallo-beta-lactamase NDM-5 (plasmid) [Escherichia coli]
UPG24924.1	NDM-5	270	Plasmid_associated	UPG24924.1 subclass B1 metallo-beta-lactamase NDM-5 (plasmid) [Escherichia coli]
UPG25710.1	NDM-5	270	Plasmid_associated	UPG25710.1 subclass B1 metallo-beta-lactamase NDM-5 (plasmid) [Klebsiella pneumoniae]
UPG25846.1	NDM-5	270	Plasmid_associated	UPG25846.1 subclass B1 metallo-beta-lactamase NDM-5 (plasmid) [Klebsiella pneumoniae]
UPG26373.1	NDM-5	270	Plasmid_associated	UPG26373.1 subclass B1 metallo-beta-lactamase NDM-5 (plasmid) [Escherichia coli]
UPG26468.1	NDM-5	270	Plasmid_associated	UPG26468.1 subclass B1 metallo-beta-lactamase NDM-5 (plasmid) [Klebsiella pneumoniae]
UPG26586.1	NDM-5	270	Plasmid_associated	UPG26586.1 subclass B1 metallo-beta-lactamase NDM-5 (plasmid) [Escherichia coli]
UPG26661.1	NDM-5	270	Plasmid_associated	UPG26661.1 subclass B1 metallo-beta-lactamase NDM-5 (plasmid) [Klebsiella pneumoniae]
UPG26928.1	NDM-5	270	Plasmid_associated	UPG26928.1 subclass B1 metallo-beta-lactamase NDM-5 (plasmid) [Klebsiella pneumoniae]
UPG27076.1	NDM-5	270	Plasmid_associated	UPG27076.1 subclass B1 metallo-beta-lactamase NDM-5 (plasmid) [Klebsiella pneumoniae]
UPG27416.1	NDM-5	270	Plasmid_associated	UPG27416.1 subclass B1 metallo-beta-lactamase NDM-5 (plasmid) [Klebsiella pneumoniae]
UPG27554.1	NDM-5	270	Plasmid_associated	UPG27554.1 subclass B1 metallo-beta-lactamase NDM-5 (plasmid) [Escherichia coli]
UPG27634.1	NDM-5	270	Plasmid_associated	UPG27634.1 subclass B1 metallo-beta-lactamase NDM-5 (plasmid) [Escherichia coli]
UPG27675.1	NDM-5	270	Plasmid_associated	UPG27675.1 subclass B1 metallo-beta-lactamase NDM-5 (plasmid) [Escherichia coli]
UPG27783.1	NDM-5	270	Plasmid_associated	UPG27783.1 subclass B1 metallo-beta-lactamase NDM-5 (plasmid) [Klebsiella pneumoniae]
UPG28145.1	NDM-5	270	Plasmid_associated	UPG28145.1 subclass B1 metallo-beta-lactamase NDM-5 (plasmid) [Escherichia coli]
UPG28244.1	NDM-5	270	Plasmid_associated	UPG28244.1 subclass B1 metallo-beta-lactamase NDM-5 (plasmid) [Klebsiella pneumoniae]
UPG28309.1	NDM-5	270	Plasmid_associated	UPG28309.1 subclass B1 metallo-beta-lactamase NDM-5 (plasmid) [Escherichia coli]
UPG28408.1	NDM-5	270	Plasmid_associated	UPG28408.1 subclass B1 metallo-beta-lactamase NDM-5 (plasmid) [Klebsiella pneumoniae]
UPG28481.1	NDM-5	270	Plasmid_associated	UPG28481.1 subclass B1 metallo-beta-lactamase NDM-5 (plasmid) [Escherichia coli]
UPG28564.1	NDM-5	270	Plasmid_associated	UPG28564.1 subclass B1 metallo-beta-lactamase NDM-5 (plasmid) [Klebsiella pneumoniae]
UPG28690.1	NDM-5	270	Plasmid_associated	UPG28690.1 subclass B1 metallo-beta-lactamase NDM-5 (plasmid) [Escherichia coli]
UPG28848.1	NDM-5	270	Plasmid_associated	UPG28848.1 subclass B1 metallo-beta-lactamase NDM-5 (plasmid) [Escherichia coli]
UPG29294.1	NDM-5	270	Plasmid_associated	UPG29294.1 subclass B1 metallo-beta-lactamase NDM-5 (plasmid) [Klebsiella pneumoniae]
UPG29712.1	NDM-5	270	Plasmid_associated	UPG29712.1 subclass B1 metallo-beta-lactamase NDM-5 (plasmid) [Klebsiella pneumoniae]
UPG30135.1	NDM-5	270	Plasmid_associated	UPG30135.1 subclass B1 metallo-beta-lactamase NDM-5 (plasmid) [Escherichia coli]
UPG30190.1	NDM-5	270	Plasmid_associated	UPG30190.1 subclass B1 metallo-beta-lactamase NDM-5 (plasmid) [Escherichia coli]
UPG30391.1	NDM-5	270	Plasmid_associated	UPG30391.1 subclass B1 metallo-beta-lactamase NDM-5 (plasmid) [Escherichia coli]
UPG30454.1	NDM-5	270	Plasmid_associated	UPG30454.1 subclass B1 metallo-beta-lactamase NDM-5 (plasmid) [Escherichia coli]
UPG30663.1	NDM-5	270	Plasmid_associated	UPG30663.1 subclass B1 metallo-beta-lactamase NDM-5 (plasmid) [Klebsiella pneumoniae]
UPG30708.1	NDM-5	270	Plasmid_associated	UPG30708.1 subclass B1 metallo-beta-lactamase NDM-5 (plasmid) [Escherichia coli]
UPG30830.1	NDM-5	270	Plasmid_associated	UPG30830.1 subclass B1 metallo-beta-lactamase NDM-5 (plasmid) [Escherichia coli]
UPG30955.1	NDM-5	270	Plasmid_associated	UPG30955.1 subclass B1 metallo-beta-lactamase NDM-5 (plasmid) [Escherichia coli]
UPG31065.1	NDM-5	270	Plasmid_associated	UPG31065.1 subclass B1 metallo-beta-lactamase NDM-5 (plasmid) [Escherichia coli]
UPG31337.1	NDM-5	270	Plasmid_associated	UPG31337.1 subclass B1 metallo-beta-lactamase NDM-5 (plasmid) [Klebsiella pneumoniae]
UPG31526.1	NDM-5	270	Plasmid_associated	UPG31526.1 subclass B1 metallo-beta-lactamase NDM-5 (plasmid) [Klebsiella pneumoniae]
UPG31871.1	NDM-5	270	Plasmid_associated	UPG31871.1 subclass B1 metallo-beta-lactamase NDM-5 (plasmid) [Klebsiella pneumoniae]
UPG32073.1	NDM-5	270	Plasmid_associated	UPG32073.1 subclass B1 metallo-beta-lactamase NDM-5 (plasmid) [Klebsiella pneumoniae]
UPG32255.1	NDM-5	270	Plasmid_associated	UPG32255.1 subclass B1 metallo-beta-lactamase NDM-5 (plasmid) [Klebsiella pneumoniae]
UPG32363.1	NDM-5	270	Plasmid_associated	UPG32363.1 subclass B1 metallo-beta-lactamase NDM-5 (plasmid) [Klebsiella pneumoniae]
UPG32438.1	NDM-5	270	Plasmid_associated	UPG32438.1 subclass B1 metallo-beta-lactamase NDM-5 (plasmid) [Escherichia coli]
UPG32624.1	NDM-5	270	Plasmid_associated	UPG32624.1 subclass B1 metallo-beta-lactamase NDM-5 (plasmid) [Escherichia coli]
UPG32768.1	NDM-5	270	Plasmid_associated	UPG32768.1 subclass B1 metallo-beta-lactamase NDM-5 (plasmid) [Escherichia coli]
UPG33347.1	NDM-5	270	Plasmid_associated	UPG33347.1 subclass B1 metallo-beta-lactamase NDM-5 (plasmid) [Klebsiella pneumoniae]
UPG33432.1	NDM-5	270	Plasmid_associated	UPG33432.1 subclass B1 metallo-beta-lactamase NDM-5 (plasmid) [Escherichia coli]
UPG33531.1	NDM-5	270	Plasmid_associated	UPG33531.1 subclass B1 metallo-beta-lactamase NDM-5 (plasmid) [Escherichia coli]
UPG33638.1	NDM-5	270	Plasmid_associated	UPG33638.1 subclass B1 metallo-beta-lactamase NDM-5 (plasmid) [Klebsiella pneumoniae]
UPG34082.1	NDM-5	270	Plasmid_associated	UPG34082.1 subclass B1 metallo-beta-lactamase NDM-5 (plasmid) [Citrobacter sedlakii]
UPG34178.1	NDM-5	270	Plasmid_associated	UPG34178.1 subclass B1 metallo-beta-lactamase NDM-5 (plasmid) [Citrobacter sedlakii]
UPJ24107.1	NDM-5	270	Plasmid_associated	UPJ24107.1 subclass B1 metallo-beta-lactamase NDM-5 (plasmid) [Escherichia fergusonii]
UPK61561.1	NDM-5	270	Plasmid_associated	UPK61561.1 subclass B1 metallo-beta-lactamase NDM-5 (plasmid) [Escherichia coli]
UPV93475.1	NDM-5	270	Plasmid_associated	UPV93475.1 subclass B1 metallo-beta-lactamase NDM-5 (plasmid) [Escherichia coli]
UPZ08672.1	NDM-5	270	Plasmid_associated	UPZ08672.1 subclass B1 metallo-beta-lactamase NDM-5 (plasmid) [Escherichia coli]
URH10478.1	NDM-5	270	Plasmid_associated	URH10478.1 metallo-beta-lactamase NDM-5 (plasmid) [Klebsiella pneumoniae subsp. pneumoniae]
URZ93908.1	NDM-5	270	Plasmid_associated	URZ93908.1 subclass B1 metallo-beta-lactamase NDM-5 (plasmid) [Klebsiella aerogenes]
USH40176.1	NDM-5	270	Biological_protein	USH40176.1 subclass B1 metallo-beta-lactamase NDM-5 [Klebsiella pneumoniae subsp. pneumoniae]
USH40177.1	NDM-5	270	Biological_protein	USH40177.1 subclass B1 metallo-beta-lactamase NDM-5 [Klebsiella pneumoniae subsp. pneumoniae]
UPG35434.1	NDM-5	270	Plasmid_associated	UPG35434.1 subclass B1 metallo-beta-lactamase NDM-5 (plasmid) [Enterobacter hormaechei]
UPG35605.1	NDM-5	270	Plasmid_associated	UPG35605.1 subclass B1 metallo-beta-lactamase NDM-5 (plasmid) [Klebsiella pneumoniae]
UTO49498.1	NDM-5	270	Plasmid_associated	UTO49498.1 subclass B1 metallo-beta-lactamase NDM-5 (plasmid) [Escherichia coli]
UTO73078.1	NDM-5	270	Plasmid_associated	UTO73078.1 subclass B1 metallo-beta-lactamase NDM-5 (plasmid) [Escherichia coli]
UTO91926.1	NDM-5	270	Plasmid_associated	UTO91926.1 subclass B1 metallo-beta-lactamase NDM-5 (plasmid) [Escherichia coli]
UTO87343.1	NDM-5	270	Plasmid_associated	UTO87343.1 subclass B1 metallo-beta-lactamase NDM-5 (plasmid) [Escherichia coli]
UTO82815.1	NDM-5	270	Plasmid_associated	UTO82815.1 subclass B1 metallo-beta-lactamase NDM-5 (plasmid) [Escherichia coli]
UTP06058.1	NDM-5	270	Plasmid_associated	UTP06058.1 subclass B1 metallo-beta-lactamase NDM-5 (plasmid) [Escherichia coli]
UTO78021.1	NDM-5	270	Plasmid_associated	UTO78021.1 subclass B1 metallo-beta-lactamase NDM-5 (plasmid) [Escherichia coli]
UTP01308.1	NDM-5	270	Plasmid_associated	UTP01308.1 subclass B1 metallo-beta-lactamase NDM-5 (plasmid) [Escherichia coli]
UTP10752.1	NDM-5	270	Plasmid_associated	UTP10752.1 subclass B1 metallo-beta-lactamase NDM-5 (plasmid) [Escherichia coli]
UTP20771.1	NDM-5	270	Plasmid_associated	UTP20771.1 subclass B1 metallo-beta-lactamase NDM-5 (plasmid) [Escherichia coli]
UTY45332.1	NDM-5	270	Plasmid_associated	UTY45332.1 subclass B1 metallo-beta-lactamase NDM-5 (plasmid) [Escherichia coli]
UPG35691.1	NDM-5	270	Plasmid_associated	UPG35691.1 subclass B1 metallo-beta-lactamase NDM-5 (plasmid) [Klebsiella pneumoniae]
UPG35820.1	NDM-5	270	Plasmid_associated	UPG35820.1 subclass B1 metallo-beta-lactamase NDM-5 (plasmid) [Klebsiella pneumoniae]
UPQ41840.1	NDM-5	270	Plasmid_associated	UPQ41840.1 subclass B1 metallo-beta-lactamase NDM-5 (plasmid) [Klebsiella pneumoniae]
UPQ41979.1	NDM-5	270	Plasmid_associated	UPQ41979.1 subclass B1 metallo-beta-lactamase NDM-5 (plasmid) [Klebsiella pneumoniae]
UTY78015.1	NDM-5	270	Plasmid_associated	UTY78015.1 subclass B1 metallo-beta-lactamase NDM-5 (plasmid) [Escherichia coli]
UTY79237.1	NDM-5	270	Plasmid_associated	UTY79237.1 subclass B1 metallo-beta-lactamase NDM-5 (plasmid) [Escherichia coli]
UUD01506.1	NDM-5	270	Plasmid_associated	UUD01506.1 subclass B1 metallo-beta-lactamase NDM-5 (plasmid) [Escherichia coli]
UUF72692.1	NDM-5	270	Plasmid_associated	UUF72692.1 subclass B1 metallo-beta-lactamase NDM-5 (plasmid) [Escherichia coli]
UUV88042.1	NDM-5	270	Plasmid_associated	UUV88042.1 subclass B1 metallo-beta-lactamase NDM-5 (plasmid) [Klebsiella pneumoniae]
UVF97670.1	NDM-5	270	Plasmid_associated	UVF97670.1 subclass B1 metallo-beta-lactamase NDM-5 (plasmid) [Klebsiella pneumoniae]
UVG13662.1	NDM-5	270	Plasmid_associated	UVG13662.1 subclass B1 metallo-beta-lactamase NDM-5 (plasmid) [Klebsiella pneumoniae]
UVG18588.1	NDM-5	270	Plasmid_associated	UVG18588.1 subclass B1 metallo-beta-lactamase NDM-5 (plasmid) [Klebsiella pneumoniae]
UVG03203.1	NDM-5	270	Plasmid_associated	UVG03203.1 subclass B1 metallo-beta-lactamase NDM-5 (plasmid) [Klebsiella pneumoniae]
UVG08682.1	NDM-5	270	Plasmid_associated	UVG08682.1 subclass B1 metallo-beta-lactamase NDM-5 (plasmid) [Klebsiella pneumoniae]
UVG23695.1	NDM-5	270	Plasmid_associated	UVG23695.1 subclass B1 metallo-beta-lactamase NDM-5 (plasmid) [Klebsiella quasipneumoniae]
UVG28692.1	NDM-5	270	Plasmid_associated	UVG28692.1 subclass B1 metallo-beta-lactamase NDM-5 (plasmid) [Klebsiella quasipneumoniae]
UVG33751.1	NDM-5	270	Plasmid_associated	UVG33751.1 subclass B1 metallo-beta-lactamase NDM-5 (plasmid) [Klebsiella quasipneumoniae]
UVG40670.1	NDM-5	270	Plasmid_associated	UVG40670.1 subclass B1 metallo-beta-lactamase NDM-5 (plasmid) [Klebsiella quasipneumoniae]
UVI62094.1	NDM-5	270	Biological_protein	UVI62094.1 subclass B1 metallo-beta-lactamase NDM-5 [Klebsiella pneumoniae]
UVI62095.1	NDM-5	270	Biological_protein	UVI62095.1 subclass B1 metallo-beta-lactamase NDM-5 [Klebsiella pneumoniae]
UVI62096.1	NDM-5	270	Biological_protein	UVI62096.1 subclass B1 metallo-beta-lactamase NDM-5 [Klebsiella pneumoniae]
UVJ50737.1	NDM-5	270	Biological_protein	UVJ50737.1 subclass B1 metallo-beta-lactamase NDM-5 [Pseudomonas aeruginosa]
UVJ50741.1	NDM-5	270	Biological_protein	UVJ50741.1 subclass B1 metallo-beta-lactamase NDM-5 [Klebsiella pneumoniae]
UVN17596.1	NDM-5	270	Plasmid_associated	UVN17596.1 subclass B1 metallo-beta-lactamase NDM-5 (plasmid) [Escherichia coli]
UVT90835.1	NDM-5	270	Plasmid_associated	UVT90835.1 subclass B1 metallo-beta-lactamase NDM-5 (plasmid) [Klebsiella pneumoniae]
UWB07787.1	NDM-5	270	Plasmid_associated	UWB07787.1 subclass B1 metallo-beta-lactamase NDM-5 (plasmid) [Escherichia coli]
UWB16820.1	NDM-5	270	Plasmid_associated	UWB16820.1 subclass B1 metallo-beta-lactamase NDM-5 (plasmid) [Escherichia coli]
UWC34605.1	NDM-5	270	Plasmid_associated	UWC34605.1 subclass B1 metallo-beta-lactamase NDM-5 (plasmid) [Escherichia coli]
UWC34626.1	NDM-5	270	Plasmid_associated	UWC34626.1 subclass B1 metallo-beta-lactamase NDM-5 (plasmid) [Escherichia coli]
UWC34755.1	NDM-5	270	Plasmid_associated	UWC34755.1 subclass B1 metallo-beta-lactamase NDM-5 (plasmid) [Escherichia coli]
UWM15010.1	NDM-5	270	Plasmid_associated	UWM15010.1 subclass B1 metallo-beta-lactamase NDM-5 (plasmid) [Klebsiella pneumoniae]
UWM19721.1	NDM-5	270	Plasmid_associated	UWM19721.1 subclass B1 metallo-beta-lactamase NDM-5 (plasmid) [Klebsiella pneumoniae]
UWP75107.1	NDM-5	270	Plasmid_associated	UWP75107.1 subclass B1 metallo-beta-lactamase NDM-5 (plasmid) [Klebsiella pneumoniae]
UXI33421.1	NDM-5	270	Plasmid_associated	UXI33421.1 subclass B1 metallo-beta-lactamase NDM-5 (plasmid) [Escherichia coli]
UXI95897.1	NDM-5	270	Plasmid_associated	UXI95897.1 subclass B1 metallo-beta-lactamase NDM-5 (plasmid) [Escherichia coli]
UXO76265.1	NDM-5	270	Plasmid_associated	UXO76265.1 subclass B1 metallo-beta-lactamase NDM-5 (plasmid) [Klebsiella pneumoniae]
UXP70592.1	NDM-5	270	Biological_protein	UXP70592.1 subclass B1 metallo-beta-lactamase NDM-5 [Klebsiella pneumoniae]
UXP70593.1	NDM-5	270	Biological_protein	UXP70593.1 subclass B1 metallo-beta-lactamase NDM-5 [Klebsiella pneumoniae]
UXP70594.1	NDM-5	270	Biological_protein	UXP70594.1 subclass B1 metallo-beta-lactamase NDM-5 [Klebsiella pneumoniae]
UXP70595.1	NDM-5	270	Biological_protein	UXP70595.1 subclass B1 metallo-beta-lactamase NDM-5 [Klebsiella pneumoniae]
UXP70596.1	NDM-5	270	Biological_protein	UXP70596.1 subclass B1 metallo-beta-lactamase NDM-5 [Escherichia coli]
UXP70597.1	NDM-5	270	Biological_protein	UXP70597.1 subclass B1 metallo-beta-lactamase NDM-5 [Klebsiella pneumoniae]
UXP70598.1	NDM-5	270	Biological_protein	UXP70598.1 subclass B1 metallo-beta-lactamase NDM-5 [Klebsiella pneumoniae]
UXP70599.1	NDM-5	270	Biological_protein	UXP70599.1 subclass B1 metallo-beta-lactamase NDM-5 [Escherichia coli]
UXP70600.1	NDM-5	270	Biological_protein	UXP70600.1 subclass B1 metallo-beta-lactamase NDM-5 [Pseudomonas aeruginosa]
UXP70601.1	NDM-5	270	Biological_protein	UXP70601.1 subclass B1 metallo-beta-lactamase NDM-5 [Escherichia coli]
UXP70602.1	NDM-5	270	Biological_protein	UXP70602.1 subclass B1 metallo-beta-lactamase NDM-5 [Klebsiella pneumoniae]
UXP70603.1	NDM-5	270	Biological_protein	UXP70603.1 subclass B1 metallo-beta-lactamase NDM-5 [Enterobacter cloacae]
UXP70604.1	NDM-5	270	Biological_protein	UXP70604.1 subclass B1 metallo-beta-lactamase NDM-5 [Pseudomonas aeruginosa]
UXP70605.1	NDM-5	270	Biological_protein	UXP70605.1 subclass B1 metallo-beta-lactamase NDM-5 [Klebsiella pneumoniae]
UXP70606.1	NDM-5	270	Biological_protein	UXP70606.1 subclass B1 metallo-beta-lactamase NDM-5 [Klebsiella pneumoniae]
UXP70607.1	NDM-5	270	Biological_protein	UXP70607.1 subclass B1 metallo-beta-lactamase NDM-5 [Escherichia coli]
UXP70608.1	NDM-5	270	Biological_protein	UXP70608.1 subclass B1 metallo-beta-lactamase NDM-5 [Klebsiella pneumoniae]
UXP70609.1	NDM-5	270	Biological_protein	UXP70609.1 subclass B1 metallo-beta-lactamase NDM-5 [Escherichia coli]
UXP70610.1	NDM-5	270	Biological_protein	UXP70610.1 subclass B1 metallo-beta-lactamase NDM-5 [Klebsiella pneumoniae]
UXP70611.1	NDM-5	270	Biological_protein	UXP70611.1 subclass B1 metallo-beta-lactamase NDM-5 [Acinetobacter calcoaceticus]
UXP70612.1	NDM-5	270	Biological_protein	UXP70612.1 subclass B1 metallo-beta-lactamase NDM-5 [Klebsiella pneumoniae]
UXP70613.1	NDM-5	270	Biological_protein	UXP70613.1 subclass B1 metallo-beta-lactamase NDM-5 [Klebsiella pneumoniae]
UYD06423.1	NDM-5	270	Plasmid_associated	UYD06423.1 subclass B1 metallo-beta-lactamase NDM-5 (plasmid) [Klebsiella pneumoniae]
UYD13896.1	NDM-5	270	Plasmid_associated	UYD13896.1 subclass B1 metallo-beta-lactamase NDM-5 (plasmid) [Klebsiella pneumoniae]
UZD05333.1	NDM-5	270	Plasmid_associated	UZD05333.1 subclass B1 metallo-beta-lactamase NDM-5 (plasmid) [Salmonella enterica subsp. enterica serovar Typhimurium]
UZF63955.1	NDM-5	270	Plasmid_associated	UZF63955.1 subclass B1 metallo-beta-lactamase NDM-5 (plasmid) [Escherichia coli]
UZG89764.1	NDM-5	270	Plasmid_associated	UZG89764.1 subclass B1 metallo-beta-lactamase NDM-5 (plasmid) [Escherichia coli]
UZG89765.1	NDM-5	270	Plasmid_associated	UZG89765.1 subclass B1 metallo-beta-lactamase NDM-5 (plasmid) [Klebsiella pneumoniae subsp. pneumoniae]
UZG89768.1	NDM-5	270	Plasmid_associated	UZG89768.1 subclass B1 metallo-beta-lactamase NDM-5 (plasmid) [Escherichia coli]
UZG89777.1	NDM-5	270	Plasmid_associated	UZG89777.1 subclass B1 metallo-beta-lactamase NDM-5 (plasmid) [Klebsiella pneumoniae]
UZJ76753.1	NDM-5	270	Plasmid_associated	UZJ76753.1 subclass B1 metallo-beta-lactamase NDM-5 (plasmid) [Salmonella enterica subsp. enterica]
UZJ71789.1	NDM-5	270	Plasmid_associated	UZJ71789.1 subclass B1 metallo-beta-lactamase NDM-5 (plasmid) [Klebsiella pneumoniae]
UZR87751.1	NDM-5	270	Plasmid_associated	UZR87751.1 subclass B1 metallo-beta-lactamase NDM-5 (plasmid) [Escherichia coli]
WAN74067.1	NDM-5	270	Biological_protein	WAN74067.1 subclass B1 metallo-beta-lactamase NDM-5 [Enterobacter cloacae complex sp.]
WAN74068.1	NDM-5	270	Biological_protein	WAN74068.1 subclass B1 metallo-beta-lactamase NDM-5 [Enterobacter cloacae complex sp.]
WAN74076.1	NDM-5	270	Biological_protein	WAN74076.1 subclass B1 metallo-beta-lactamase NDM-5 [Enterobacter cloacae complex sp.]
WAN74080.1	NDM-5	270	Biological_protein	WAN74080.1 subclass B1 metallo-beta-lactamase NDM-5 [Enterobacter cloacae complex sp.]
WAN74084.1	NDM-5	270	Biological_protein	WAN74084.1 subclass B1 metallo-beta-lactamase NDM-5 [Enterobacter cloacae complex sp.]
WAN74085.1	NDM-5	270	Biological_protein	WAN74085.1 subclass B1 metallo-beta-lactamase NDM-5 [Enterobacter cloacae complex sp.]
WAN74093.1	NDM-5	270	Biological_protein	WAN74093.1 subclass B1 metallo-beta-lactamase NDM-5 [Enterobacter cloacae complex sp.]
WAN74094.1	NDM-5	270	Biological_protein	WAN74094.1 subclass B1 metallo-beta-lactamase NDM-5 [Enterobacter cloacae complex sp.]
WAN74097.1	NDM-5	270	Biological_protein	WAN74097.1 subclass B1 metallo-beta-lactamase NDM-5 [Enterobacter cloacae complex sp.]
WAN74098.1	NDM-5	270	Biological_protein	WAN74098.1 subclass B1 metallo-beta-lactamase NDM-5 [Enterobacter cloacae complex sp.]
BBJ88863.1	NDM-5	270	Plasmid_associated	BBJ88863.1 subclass B1 metallo-beta-lactamase NDM-5 (plasmid) [Klebsiella ornithinolytica]
WBD27704.1	NDM-5	270	Plasmid_associated	WBD27704.1 subclass B1 metallo-beta-lactamase NDM-5 (plasmid) [Escherichia coli]
WBD32315.1	NDM-5	270	Plasmid_associated	WBD32315.1 subclass B1 metallo-beta-lactamase NDM-5 (plasmid) [Escherichia coli]
WBD37003.1	NDM-5	270	Plasmid_associated	WBD37003.1 subclass B1 metallo-beta-lactamase NDM-5 (plasmid) [Escherichia coli]
WBD41546.1	NDM-5	270	Plasmid_associated	WBD41546.1 subclass B1 metallo-beta-lactamase NDM-5 (plasmid) [Escherichia coli]
WBZ65955.1	NDM-5	270	Plasmid_associated	WBZ65955.1 subclass B1 metallo-beta-lactamase NDM-5 (plasmid) [Escherichia coli]
WCB86341.1	NDM-5	270	Biological_protein	WCB86341.1 subclass B1 metallo-beta-lactamase NDM-5 [Vector pEGY_EC_13655]
WCF97520.1	NDM-5	270	Biological_protein	WCF97520.1 subclass B1 metallo-beta-lactamase NDM-5 [Klebsiella pneumoniae]
WCM76411.1	NDM-5	270	Plasmid_associated	WCM76411.1 subclass B1 metallo-beta-lactamase NDM-5 (plasmid) [Escherichia coli]
WCN36089.1	NDM-5	270	Plasmid_associated	WCN36089.1 subclass B1 metallo-beta-lactamase NDM-5 (plasmid) [Escherichia coli]
WDA85524.1	NDM-5	270	Plasmid_associated	WDA85524.1 subclass B1 metallo-beta-lactamase NDM-5 (plasmid) [Escherichia coli]
WDB22374.1	NDM-5	270	Plasmid_associated	WDB22374.1 subclass B1 metallo-beta-lactamase NDM-5 (plasmid) [Klebsiella pneumoniae]
WDC60747.1	NDM-5	270	Plasmid_associated	WDC60747.1 subclass B1 metallo-beta-lactamase NDM-5 (plasmid) [Klebsiella pneumoniae]
WEG02502.1	NDM-5	270	Plasmid_associated	WEG02502.1 subclass B1 metallo-beta-lactamase NDM-5 (plasmid) [Escherichia coli]
WEI74886.1	NDM-5	270	Plasmid_associated	WEI74886.1 subclass B1 metallo-beta-lactamase NDM-5 (plasmid) [Klebsiella pneumoniae]
WEI80192.1	NDM-5	270	Plasmid_associated	WEI80192.1 subclass B1 metallo-beta-lactamase NDM-5 (plasmid) [Klebsiella pneumoniae]
WFC09785.1	NDM-5	270	Biological_protein	WFC09785.1 subclass B1 metallo-beta-lactamase NDM-5 [Proteus mirabilis]
WFC48462.1	NDM-5	270	Plasmid_associated	WFC48462.1 subclass B1 metallo-beta-lactamase NDM-5 (plasmid) [Escherichia coli]
WGG77734.1	NDM-5	270	Plasmid_associated	WGG77734.1 subclass B1 metallo-beta-lactamase NDM-5 (plasmid) [Klebsiella pneumoniae subsp. pneumoniae]
WGG83281.1	NDM-5	270	Plasmid_associated	WGG83281.1 subclass B1 metallo-beta-lactamase NDM-5 (plasmid) [Klebsiella pneumoniae subsp. pneumoniae]
WGI94263.1	NDM-5	270	Plasmid_associated	WGI94263.1 subclass B1 metallo-beta-lactamase NDM-5 (plasmid) [Escherichia coli]
WGP40115.1	NDM-5	270	Plasmid_associated	WGP40115.1 subclass B1 metallo-beta-lactamase NDM-5 (plasmid) [Escherichia coli]
WGZ82409.1	NDM-5	270	Plasmid_associated	WGZ82409.1 subclass B1 metallo-beta-lactamase NDM-5 (plasmid) [Escherichia coli]
WGZ82413.1	NDM-5	270	Biological_protein	WGZ82413.1 subclass B1 metallo-beta-lactamase NDM-5 [Escherichia coli]
WGZ82414.1	NDM-5	270	Biological_protein	WGZ82414.1 subclass B1 metallo-beta-lactamase NDM-5 [Escherichia coli]
WGZ82415.1	NDM-5	270	Biological_protein	WGZ82415.1 subclass B1 metallo-beta-lactamase NDM-5 [Escherichia coli]
WGZ82416.1	NDM-5	270	Biological_protein	WGZ82416.1 subclass B1 metallo-beta-lactamase NDM-5 [Escherichia coli]
WGZ82417.1	NDM-5	270	Biological_protein	WGZ82417.1 subclass B1 metallo-beta-lactamase NDM-5 [Escherichia coli]
WHP24154.1	NDM-5	270	Plasmid_associated	WHP24154.1 subclass B1 metallo-beta-lactamase NDM-5 (plasmid) [Escherichia coli]
WHP29284.1	NDM-5	270	Plasmid_associated	WHP29284.1 subclass B1 metallo-beta-lactamase NDM-5 (plasmid) [Klebsiella pneumoniae]
WHS26595.1	NDM-5	270	Biological_protein	WHS26595.1 subclass B1 metallo-beta-lactamase NDM-5 [Escherichia coli]
WHS26596.1	NDM-5	270	Biological_protein	WHS26596.1 subclass B1 metallo-beta-lactamase NDM-5 [Escherichia coli]
WID60503.1	NDM-5	270	Plasmid_associated	WID60503.1 subclass B1 metallo-beta-lactamase NDM-5 (plasmid) [Escherichia coli]
WID46666.1	NDM-5	270	Plasmid_associated	WID46666.1 subclass B1 metallo-beta-lactamase NDM-5 (plasmid) [Escherichia coli]
WII45175.1	NDM-5	270	Plasmid_associated	WII45175.1 subclass B1 metallo-beta-lactamase NDM-5 (plasmid) [Escherichia coli]
WII55731.1	NDM-5	270	Plasmid_associated	WII55731.1 subclass B1 metallo-beta-lactamase NDM-5 (plasmid) [Escherichia coli]
WII65481.1	NDM-5	270	Plasmid_associated	WII65481.1 subclass B1 metallo-beta-lactamase NDM-5 (plasmid) [Klebsiella pneumoniae]
WII70159.1	NDM-5	270	Plasmid_associated	WII70159.1 subclass B1 metallo-beta-lactamase NDM-5 (plasmid) [Escherichia coli]
WIJ23236.1	NDM-5	270	Plasmid_associated	WIJ23236.1 subclass B1 metallo-beta-lactamase NDM-5 (plasmid) [Citrobacter freundii]
WJS48914.1	NDM-5	270	Plasmid_associated	WJS48914.1 subclass B1 metallo-beta-lactamase NDM-5 (plasmid) [Escherichia coli]
WJV16775.1	NDM-5	270	Plasmid_associated	WJV16775.1 subclass B1 metallo-beta-lactamase NDM-5 (plasmid) [Escherichia coli]
WKB01906.1	NDM-5	270	Plasmid_associated	WKB01906.1 subclass B1 metallo-beta-lactamase NDM-5 (plasmid) [Enterobacter hormaechei]
WKF62587.1	NDM-5	270	Biological_protein	WKF62587.1 subclass B1 metallo-beta-lactamase NDM-5 [Klebsiella pneumoniae]
WKF62588.1	NDM-5	270	Biological_protein	WKF62588.1 subclass B1 metallo-beta-lactamase NDM-5 [Klebsiella pneumoniae]
WKF62589.1	NDM-5	270	Biological_protein	WKF62589.1 subclass B1 metallo-beta-lactamase NDM-5 [Klebsiella pneumoniae]
WKF62590.1	NDM-5	270	Biological_protein	WKF62590.1 subclass B1 metallo-beta-lactamase NDM-5 [Klebsiella pneumoniae]
WKU30664.1	NDM-5	270	Plasmid_associated	WKU30664.1 subclass B1 metallo-beta-lactamase NDM-5 (plasmid) [Escherichia coli]
WKX32873.1	NDM-5	270	Plasmid_associated	WKX32873.1 subclass B1 metallo-beta-lactamase NDM-5 (plasmid) [Escherichia coli]
WKX38904.1	NDM-5	270	Plasmid_associated	WKX38904.1 subclass B1 metallo-beta-lactamase NDM-5 (plasmid) [Klebsiella pneumoniae subsp. pneumoniae]
WKX48900.1	NDM-5	270	Plasmid_associated	WKX48900.1 subclass B1 metallo-beta-lactamase NDM-5 (plasmid) [Klebsiella pneumoniae]
WKX83071.1	NDM-5	270	Plasmid_associated	WKX83071.1 subclass B1 metallo-beta-lactamase NDM-5 (plasmid) [Escherichia coli]
WKX87749.1	NDM-5	270	Plasmid_associated	WKX87749.1 subclass B1 metallo-beta-lactamase NDM-5 (plasmid) [Escherichia coli]
WLD45200.1	NDM-5	270	Plasmid_associated	WLD45200.1 subclass B1 metallo-beta-lactamase NDM-5 (plasmid) [Escherichia coli]
WLF37895.1	NDM-5	270	Plasmid_associated	WLF37895.1 subclass B1 metallo-beta-lactamase NDM-5 (plasmid) [Klebsiella pneumoniae]
WLP28662.1	NDM-5	270	Biological_protein	WLP28662.1 subclass B1 metallo-beta-lactamase NDM-5 [Escherichia coli]
WLP35851.1	NDM-5	270	Biological_protein	WLP35851.1 subclass B1 metallo-beta-lactamase NDM-5 [Escherichia coli]
WLP31018.1	NDM-5	270	Biological_protein	WLP31018.1 subclass B1 metallo-beta-lactamase NDM-5 [Escherichia coli]
WMJ63632.1	NDM-5	270	Plasmid_associated	WMJ63632.1 subclass B1 metallo-beta-lactamase NDM-5 (plasmid) [Escherichia coli]
CAI6215505.1	NDM-5	270	Biological_protein	CAI6215505.1 subclass B1 metallo-beta-lactamase NDM-5 [Klebsiella pneumoniae]
CAI6215530.1	NDM-5	270	Biological_protein	CAI6215530.1 subclass B1 metallo-beta-lactamase NDM-5 [Klebsiella pneumoniae]
WMS16618.1	NDM-5	270	Plasmid_associated	WMS16618.1 subclass B1 metallo-beta-lactamase NDM-5 (plasmid) [Escherichia coli]
WMY47703.1	NDM-5	270	Plasmid_associated	WMY47703.1 subclass B1 metallo-beta-lactamase NDM-5 (plasmid) [Escherichia coli]
WMZ17056.1	NDM-5	270	Biological_protein	WMZ17056.1 subclass B1 metallo-beta-lactamase NDM-5 [Escherichia coli]
WNE59819.1	NDM-5	270	Plasmid_associated	WNE59819.1 subclass B1 metallo-beta-lactamase NDM-5 (plasmid) [Klebsiella pneumoniae]
WNH24547.1	NDM-5	270	Biological_protein	WNH24547.1 metallo-beta-lactamase NDM-5 [Salmonella enterica]
WNT29572.1	NDM-5	270	Plasmid_associated	WNT29572.1 subclass B1 metallo-beta-lactamase NDM-5 (plasmid) [Escherichia coli]
WNT43640.1	NDM-5	270	Plasmid_associated	WNT43640.1 subclass B1 metallo-beta-lactamase NDM-5 (plasmid) [Escherichia coli]
WNT20137.1	NDM-5	270	Plasmid_associated	WNT20137.1 subclass B1 metallo-beta-lactamase NDM-5 (plasmid) [Klebsiella pneumoniae]
WNW47309.1	NDM-5	270	Plasmid_associated	WNW47309.1 subclass B1 metallo-beta-lactamase NDM-5 (plasmid) [Escherichia coli]
WNZ98570.1	NDM-5	270	Plasmid_associated	WNZ98570.1 Metallo-beta-lactamase, NDM-5 (plasmid) [Salmonella enterica subsp. enterica serovar Typhimurium]
WOK84201.1	NDM-5	270	Plasmid_associated	WOK84201.1 subclass B1 metallo-beta-lactamase NDM-5 (plasmid) [Escherichia coli]
WOQ06219.1	NDM-5	270	Plasmid_associated	WOQ06219.1 subclass B1 metallo-beta-lactamase NDM-5 (plasmid) [Citrobacter freundii]
WOU57466.1	NDM-5	270	Plasmid_associated	WOU57466.1 subclass B1 metallo-beta-lactamase NDM-5 (plasmid) [Klebsiella pneumoniae]
WOU86293.1	NDM-5	270	Plasmid_associated	WOU86293.1 subclass B1 metallo-beta-lactamase NDM-5 (plasmid) [Klebsiella pneumoniae]
WOU68919.1	NDM-5	270	Plasmid_associated	WOU68919.1 subclass B1 metallo-beta-lactamase NDM-5 (plasmid) [Klebsiella pneumoniae]
WOU80510.1	NDM-5	270	Plasmid_associated	WOU80510.1 subclass B1 metallo-beta-lactamase NDM-5 (plasmid) [Klebsiella pneumoniae]
WOU79951.1	NDM-5	270	Plasmid_associated	WOU79951.1 subclass B1 metallo-beta-lactamase NDM-5 (plasmid) [Klebsiella pneumoniae]
WOV07985.1	NDM-5	270	Plasmid_associated	WOV07985.1 subclass B1 metallo-beta-lactamase NDM-5 (plasmid) [Klebsiella pneumoniae]
WOU97325.1	NDM-5	270	Plasmid_associated	WOU97325.1 subclass B1 metallo-beta-lactamase NDM-5 (plasmid) [Klebsiella pneumoniae]
WOV19285.1	NDM-5	270	Plasmid_associated	WOV19285.1 subclass B1 metallo-beta-lactamase NDM-5 (plasmid) [Klebsiella pneumoniae]
WPA30869.1	NDM-5	270	Plasmid_associated	WPA30869.1 subclass B1 metallo-beta-lactamase NDM-5 (plasmid) [Klebsiella quasipneumoniae]
WPD73160.1	NDM-5	270	Biological_protein	WPD73160.1 subclass B1 metallo-beta-lactamase NDM-5 [Enterobacter cloacae complex sp.]
WPF10909.1	NDM-5	270	Plasmid_associated	WPF10909.1 subclass B1 metallo-beta-lactamase NDM-5 (plasmid) [Escherichia coli]
WPF45958.1	NDM-5	270	Biological_protein	WPF45958.1 subclass B1 metallo-beta-lactamase NDM-5 [Escherichia coli]
WPG47008.1	NDM-5	270	Plasmid_associated	WPG47008.1 subclass B1 metallo-beta-lactamase NDM-5 (plasmid) [Klebsiella pneumoniae subsp. pneumoniae]
WPG58275.1	NDM-5	270	Plasmid_associated	WPG58275.1 subclass B1 metallo-beta-lactamase NDM-5 (plasmid) [Klebsiella pneumoniae]
WPS01365.1	NDM-5	270	Plasmid_associated	WPS01365.1 subclass B1 metallo-beta-lactamase NDM-5 (plasmid) [Klebsiella aerogenes]
WPR96512.1	NDM-5	270	Plasmid_associated	WPR96512.1 subclass B1 metallo-beta-lactamase NDM-5 (plasmid) [Klebsiella aerogenes]
WPS35803.1	NDM-5	270	Plasmid_associated	WPS35803.1 subclass B1 metallo-beta-lactamase NDM-5 (plasmid) [Klebsiella aerogenes]
WPS40661.1	NDM-5	270	Plasmid_associated	WPS40661.1 subclass B1 metallo-beta-lactamase NDM-5 (plasmid) [Klebsiella aerogenes]
CAK6153039.1	NDM-5	270	Biological_protein	CAK6153039.1 subclass B1 metallo-beta-lactamase NDM-5 [Klebsiella pneumoniae]
CAK6451977.1	NDM-5	270	Biological_protein	CAK6451977.1 subclass B1 metallo-beta-lactamase NDM-5 [Klebsiella pneumoniae]
WPU72532.1	NDM-5	270	Plasmid_associated	WPU72532.1 subclass B1 metallo-beta-lactamase NDM-5 (plasmid) [Klebsiella pneumoniae]
CAK6590255.1	NDM-5	270	Biological_protein	CAK6590255.1 subclass B1 metallo-beta-lactamase NDM-5 [Klebsiella pneumoniae]
CAK6591277.1	NDM-5	270	Biological_protein	CAK6591277.1 subclass B1 metallo-beta-lactamase NDM-5 [Klebsiella pneumoniae]
CAK6594291.1	NDM-5	270	Biological_protein	CAK6594291.1 subclass B1 metallo-beta-lactamase NDM-5 [Klebsiella pneumoniae]
WQB81311.1	NDM-5	270	Plasmid_associated	WQB81311.1 subclass B1 metallo-beta-lactamase NDM-5 (plasmid) [Klebsiella pneumoniae subsp. pneumoniae]
WQH93021.1	NDM-5	270	Plasmid_associated	WQH93021.1 subclass B1 metallo-beta-lactamase NDM-5 (plasmid) [Escherichia coli]
WQI88829.1	NDM-5	270	Plasmid_associated	WQI88829.1 subclass B1 metallo-beta-lactamase NDM-5 (plasmid) [Klebsiella pneumoniae subsp. pneumoniae]
WQI89010.1	NDM-5	270	Plasmid_associated	WQI89010.1 subclass B1 metallo-beta-lactamase NDM-5 (plasmid) [Klebsiella pneumoniae subsp. pneumoniae]
WQK17576.1	NDM-5	270	Plasmid_associated	WQK17576.1 subclass B1 metallo-beta-lactamase NDM-5 (plasmid) [Escherichia coli]
WQK06540.1	NDM-5	270	Plasmid_associated	WQK06540.1 subclass B1 metallo-beta-lactamase NDM-5 (plasmid) [Klebsiella pneumoniae]
WQK00935.1	NDM-5	270	Plasmid_associated	WQK00935.1 subclass B1 metallo-beta-lactamase NDM-5 (plasmid) [Klebsiella pneumoniae]
WRI00620.1	NDM-5	270	Plasmid_associated	WRI00620.1 subclass B1 metallo-beta-lactamase NDM-5 (plasmid) [Klebsiella pneumoniae]
WRL01735.1	NDM-5	270	Plasmid_associated	WRL01735.1 subclass B1 metallo-beta-lactamase NDM-5 (plasmid) [Salmonella enterica subsp. enterica serovar London]
WRO83480.1	NDM-5	270	Plasmid_associated	WRO83480.1 subclass B1 metallo-beta-lactamase NDM-5 (plasmid) [Escherichia coli]
WRP56793.1	NDM-5	270	Plasmid_associated	WRP56793.1 subclass B1 metallo-beta-lactamase NDM-5 (plasmid) [Klebsiella pneumoniae]
WRP72089.1	NDM-5	270	Plasmid_associated	WRP72089.1 subclass B1 metallo-beta-lactamase NDM-5 (plasmid) [Klebsiella pneumoniae]
WRP46334.1	NDM-5	270	Plasmid_associated	WRP46334.1 subclass B1 metallo-beta-lactamase NDM-5 (plasmid) [Klebsiella pneumoniae]
WRQ38858.1	NDM-5	270	Plasmid_associated	WRQ38858.1 subclass B1 metallo-beta-lactamase NDM-5 (plasmid) [Escherichia coli]
WRR49993.1	NDM-5	270	Plasmid_associated	WRR49993.1 subclass B1 metallo-beta-lactamase NDM-5 (plasmid) [Klebsiella pneumoniae]
WRS21347.1	NDM-5	270	Plasmid_associated	WRS21347.1 subclass B1 metallo-beta-lactamase NDM-5 (plasmid) [Escherichia coli]
WRT20619.1	NDM-5	270	Plasmid_associated	WRT20619.1 subclass B1 metallo-beta-lactamase NDM-5 (plasmid) [Escherichia coli]
WRT43673.1	NDM-5	270	Plasmid_associated	WRT43673.1 subclass B1 metallo-beta-lactamase NDM-5 (plasmid) [Klebsiella pneumoniae]
WRT91290.1	NDM-5	270	Plasmid_associated	WRT91290.1 subclass B1 metallo-beta-lactamase NDM-5 (plasmid) [Klebsiella pneumoniae]
WRT91299.1	NDM-5	270	Plasmid_associated	WRT91299.1 subclass B1 metallo-beta-lactamase NDM-5 (plasmid) [Klebsiella pneumoniae]
WRU71482.1	NDM-5	270	Plasmid_associated	WRU71482.1 subclass B1 metallo-beta-lactamase NDM-5 (plasmid) [Escherichia coli]
WRX90037.1	NDM-5	270	Plasmid_associated	WRX90037.1 subclass B1 metallo-beta-lactamase NDM-5 (plasmid) [Escherichia coli]
WVG39552.1	NDM-5	270	Plasmid_associated	WVG39552.1 subclass B1 metallo-beta-lactamase NDM-5 (plasmid) [Escherichia coli]
WVG49373.1	NDM-5	270	Plasmid_associated	WVG49373.1 subclass B1 metallo-beta-lactamase NDM-5 (plasmid) [Escherichia coli]
WVG44456.1	NDM-5	270	Plasmid_associated	WVG44456.1 subclass B1 metallo-beta-lactamase NDM-5 (plasmid) [Escherichia coli]
WVG54363.1	NDM-5	270	Plasmid_associated	WVG54363.1 subclass B1 metallo-beta-lactamase NDM-5 (plasmid) [Escherichia coli]
WVG63618.1	NDM-5	270	Plasmid_associated	WVG63618.1 subclass B1 metallo-beta-lactamase NDM-5 (plasmid) [Escherichia coli]
WVG58918.1	NDM-5	270	Plasmid_associated	WVG58918.1 subclass B1 metallo-beta-lactamase NDM-5 (plasmid) [Escherichia coli]
WVG73286.1	NDM-5	270	Plasmid_associated	WVG73286.1 subclass B1 metallo-beta-lactamase NDM-5 (plasmid) [Escherichia coli]
WVG68521.1	NDM-5	270	Plasmid_associated	WVG68521.1 subclass B1 metallo-beta-lactamase NDM-5 (plasmid) [Escherichia coli]
WVG77989.1	NDM-5	270	Plasmid_associated	WVG77989.1 subclass B1 metallo-beta-lactamase NDM-5 (plasmid) [Escherichia coli]
WVG83327.1	NDM-5	270	Plasmid_associated	WVG83327.1 subclass B1 metallo-beta-lactamase NDM-5 (plasmid) [Klebsiella pneumoniae]
WVG93874.1	NDM-5	270	Plasmid_associated	WVG93874.1 subclass B1 metallo-beta-lactamase NDM-5 (plasmid) [Escherichia coli]
WVJ44660.1	NDM-5	270	Plasmid_associated	WVJ44660.1 subclass B1 metallo-beta-lactamase NDM-5 (plasmid) [Serratia marcescens]
WVR83012.1	NDM-5	270	Plasmid_associated	WVR83012.1 subclass B1 metallo-beta-lactamase NDM-5 (plasmid) [Escherichia coli]
WVR88515.1	NDM-5	270	Plasmid_associated	WVR88515.1 subclass B1 metallo-beta-lactamase NDM-5 (plasmid) [Klebsiella pneumoniae]
WVR93873.1	NDM-5	270	Plasmid_associated	WVR93873.1 subclass B1 metallo-beta-lactamase NDM-5 (plasmid) [Klebsiella pneumoniae]
WVR99095.1	NDM-5	270	Plasmid_associated	WVR99095.1 subclass B1 metallo-beta-lactamase NDM-5 (plasmid) [Klebsiella pneumoniae]
WWM85649.1	NDM-5	270	Plasmid_associated	WWM85649.1 subclass B1 metallo-beta-lactamase NDM-5 (plasmid) [Klebsiella pneumoniae]
WWX12350.1	NDM-5	270	Plasmid_associated	WWX12350.1 subclass B1 metallo-beta-lactamase NDM-5 (plasmid) [Escherichia coli]
CAL0390063.1	NDM-5	270	Biological_protein	CAL0390063.1 subclass B1 metallo-beta-lactamase NDM-5 [Klebsiella pneumoniae]
CAL0389073.1	NDM-5	270	Biological_protein	CAL0389073.1 subclass B1 metallo-beta-lactamase NDM-5 [Klebsiella pneumoniae]
WYI08961.1	NDM-5	270	Plasmid_associated	WYI08961.1 subclass B1 metallo-beta-lactamase NDM-5 (plasmid) [Escherichia coli]
WYI29119.1	NDM-5	270	Plasmid_associated	WYI29119.1 subclass B1 metallo-beta-lactamase NDM-5 (plasmid) [Shigella sonnei]
WYI47591.1	NDM-5	270	Plasmid_associated	WYI47591.1 subclass B1 metallo-beta-lactamase NDM-5 (plasmid) [Klebsiella pneumoniae]
WYI95470.1	NDM-5	270	Plasmid_associated	WYI95470.1 subclass B1 metallo-beta-lactamase NDM-5 (plasmid) [Escherichia coli]
WYK74137.1	NDM-5	270	Plasmid_associated	WYK74137.1 subclass B1 metallo-beta-lactamase NDM-5 (plasmid) [Klebsiella pneumoniae]
WYK87948.1	NDM-5	270	Plasmid_associated	WYK87948.1 subclass B1 metallo-beta-lactamase NDM-5 (plasmid) [Escherichia coli]
XAL97758.1	NDM-5	270	Plasmid_associated	XAL97758.1 subclass B1 metallo-beta-lactamase NDM-5 (plasmid) [Escherichia coli]
XAN30294.1	NDM-5	270	Plasmid_associated	XAN30294.1 subclass B1 metallo-beta-lactamase NDM-5 (plasmid) [Klebsiella pneumoniae]
XAN35432.1	NDM-5	270	Plasmid_associated	XAN35432.1 subclass B1 metallo-beta-lactamase NDM-5 (plasmid) [Klebsiella pneumoniae]
XAN35751.1	NDM-5	270	Plasmid_associated	XAN35751.1 subclass B1 metallo-beta-lactamase NDM-5 (plasmid) [Klebsiella pneumoniae]
XAN36230.1	NDM-5	270	Plasmid_associated	XAN36230.1 subclass B1 metallo-beta-lactamase NDM-5 (plasmid) [Klebsiella pneumoniae]
XAN36367.1	NDM-5	270	Plasmid_associated	XAN36367.1 subclass B1 metallo-beta-lactamase NDM-5 (plasmid) [Klebsiella pneumoniae]
XAN36383.1	NDM-5	270	Plasmid_associated	XAN36383.1 subclass B1 metallo-beta-lactamase NDM-5 (plasmid) [Klebsiella pneumoniae]
XBE11292.1	NDM-5	270	Plasmid_associated	XBE11292.1 subclass B1 metallo-beta-lactamase NDM-5 (plasmid) [Enterobacter hormaechei]
XBE18103.1	NDM-5	270	Plasmid_associated	XBE18103.1 subclass B1 metallo-beta-lactamase NDM-5 (plasmid) [Klebsiella pneumoniae]
XBJ70192.1	NDM-5	270	Plasmid_associated	XBJ70192.1 subclass B1 metallo-beta-lactamase NDM-5 (plasmid) [Escherichia coli]
XBJ80021.1	NDM-5	270	Plasmid_associated	XBJ80021.1 subclass B1 metallo-beta-lactamase NDM-5 (plasmid) [Escherichia coli]
XBJ55406.1	NDM-5	270	Plasmid_associated	XBJ55406.1 subclass B1 metallo-beta-lactamase NDM-5 (plasmid) [Klebsiella pneumoniae]
XBJ65411.1	NDM-5	270	Plasmid_associated	XBJ65411.1 subclass B1 metallo-beta-lactamase NDM-5 (plasmid) [Klebsiella pneumoniae]
XBJ75259.1	NDM-5	270	Plasmid_associated	XBJ75259.1 subclass B1 metallo-beta-lactamase NDM-5 (plasmid) [Klebsiella pneumoniae]
XBK53217.1	NDM-5	270	Plasmid_associated	XBK53217.1 subclass B1 metallo-beta-lactamase NDM-5 (plasmid) [Escherichia coli]
XBO04271.1	NDM-5	270	Biological_protein	XBO04271.1 subclass B1 metallo-beta-lactamase NDM-5 [Klebsiella pneumoniae]
XBO05575.1	NDM-5	270	Plasmid_associated	XBO05575.1 subclass B1 metallo-beta-lactamase NDM-5 (plasmid) [Klebsiella pneumoniae]
XBP90544.1	NDM-5	270	Plasmid_associated	XBP90544.1 subclass B1 metallo-beta-lactamase NDM-5 (plasmid) [Klebsiella pneumoniae]
XBR09818.1	NDM-5	270	Plasmid_associated	XBR09818.1 subclass B1 metallo-beta-lactamase NDM-5 (plasmid) [Escherichia coli]
XBU27404.1	NDM-5	270	Plasmid_associated	XBU27404.1 subclass B1 metallo-beta-lactamase NDM-5 (plasmid) [Escherichia coli]
XBU27412.1	NDM-5	270	Plasmid_associated	XBU27412.1 subclass B1 metallo-beta-lactamase NDM-5 (plasmid) [Escherichia coli]
XBU27421.1	NDM-5	270	Plasmid_associated	XBU27421.1 subclass B1 metallo-beta-lactamase NDM-5 (plasmid) [Escherichia coli]
XBV07962.1	NDM-5	270	Plasmid_associated	XBV07962.1 subclass B1 metallo-beta-lactamase NDM-5 (plasmid) [Escherichia coli]
XBU99251.1	NDM-5	270	Plasmid_associated	XBU99251.1 subclass B1 metallo-beta-lactamase NDM-5 (plasmid) [Escherichia coli]
XBW92591.1	NDM-5	270	Plasmid_associated	XBW92591.1 subclass B1 metallo-beta-lactamase NDM-5 (plasmid) [Escherichia coli]
XBW87507.1	NDM-5	270	Plasmid_associated	XBW87507.1 subclass B1 metallo-beta-lactamase NDM-5 (plasmid) [Escherichia coli]
XBX21645.1	NDM-5	270	Plasmid_associated	XBX21645.1 subclass B1 metallo-beta-lactamase NDM-5 (plasmid) [Escherichia coli]
XBX44767.1	NDM-5	270	Plasmid_associated	XBX44767.1 subclass B1 metallo-beta-lactamase NDM-5 (plasmid) [Escherichia coli]
XBX44775.1	NDM-5	270	Plasmid_associated	XBX44775.1 subclass B1 metallo-beta-lactamase NDM-5 (plasmid) [Escherichia coli]
XBX44783.1	NDM-5	270	Plasmid_associated	XBX44783.1 subclass B1 metallo-beta-lactamase NDM-5 (plasmid) [Escherichia coli]
XBX44791.1	NDM-5	270	Plasmid_associated	XBX44791.1 subclass B1 metallo-beta-lactamase NDM-5 (plasmid) [Escherichia coli]
XBX39937.1	NDM-5	270	Plasmid_associated	XBX39937.1 subclass B1 metallo-beta-lactamase NDM-5 (plasmid) [Escherichia coli]
XBX49518.1	NDM-5	270	Plasmid_associated	XBX49518.1 subclass B1 metallo-beta-lactamase NDM-5 (plasmid) [Escherichia coli]
XBX64041.1	NDM-5	270	Plasmid_associated	XBX64041.1 subclass B1 metallo-beta-lactamase NDM-5 (plasmid) [Escherichia coli]
XBX59238.1	NDM-5	270	Plasmid_associated	XBX59238.1 subclass B1 metallo-beta-lactamase NDM-5 (plasmid) [Escherichia coli]
XCD24745.1	NDM-5	270	Plasmid_associated	XCD24745.1 Beta-lactamase NDM-5 (plasmid) [Enterobacter hormaechei]
XCI54539.1	NDM-5	270	Plasmid_associated	XCI54539.1 subclass B1 metallo-beta-lactamase NDM-5 (plasmid) [Klebsiella pneumoniae]
XCQ31744.1	NDM-5	270	Plasmid_associated	XCQ31744.1 subclass B1 metallo-beta-lactamase NDM-5 (plasmid) [Escherichia coli]
XCQ93384.1	NDM-5	270	Plasmid_associated	XCQ93384.1 subclass B1 metallo-beta-lactamase NDM-5 (plasmid) [Escherichia coli]
XDL36654.1	NDM-5	270	Plasmid_associated	XDL36654.1 subclass B1 metallo-beta-lactamase NDM-5 (plasmid) [Salmonella enterica subsp. enterica]
XDM48066.1	NDM-5	270	Plasmid_associated	XDM48066.1 subclass B1 metallo-beta-lactamase NDM-5 (plasmid) [Klebsiella pneumoniae]
XDM42736.1	NDM-5	270	Plasmid_associated	XDM42736.1 subclass B1 metallo-beta-lactamase NDM-5 (plasmid) [Escherichia coli]
XDM88472.1	NDM-5	270	Plasmid_associated	XDM88472.1 subclass B1 metallo-beta-lactamase NDM-5 (plasmid) [Escherichia coli]
XDN02230.1	NDM-5	270	Plasmid_associated	XDN02230.1 subclass B1 metallo-beta-lactamase NDM-5 (plasmid) [Escherichia coli]
XDN06311.1	NDM-5	270	Plasmid_associated	XDN06311.1 subclass B1 metallo-beta-lactamase NDM-5 (plasmid) [Escherichia coli]
XDN06317.1	NDM-5	270	Plasmid_associated	XDN06317.1 subclass B1 metallo-beta-lactamase NDM-5 (plasmid) [Escherichia coli]
XDN06324.1	NDM-5	270	Plasmid_associated	XDN06324.1 subclass B1 metallo-beta-lactamase NDM-5 (plasmid) [Escherichia coli]
XDN21336.1	NDM-5	270	Plasmid_associated	XDN21336.1 subclass B1 metallo-beta-lactamase NDM-5 (plasmid) [Escherichia coli]
XDN51397.1	NDM-5	270	Plasmid_associated	XDN51397.1 subclass B1 metallo-beta-lactamase NDM-5 (plasmid) [Escherichia coli]
XEA80808.1	NDM-5	270	Plasmid_associated	XEA80808.1 subclass B1 metallo-beta-lactamase NDM-5 (plasmid) [Escherichia coli]
XEC15468.1	NDM-5	270	Plasmid_associated	XEC15468.1 subclass B1 metallo-beta-lactamase NDM-5 (plasmid) [Klebsiella pneumoniae]
XEC20980.1	NDM-5	270	Plasmid_associated	XEC20980.1 subclass B1 metallo-beta-lactamase NDM-5 (plasmid) [Klebsiella pneumoniae]
XEC43248.1	NDM-5	270	Plasmid_associated	XEC43248.1 subclass B1 metallo-beta-lactamase NDM-5 (plasmid) [Klebsiella pneumoniae]
XED52385.1	NDM-5	270	Plasmid_associated	XED52385.1 subclass B1 metallo-beta-lactamase NDM-5 (plasmid) [Klebsiella michiganensis]
XEE51591.1	NDM-5	270	Plasmid_associated	XEE51591.1 subclass B1 metallo-beta-lactamase NDM-5 (plasmid) [Klebsiella pneumoniae]
XEL76944.1	NDM-5	270	Plasmid_associated	XEL76944.1 subclass B1 metallo-beta-lactamase NDM-5 (plasmid) [Escherichia coli]
XEL72061.1	NDM-5	270	Plasmid_associated	XEL72061.1 subclass B1 metallo-beta-lactamase NDM-5 (plasmid) [Escherichia coli]
XES07480.1	NDM-5	270	Plasmid_associated	XES07480.1 subclass B1 metallo-beta-lactamase NDM-5 (plasmid) [Klebsiella pneumoniae]
XES19643.1	NDM-5	270	Biological_protein	XES19643.1 subclass B1 metallo-beta-lactamase NDM-5 [Klebsiella pneumoniae]
XES27556.1	NDM-5	270	Plasmid_associated	XES27556.1 subclass B1 metallo-beta-lactamase NDM-5 (plasmid) [Klebsiella pneumoniae]
XES38551.1	NDM-5	270	Plasmid_associated	XES38551.1 subclass B1 metallo-beta-lactamase NDM-5 (plasmid) [Klebsiella pneumoniae]
XFB04465.1	NDM-5	270	Plasmid_associated	XFB04465.1 subclass B1 metallo-beta-lactamase NDM-5 (plasmid) [Escherichia coli]
XFE40725.1	NDM-5	270	Biological_protein	XFE40725.1 subclass B1 metallo-beta-lactamase NDM-5 [Escherichia coli]
XDP82834.1	NDM-5	270	Plasmid_associated	XDP82834.1 subclass B1 metallo-beta-lactamase NDM-5 (plasmid) [Escherichia coli O102:H6]
XDP91589.1	NDM-5	270	Plasmid_associated	XDP91589.1 subclass B1 metallo-beta-lactamase NDM-5 (plasmid) [Escherichia coli]
XDP91804.1	NDM-5	270	Plasmid_associated	XDP91804.1 subclass B1 metallo-beta-lactamase NDM-5 (plasmid) [Escherichia coli]
XGA07855.1	NDM-5	270	Plasmid_associated	XGA07855.1 subclass B1 metallo-beta-lactamase NDM-5 (plasmid) [Klebsiella pneumoniae]
XGJ34504.1	NDM-5	270	Plasmid_associated	XGJ34504.1 subclass B1 metallo-beta-lactamase NDM-5 (plasmid) [Klebsiella pneumoniae]
XGJ44905.1	NDM-5	270	Plasmid_associated	XGJ44905.1 subclass B1 metallo-beta-lactamase NDM-5 (plasmid) [Klebsiella pneumoniae]
XGJ56267.1	NDM-5	270	Plasmid_associated	XGJ56267.1 subclass B1 metallo-beta-lactamase NDM-5 (plasmid) [Klebsiella pneumoniae]
XGJ69275.1	NDM-5	270	Plasmid_associated	XGJ69275.1 subclass B1 metallo-beta-lactamase NDM-5 (plasmid) [Klebsiella pneumoniae]
XGP94582.1	NDM-5	270	Plasmid_associated	XGP94582.1 subclass B1 metallo-beta-lactamase NDM-5 (plasmid) [Escherichia coli]
XGQ02073.1	NDM-5	270	Biological_protein	XGQ02073.1 subclass B1 metallo-beta-lactamase NDM-5 [Escherichia coli]
XGQ27820.1	NDM-5	270	Plasmid_associated	XGQ27820.1 subclass B1 metallo-beta-lactamase NDM-5 (plasmid) [Escherichia coli]
XGQ23335.1	NDM-5	270	Plasmid_associated	XGQ23335.1 subclass B1 metallo-beta-lactamase NDM-5 (plasmid) [Escherichia coli]
XGQ32428.1	NDM-5	270	Plasmid_associated	XGQ32428.1 subclass B1 metallo-beta-lactamase NDM-5 (plasmid) [Escherichia coli]
XGQ46274.1	NDM-5	270	Plasmid_associated	XGQ46274.1 subclass B1 metallo-beta-lactamase NDM-5 (plasmid) [Escherichia coli]
XGQ14159.1	NDM-5	270	Plasmid_associated	XGQ14159.1 subclass B1 metallo-beta-lactamase NDM-5 (plasmid) [Escherichia coli]
XGQ37009.1	NDM-5	270	Plasmid_associated	XGQ37009.1 subclass B1 metallo-beta-lactamase NDM-5 (plasmid) [Escherichia coli]
XGQ64686.1	NDM-5	270	Plasmid_associated	XGQ64686.1 subclass B1 metallo-beta-lactamase NDM-5 (plasmid) [Escherichia coli]
XHB57149.1	NDM-5	270	Plasmid_associated	XHB57149.1 subclass B1 metallo-beta-lactamase NDM-5 (plasmid) [Klebsiella pneumoniae]
XHK01658.1	NDM-5	270	Plasmid_associated	XHK01658.1 subclass B1 metallo-beta-lactamase NDM-5 (plasmid) [Escherichia coli]
XHK01775.1	NDM-5	270	Plasmid_associated	XHK01775.1 subclass B1 metallo-beta-lactamase NDM-5 (plasmid) [Klebsiella pneumoniae subsp. pneumoniae]
XHK02022.1	NDM-5	270	Plasmid_associated	XHK02022.1 subclass B1 metallo-beta-lactamase NDM-5 (plasmid) [Klebsiella pneumoniae subsp. pneumoniae]
XHK02397.1	NDM-5	270	Plasmid_associated	XHK02397.1 subclass B1 metallo-beta-lactamase NDM-5 (plasmid) [Klebsiella pneumoniae subsp. pneumoniae]
XHR72612.1	NDM-5	270	Plasmid_associated	XHR72612.1 subclass B1 metallo-beta-lactamase NDM-5 (plasmid) [Escherichia coli]
XHT97857.1	NDM-5	270	Plasmid_associated	XHT97857.1 subclass B1 metallo-beta-lactamase NDM-5 (plasmid) [Escherichia coli]
XEE46359.1	NDM-5	270	Plasmid_associated	XEE46359.1 subclass B1 metallo-beta-lactamase NDM-5 (plasmid) [Escherichia coli]
XJC65765.1	NDM-5	270	Plasmid_associated	XJC65765.1 subclass B1 metallo-beta-lactamase NDM-5 (plasmid) [Klebsiella pneumoniae]
XJZ16928.1	NDM-5	270	Plasmid_associated	XJZ16928.1 subclass B1 metallo-beta-lactamase NDM-5 (plasmid) [Klebsiella pneumoniae]
CAL6811679.1	NDM-5	270	Plasmid_associated	CAL6811679.1 subclass B1 metallo-beta-lactamase NDM-5 (plasmid) [Escherichia coli]
XKM64822.1	NDM-5	270	Plasmid_associated	XKM64822.1 subclass B1 metallo-beta-lactamase NDM-5 (plasmid) [Escherichia coli]
XKM69495.1	NDM-5	270	Plasmid_associated	XKM69495.1 subclass B1 metallo-beta-lactamase NDM-5 (plasmid) [Escherichia coli]
XKM83766.1	NDM-5	270	Plasmid_associated	XKM83766.1 subclass B1 metallo-beta-lactamase NDM-5 (plasmid) [Escherichia coli]
XKM59336.1	NDM-5	270	Plasmid_associated	XKM59336.1 subclass B1 metallo-beta-lactamase NDM-5 (plasmid) [Klebsiella pneumoniae]
XKM83883.1	NDM-5	270	Plasmid_associated	XKM83883.1 subclass B1 metallo-beta-lactamase NDM-5 (plasmid) [Escherichia coli]
XKN13815.1	NDM-5	270	Plasmid_associated	XKN13815.1 subclass B1 metallo-beta-lactamase NDM-5 (plasmid) [Escherichia coli]
XKN18456.1	NDM-5	270	Plasmid_associated	XKN18456.1 subclass B1 metallo-beta-lactamase NDM-5 (plasmid) [Escherichia coli]
XKN32533.1	NDM-5	270	Plasmid_associated	XKN32533.1 subclass B1 metallo-beta-lactamase NDM-5 (plasmid) [Escherichia coli]
XKN13579.1	NDM-5	270	Plasmid_associated	XKN13579.1 subclass B1 metallo-beta-lactamase NDM-5 (plasmid) [Escherichia coli]
XKM99011.1	NDM-5	270	Plasmid_associated	XKM99011.1 subclass B1 metallo-beta-lactamase NDM-5 (plasmid) [Escherichia coli]
XKN23278.1	NDM-5	270	Plasmid_associated	XKN23278.1 subclass B1 metallo-beta-lactamase NDM-5 (plasmid) [Escherichia coli]
XKM93714.1	NDM-5	270	Plasmid_associated	XKM93714.1 subclass B1 metallo-beta-lactamase NDM-5 (plasmid) [Klebsiella pneumoniae]
XKN37528.1	NDM-5	270	Plasmid_associated	XKN37528.1 subclass B1 metallo-beta-lactamase NDM-5 (plasmid) [Escherichia coli]
XKN51906.1	NDM-5	270	Plasmid_associated	XKN51906.1 subclass B1 metallo-beta-lactamase NDM-5 (plasmid) [Escherichia coli]
XKN37401.1	NDM-5	270	Plasmid_associated	XKN37401.1 subclass B1 metallo-beta-lactamase NDM-5 (plasmid) [Escherichia coli]
XKN46820.1	NDM-5	270	Plasmid_associated	XKN46820.1 subclass B1 metallo-beta-lactamase NDM-5 (plasmid) [Escherichia coli]
XKN80542.1	NDM-5	270	Plasmid_associated	XKN80542.1 subclass B1 metallo-beta-lactamase NDM-5 (plasmid) [Escherichia coli]
XKN52127.1	NDM-5	270	Plasmid_associated	XKN52127.1 subclass B1 metallo-beta-lactamase NDM-5 (plasmid) [Escherichia coli]
XKN65738.1	NDM-5	270	Plasmid_associated	XKN65738.1 subclass B1 metallo-beta-lactamase NDM-5 (plasmid) [Escherichia coli]
XKN61015.1	NDM-5	270	Plasmid_associated	XKN61015.1 subclass B1 metallo-beta-lactamase NDM-5 (plasmid) [Escherichia coli]
XKN75566.1	NDM-5	270	Plasmid_associated	XKN75566.1 subclass B1 metallo-beta-lactamase NDM-5 (plasmid) [Escherichia coli]
XKN77183.1	NDM-5	270	Plasmid_associated	XKN77183.1 subclass B1 metallo-beta-lactamase NDM-5 (plasmid) [Escherichia coli]
XKN70972.1	NDM-5	270	Plasmid_associated	XKN70972.1 subclass B1 metallo-beta-lactamase NDM-5 (plasmid) [Escherichia coli]
XKN89585.1	NDM-5	270	Plasmid_associated	XKN89585.1 subclass B1 metallo-beta-lactamase NDM-5 (plasmid) [Escherichia coli]
XKO04224.1	NDM-5	270	Plasmid_associated	XKO04224.1 subclass B1 metallo-beta-lactamase NDM-5 (plasmid) [Escherichia coli]
XKO09169.1	NDM-5	270	Plasmid_associated	XKO09169.1 subclass B1 metallo-beta-lactamase NDM-5 (plasmid) [Escherichia coli]
XKN94565.1	NDM-5	270	Plasmid_associated	XKN94565.1 subclass B1 metallo-beta-lactamase NDM-5 (plasmid) [Escherichia coli]
XKO09280.1	NDM-5	270	Plasmid_associated	XKO09280.1 subclass B1 metallo-beta-lactamase NDM-5 (plasmid) [Escherichia coli]
XKO13818.1	NDM-5	270	Plasmid_associated	XKO13818.1 subclass B1 metallo-beta-lactamase NDM-5 (plasmid) [Escherichia coli]
XKO38025.1	NDM-5	270	Plasmid_associated	XKO38025.1 subclass B1 metallo-beta-lactamase NDM-5 (plasmid) [Escherichia coli]
XKO48499.1	NDM-5	270	Plasmid_associated	XKO48499.1 subclass B1 metallo-beta-lactamase NDM-5 (plasmid) [Escherichia coli]
XKO42977.1	NDM-5	270	Plasmid_associated	XKO42977.1 subclass B1 metallo-beta-lactamase NDM-5 (plasmid) [Klebsiella pneumoniae]
XKO43172.1	NDM-5	270	Plasmid_associated	XKO43172.1 subclass B1 metallo-beta-lactamase NDM-5 (plasmid) [Klebsiella pneumoniae]
XKO28661.1	NDM-5	270	Plasmid_associated	XKO28661.1 subclass B1 metallo-beta-lactamase NDM-5 (plasmid) [Escherichia coli]
XKV44461.1	NDM-5	270	Plasmid_associated	XKV44461.1 subclass B1 metallo-beta-lactamase NDM-5 (plasmid) [Klebsiella michiganensis]
XLC57167.1	NDM-5	270	Plasmid_associated	XLC57167.1 subclass B1 metallo-beta-lactamase NDM-5 (plasmid) [Klebsiella pneumoniae]
XLC72578.1	NDM-5	270	Plasmid_associated	XLC72578.1 subclass B1 metallo-beta-lactamase NDM-5 (plasmid) [Klebsiella pneumoniae]
XLC99614.1	NDM-5	270	Plasmid_associated	XLC99614.1 subclass B1 metallo-beta-lactamase NDM-5 (plasmid) [Enterobacter hormaechei]
XLD15833.1	NDM-5	270	Plasmid_associated	XLD15833.1 subclass B1 metallo-beta-lactamase NDM-5 (plasmid) [Klebsiella pneumoniae]
XLD20733.1	NDM-5	270	Plasmid_associated	XLD20733.1 subclass B1 metallo-beta-lactamase NDM-5 (plasmid) [Escherichia coli]
XLD25150.1	NDM-5	270	Plasmid_associated	XLD25150.1 subclass B1 metallo-beta-lactamase NDM-5 (plasmid) [Escherichia coli]
XLD34746.1	NDM-5	270	Plasmid_associated	XLD34746.1 subclass B1 metallo-beta-lactamase NDM-5 (plasmid) [Klebsiella pneumoniae]
XLD45823.1	NDM-5	270	Plasmid_associated	XLD45823.1 subclass B1 metallo-beta-lactamase NDM-5 (plasmid) [Klebsiella pneumoniae]
XMC04236.1	NDM-5	270	Plasmid_associated	XMC04236.1 subclass B1 metallo-beta-lactamase NDM-5 (plasmid) [Klebsiella pneumoniae]
XMC04259.1	NDM-5	270	Plasmid_associated	XMC04259.1 subclass B1 metallo-beta-lactamase NDM-5 (plasmid) [Klebsiella pneumoniae]
XMC20769.1	NDM-5	270	Plasmid_associated	XMC20769.1 subclass B1 metallo-beta-lactamase NDM-5 (plasmid) [Klebsiella pneumoniae]
XMC36878.1	NDM-5	270	Plasmid_associated	XMC36878.1 subclass B1 metallo-beta-lactamase NDM-5 (plasmid) [Klebsiella pneumoniae]
XMC15372.1	NDM-5	270	Plasmid_associated	XMC15372.1 subclass B1 metallo-beta-lactamase NDM-5 (plasmid) [Klebsiella pneumoniae]
XMC09754.1	NDM-5	270	Plasmid_associated	XMC09754.1 subclass B1 metallo-beta-lactamase NDM-5 (plasmid) [Klebsiella pneumoniae]
XMC09844.1	NDM-5	270	Plasmid_associated	XMC09844.1 subclass B1 metallo-beta-lactamase NDM-5 (plasmid) [Klebsiella pneumoniae]
XMC47644.1	NDM-5	270	Plasmid_associated	XMC47644.1 subclass B1 metallo-beta-lactamase NDM-5 (plasmid) [Klebsiella pneumoniae]
XMC58466.1	NDM-5	270	Plasmid_associated	XMC58466.1 subclass B1 metallo-beta-lactamase NDM-5 (plasmid) [Klebsiella pneumoniae]
XMC53119.1	NDM-5	270	Plasmid_associated	XMC53119.1 subclass B1 metallo-beta-lactamase NDM-5 (plasmid) [Klebsiella pneumoniae]
XMF22841.1	NDM-5	270	Plasmid_associated	XMF22841.1 subclass B1 metallo-beta-lactamase NDM-5 (plasmid) [Klebsiella pneumoniae]
XMF33628.1	NDM-5	270	Plasmid_associated	XMF33628.1 subclass B1 metallo-beta-lactamase NDM-5 (plasmid) [Klebsiella pneumoniae]
XNP31239.1	NDM-5	270	Plasmid_associated	XNP31239.1 subclass B1 metallo-beta-lactamase NDM-5 (plasmid) [Klebsiella pneumoniae]
XNP78888.1	NDM-5	270	Plasmid_associated	XNP78888.1 subclass B1 metallo-beta-lactamase NDM-5 (plasmid) [Klebsiella pneumoniae]
XNR82698.1	NDM-5	270	Plasmid_associated	XNR82698.1 subclass B1 metallo-beta-lactamase NDM-5 (plasmid) [Escherichia fergusonii]
XNY80889.1	NDM-5	270	Plasmid_associated	XNY80889.1 Metallo-beta-lactamase, NDM-5 (plasmid) [Salmonella enterica subsp. enterica]
XNY80893.1	NDM-5	270	Plasmid_associated	XNY80893.1 Metallo-beta-lactamase, NDM-5 (plasmid) [Salmonella enterica subsp. enterica]
XOG25793.1	NDM-5	270	Plasmid_associated	XOG25793.1 subclass B1 metallo-beta-lactamase NDM-5 (plasmid) [Klebsiella pneumoniae]
XOG39897.1	NDM-5	270	Plasmid_associated	XOG39897.1 subclass B1 metallo-beta-lactamase NDM-5 (plasmid) [Escherichia coli]
XOH30391.1	NDM-5	270	Plasmid_associated	XOH30391.1 subclass B1 metallo-beta-lactamase NDM-5 (plasmid) [Klebsiella pneumoniae]
XOH35813.1	NDM-5	270	Plasmid_associated	XOH35813.1 subclass B1 metallo-beta-lactamase NDM-5 (plasmid) [Klebsiella pneumoniae]
XOH40942.1	NDM-5	270	Plasmid_associated	XOH40942.1 subclass B1 metallo-beta-lactamase NDM-5 (plasmid) [Klebsiella pneumoniae]
XOH46424.1	NDM-5	270	Plasmid_associated	XOH46424.1 subclass B1 metallo-beta-lactamase NDM-5 (plasmid) [Klebsiella pneumoniae]
XOH52227.1	NDM-5	270	Plasmid_associated	XOH52227.1 subclass B1 metallo-beta-lactamase NDM-5 (plasmid) [Klebsiella pneumoniae]
XOH57923.1	NDM-5	270	Plasmid_associated	XOH57923.1 subclass B1 metallo-beta-lactamase NDM-5 (plasmid) [Klebsiella pneumoniae]
XOH63396.1	NDM-5	270	Plasmid_associated	XOH63396.1 subclass B1 metallo-beta-lactamase NDM-5 (plasmid) [Klebsiella pneumoniae]
XOH68447.1	NDM-5	270	Plasmid_associated	XOH68447.1 subclass B1 metallo-beta-lactamase NDM-5 (plasmid) [Klebsiella pneumoniae]
XOH74108.1	NDM-5	270	Plasmid_associated	XOH74108.1 subclass B1 metallo-beta-lactamase NDM-5 (plasmid) [Klebsiella pneumoniae]
XOH85238.1	NDM-5	270	Plasmid_associated	XOH85238.1 subclass B1 metallo-beta-lactamase NDM-5 (plasmid) [Klebsiella pneumoniae]
WYL92399.1	NDM-5	270	Plasmid_associated	WYL92399.1 subclass B1 metallo-beta-lactamase NDM-5 (plasmid) [Klebsiella pneumoniae]
XOT88165.1	NDM-5	270	Biological_protein	XOT88165.1 subclass B1 metallo-beta-lactamase NDM-5 [Escherichia coli]
XOT88166.1	NDM-5	270	Biological_protein	XOT88166.1 subclass B1 metallo-beta-lactamase NDM-5 [Escherichia coli]
XPA42662.1	NDM-5	270	Plasmid_associated	XPA42662.1 subclass B1 metallo-beta-lactamase NDM-5 (plasmid) [Escherichia coli]
XPI68019.1	NDM-5	270	Plasmid_associated	XPI68019.1 subclass B1 metallo-beta-lactamase NDM-5 (plasmid) [Klebsiella pneumoniae]
XPI84405.1	NDM-5	270	Plasmid_associated	XPI84405.1 subclass B1 metallo-beta-lactamase NDM-5 (plasmid) [Klebsiella pneumoniae]
XPJ13007.1	NDM-5	270	Plasmid_associated	XPJ13007.1 subclass B1 metallo-beta-lactamase NDM-5 (plasmid) [Escherichia coli]
XPJ23559.1	NDM-5	270	Plasmid_associated	XPJ23559.1 subclass B1 metallo-beta-lactamase NDM-5 (plasmid) [Klebsiella ornithinolytica]
XPJ34200.1	NDM-5	270	Plasmid_associated	XPJ34200.1 subclass B1 metallo-beta-lactamase NDM-5 (plasmid) [Citrobacter freundii]
XPJ29272.1	NDM-5	270	Plasmid_associated	XPJ29272.1 subclass B1 metallo-beta-lactamase NDM-5 (plasmid) [Klebsiella pneumoniae]
XPK75065.1	NDM-5	270	Plasmid_associated	XPK75065.1 subclass B1 metallo-beta-lactamase NDM-5 (plasmid) [Enterobacter hormaechei]
XPL82902.1	NDM-5	270	Plasmid_associated	XPL82902.1 subclass B1 metallo-beta-lactamase NDM-5 (plasmid) [Escherichia coli]
XPL97931.1	NDM-5	270	Plasmid_associated	XPL97931.1 subclass B1 metallo-beta-lactamase NDM-5 (plasmid) [Escherichia coli]
XPL92820.1	NDM-5	270	Plasmid_associated	XPL92820.1 subclass B1 metallo-beta-lactamase NDM-5 (plasmid) [Escherichia coli]
XPM18135.1	NDM-5	270	Plasmid_associated	XPM18135.1 subclass B1 metallo-beta-lactamase NDM-5 (plasmid) [Escherichia coli]
XPM03338.1	NDM-5	270	Plasmid_associated	XPM03338.1 subclass B1 metallo-beta-lactamase NDM-5 (plasmid) [Escherichia coli]
XPM27832.1	NDM-5	270	Plasmid_associated	XPM27832.1 subclass B1 metallo-beta-lactamase NDM-5 (plasmid) [Escherichia coli]
XPM23284.1	NDM-5	270	Plasmid_associated	XPM23284.1 subclass B1 metallo-beta-lactamase NDM-5 (plasmid) [Escherichia coli]
XPM75703.1	NDM-5	270	Plasmid_associated	XPM75703.1 subclass B1 metallo-beta-lactamase NDM-5 (plasmid) [Klebsiella pneumoniae]
XPM81062.1	NDM-5	270	Plasmid_associated	XPM81062.1 subclass B1 metallo-beta-lactamase NDM-5 (plasmid) [Klebsiella pneumoniae]
XPN12474.1	NDM-5	270	Biological_protein	XPN12474.1 subclass B1 metallo-beta-lactamase NDM-5 [Klebsiella pneumoniae]
XPN18149.1	NDM-5	270	Plasmid_associated	XPN18149.1 subclass B1 metallo-beta-lactamase NDM-5 (plasmid) [Escherichia coli]
XPQ97977.1	NDM-5	270	Plasmid_associated	XPQ97977.1 subclass B1 metallo-beta-lactamase NDM-5 (plasmid) [Escherichia coli]
XPR36540.1	NDM-5	270	Plasmid_associated	XPR36540.1 subclass B1 metallo-beta-lactamase NDM-5 (plasmid) [Escherichia coli]
XPR36654.1	NDM-5	270	Plasmid_associated	XPR36654.1 subclass B1 metallo-beta-lactamase NDM-5 (plasmid) [Escherichia coli]
XQC57914.1	NDM-5	270	Plasmid_associated	XQC57914.1 subclass B1 metallo-beta-lactamase NDM-5 (plasmid) [Escherichia coli]
CAM7136772.1	NDM-5	270	Biological_protein	CAM7136772.1 subclass B1 metallo-beta-lactamase NDM-5 [Escherichia coli]
XQL66589.1	NDM-5	270	Plasmid_associated	XQL66589.1 subclass B1 metallo-beta-lactamase NDM-5 (plasmid) [Escherichia coli]
XQL57972.1	NDM-5	270	Plasmid_associated	XQL57972.1 subclass B1 metallo-beta-lactamase NDM-5 (plasmid) [Escherichia coli]
XQL58880.1	NDM-5	270	Plasmid_associated	XQL58880.1 subclass B1 metallo-beta-lactamase NDM-5 (plasmid) [Escherichia coli]
XQL49713.1	NDM-5	270	Plasmid_associated	XQL49713.1 subclass B1 metallo-beta-lactamase NDM-5 (plasmid) [Escherichia coli]
XQL41266.1	NDM-5	270	Plasmid_associated	XQL41266.1 subclass B1 metallo-beta-lactamase NDM-5 (plasmid) [Escherichia coli]
XQX28854.1	NDM-5	270	Biological_protein	XQX28854.1 subclass B1 metallo-beta-lactamase NDM-5 [Klebsiella pneumoniae]
XQX32339.1	NDM-5	270	Biological_protein	XQX32339.1 subclass B1 metallo-beta-lactamase NDM-5 [Klebsiella pneumoniae]
XQX37576.1	NDM-5	270	Biological_protein	XQX37576.1 subclass B1 metallo-beta-lactamase NDM-5 [Klebsiella pneumoniae]
XQX41453.1	NDM-5	270	Biological_protein	XQX41453.1 subclass B1 metallo-beta-lactamase NDM-5 [Klebsiella pneumoniae]
XQX48067.1	NDM-5	270	Biological_protein	XQX48067.1 subclass B1 metallo-beta-lactamase NDM-5 [Klebsiella pneumoniae]
XQX59085.1	NDM-5	270	Biological_protein	XQX59085.1 subclass B1 metallo-beta-lactamase NDM-5 [Klebsiella pneumoniae]
XQX52870.1	NDM-5	270	Biological_protein	XQX52870.1 subclass B1 metallo-beta-lactamase NDM-5 [Klebsiella pneumoniae]
XQX68898.1	NDM-5	270	Biological_protein	XQX68898.1 subclass B1 metallo-beta-lactamase NDM-5 [Klebsiella pneumoniae]
XQX64465.1	NDM-5	270	Biological_protein	XQX64465.1 subclass B1 metallo-beta-lactamase NDM-5 [Klebsiella pneumoniae]
XQX73106.1	NDM-5	270	Biological_protein	XQX73106.1 subclass B1 metallo-beta-lactamase NDM-5 [Klebsiella pneumoniae]
XQX81023.1	NDM-5	270	Biological_protein	XQX81023.1 subclass B1 metallo-beta-lactamase NDM-5 [Klebsiella pneumoniae]
XQX86631.1	NDM-5	270	Biological_protein	XQX86631.1 subclass B1 metallo-beta-lactamase NDM-5 [Klebsiella pneumoniae]
XQX92031.1	NDM-5	270	Biological_protein	XQX92031.1 subclass B1 metallo-beta-lactamase NDM-5 [Klebsiella pneumoniae]
XQX97476.1	NDM-5	270	Biological_protein	XQX97476.1 subclass B1 metallo-beta-lactamase NDM-5 [Klebsiella pneumoniae]
XQY08037.1	NDM-5	270	Biological_protein	XQY08037.1 subclass B1 metallo-beta-lactamase NDM-5 [Klebsiella pneumoniae]
XQY02647.1	NDM-5	270	Biological_protein	XQY02647.1 subclass B1 metallo-beta-lactamase NDM-5 [Klebsiella pneumoniae]
XQY10688.1	NDM-5	270	Biological_protein	XQY10688.1 subclass B1 metallo-beta-lactamase NDM-5 [Klebsiella pneumoniae]
XQY18514.1	NDM-5	270	Biological_protein	XQY18514.1 subclass B1 metallo-beta-lactamase NDM-5 [Klebsiella pneumoniae]
XQY39143.1	NDM-5	270	Biological_protein	XQY39143.1 subclass B1 metallo-beta-lactamase NDM-5 [Klebsiella pneumoniae]
XQY33238.1	NDM-5	270	Biological_protein	XQY33238.1 subclass B1 metallo-beta-lactamase NDM-5 [Klebsiella pneumoniae]
XQY44383.1	NDM-5	270	Biological_protein	XQY44383.1 subclass B1 metallo-beta-lactamase NDM-5 [Klebsiella pneumoniae]
XQY49844.1	NDM-5	270	Biological_protein	XQY49844.1 subclass B1 metallo-beta-lactamase NDM-5 [Klebsiella pneumoniae]
XQY55336.1	NDM-5	270	Biological_protein	XQY55336.1 subclass B1 metallo-beta-lactamase NDM-5 [Klebsiella pneumoniae]
XRC34351.1	NDM-5	270	Plasmid_associated	XRC34351.1 subclass B1 metallo-beta-lactamase NDM-5 (plasmid) [Klebsiella pneumoniae]
XRC34425.1	NDM-5	270	Plasmid_associated	XRC34425.1 subclass B1 metallo-beta-lactamase NDM-5 (plasmid) [Klebsiella pneumoniae]
XRC34095.1	NDM-5	270	Plasmid_associated	XRC34095.1 subclass B1 metallo-beta-lactamase NDM-5 (plasmid) [Klebsiella pneumoniae]
XRY79359.1	NDM-5	270	Plasmid_associated	XRY79359.1 subclass B1 metallo-beta-lactamase NDM-5 (plasmid) [Escherichia coli]
XRZ68842.1	NDM-5	270	Plasmid_associated	XRZ68842.1 subclass B1 metallo-beta-lactamase NDM-5 (plasmid) [Escherichia coli]
XTM19577.1	NDM-5	270	Plasmid_associated	XTM19577.1 subclass B1 metallo-beta-lactamase NDM-5 (plasmid) [Escherichia coli]
XTM29405.1	NDM-5	270	Plasmid_associated	XTM29405.1 subclass B1 metallo-beta-lactamase NDM-5 (plasmid) [Escherichia coli]
XTM14046.1	NDM-5	270	Plasmid_associated	XTM14046.1 subclass B1 metallo-beta-lactamase NDM-5 (plasmid) [Escherichia coli]
XTM94135.1	NDM-5	270	Plasmid_associated	XTM94135.1 subclass B1 metallo-beta-lactamase NDM-5 (plasmid) [Escherichia coli]
XTN55515.1	NDM-5	270	Plasmid_associated	XTN55515.1 subclass B1 metallo-beta-lactamase NDM-5 (plasmid) [Escherichia coli]
XTN59507.1	NDM-5	270	Biological_protein	XTN59507.1 subclass B1 metallo-beta-lactamase NDM-5 [Klebsiella pneumoniae]
XTN60828.1	NDM-5	270	Plasmid_associated	XTN60828.1 subclass B1 metallo-beta-lactamase NDM-5 (plasmid) [Klebsiella pneumoniae]
XTN65507.1	NDM-5	270	Plasmid_associated	XTN65507.1 subclass B1 metallo-beta-lactamase NDM-5 (plasmid) [Escherichia coli]
XTN70347.1	NDM-5	270	Plasmid_associated	XTN70347.1 subclass B1 metallo-beta-lactamase NDM-5 (plasmid) [Escherichia coli]
XTN75797.1	NDM-5	270	Plasmid_associated	XTN75797.1 subclass B1 metallo-beta-lactamase NDM-5 (plasmid) [Klebsiella pneumoniae]
XTN87759.1	NDM-5	270	Plasmid_associated	XTN87759.1 subclass B1 metallo-beta-lactamase NDM-5 (plasmid) [Escherichia coli]
XTN93234.1	NDM-5	270	Plasmid_associated	XTN93234.1 subclass B1 metallo-beta-lactamase NDM-5 (plasmid) [Klebsiella pneumoniae]
XTN93238.1	NDM-5	270	Plasmid_associated	XTN93238.1 subclass B1 metallo-beta-lactamase NDM-5 (plasmid) [Klebsiella pneumoniae]
XTO02708.1	NDM-5	270	Plasmid_associated	XTO02708.1 subclass B1 metallo-beta-lactamase NDM-5 (plasmid) [Enterobacter hormaechei]
XTO07153.1	NDM-5	270	Plasmid_associated	XTO07153.1 subclass B1 metallo-beta-lactamase NDM-5 (plasmid) [Escherichia coli]
XTO07298.1	NDM-5	270	Plasmid_associated	XTO07298.1 subclass B1 metallo-beta-lactamase NDM-5 (plasmid) [Escherichia coli]
XTO07311.1	NDM-5	270	Plasmid_associated	XTO07311.1 subclass B1 metallo-beta-lactamase NDM-5 (plasmid) [Escherichia coli]
XTO07324.1	NDM-5	270	Plasmid_associated	XTO07324.1 subclass B1 metallo-beta-lactamase NDM-5 (plasmid) [Escherichia coli]
XTO17703.1	NDM-5	270	Plasmid_associated	XTO17703.1 subclass B1 metallo-beta-lactamase NDM-5 (plasmid) [Klebsiella pneumoniae]
XTO28695.1	NDM-5	270	Plasmid_associated	XTO28695.1 subclass B1 metallo-beta-lactamase NDM-5 (plasmid) [Klebsiella pneumoniae]
XTO40423.1	NDM-5	270	Plasmid_associated	XTO40423.1 subclass B1 metallo-beta-lactamase NDM-5 (plasmid) [Klebsiella pneumoniae]
XTO46034.1	NDM-5	270	Plasmid_associated	XTO46034.1 subclass B1 metallo-beta-lactamase NDM-5 (plasmid) [Klebsiella pneumoniae]
XTO50698.1	NDM-5	270	Plasmid_associated	XTO50698.1 subclass B1 metallo-beta-lactamase NDM-5 (plasmid) [Escherichia coli]
XTO55285.1	NDM-5	270	Plasmid_associated	XTO55285.1 subclass B1 metallo-beta-lactamase NDM-5 (plasmid) [Escherichia coli]
XTQ46671.1	NDM-5	270	Plasmid_associated	XTQ46671.1 subclass B1 metallo-beta-lactamase NDM-5 (plasmid) [Klebsiella pneumoniae]
XTQ51510.1	NDM-5	270	Plasmid_associated	XTQ51510.1 subclass B1 metallo-beta-lactamase NDM-5 (plasmid) [Klebsiella pneumoniae]
XTQ41712.1	NDM-5	270	Plasmid_associated	XTQ41712.1 subclass B1 metallo-beta-lactamase NDM-5 (plasmid) [Klebsiella pneumoniae]
XUE20583.1	NDM-5	270	Plasmid_associated	XUE20583.1 subclass B1 metallo-beta-lactamase NDM-5 (plasmid) [Klebsiella pneumoniae]
XUH88827.1	NDM-5	270	Plasmid_associated	XUH88827.1 subclass B1 metallo-beta-lactamase NDM-5 (plasmid) [Escherichia coli]
XUI49077.1	NDM-5	270	Plasmid_associated	XUI49077.1 subclass B1 metallo-beta-lactamase NDM-5 (plasmid) [Enterobacter hormaechei subsp. xiangfangensis]
XUI58794.1	NDM-5	270	Plasmid_associated	XUI58794.1 subclass B1 metallo-beta-lactamase NDM-5 (plasmid) [Klebsiella quasipneumoniae]
XUO98325.1	NDM-5	270	Plasmid_associated	XUO98325.1 subclass B1 metallo-beta-lactamase NDM-5 (plasmid) [Escherichia coli]
XUO93876.1	NDM-5	270	Plasmid_associated	XUO93876.1 subclass B1 metallo-beta-lactamase NDM-5 (plasmid) [Escherichia coli]
XUQ23837.1	NDM-5	270	Plasmid_associated	XUQ23837.1 subclass B1 metallo-beta-lactamase NDM-5 (plasmid) [Escherichia coli]
XUS88700.1	NDM-5	270	Plasmid_associated	XUS88700.1 subclass B1 metallo-beta-lactamase NDM-5 (plasmid) [Klebsiella pneumoniae]
XUS94080.1	NDM-5	270	Plasmid_associated	XUS94080.1 subclass B1 metallo-beta-lactamase NDM-5 (plasmid) [Klebsiella pneumoniae]
XUT37680.1	NDM-5	270	Plasmid_associated	XUT37680.1 subclass B1 metallo-beta-lactamase NDM-5 (plasmid) [Klebsiella pneumoniae]
XUZ66574.1	NDM-5	270	Plasmid_associated	XUZ66574.1 subclass B1 metallo-beta-lactamase NDM-5 (plasmid) [Klebsiella pneumoniae]
XUZ61228.1	NDM-5	270	Plasmid_associated	XUZ61228.1 subclass B1 metallo-beta-lactamase NDM-5 (plasmid) [Klebsiella pneumoniae]
XVA61474.1	NDM-5	270	Plasmid_associated	XVA61474.1 subclass B1 metallo-beta-lactamase NDM-5 (plasmid) [Klebsiella pneumoniae]
XVA71649.1	NDM-5	270	Plasmid_associated	XVA71649.1 subclass B1 metallo-beta-lactamase NDM-5 (plasmid) [Enterobacter hormaechei]
XVA76878.1	NDM-5	270	Plasmid_associated	XVA76878.1 subclass B1 metallo-beta-lactamase NDM-5 (plasmid) [Klebsiella pneumoniae]
XVA82386.1	NDM-5	270	Plasmid_associated	XVA82386.1 subclass B1 metallo-beta-lactamase NDM-5 (plasmid) [Klebsiella pneumoniae]
XVA87324.1	NDM-5	270	Plasmid_associated	XVA87324.1 subclass B1 metallo-beta-lactamase NDM-5 (plasmid) [Escherichia coli]
XVA92476.1	NDM-5	270	Plasmid_associated	XVA92476.1 subclass B1 metallo-beta-lactamase NDM-5 (plasmid) [Klebsiella pneumoniae]
XVA97829.1	NDM-5	270	Plasmid_associated	XVA97829.1 subclass B1 metallo-beta-lactamase NDM-5 (plasmid) [Klebsiella pneumoniae]
XVB13146.1	NDM-5	270	Plasmid_associated	XVB13146.1 subclass B1 metallo-beta-lactamase NDM-5 (plasmid) [Klebsiella pneumoniae]
XVB24056.1	NDM-5	270	Plasmid_associated	XVB24056.1 subclass B1 metallo-beta-lactamase NDM-5 (plasmid) [Klebsiella pneumoniae]
XVB29831.1	NDM-5	270	Plasmid_associated	XVB29831.1 subclass B1 metallo-beta-lactamase NDM-5 (plasmid) [Citrobacter koseri]
XVB35930.1	NDM-5	270	Plasmid_associated	XVB35930.1 subclass B1 metallo-beta-lactamase NDM-5 (plasmid) [Klebsiella pneumoniae]
XVB35937.1	NDM-5	270	Plasmid_associated	XVB35937.1 subclass B1 metallo-beta-lactamase NDM-5 (plasmid) [Klebsiella pneumoniae]
XVB35944.1	NDM-5	270	Plasmid_associated	XVB35944.1 subclass B1 metallo-beta-lactamase NDM-5 (plasmid) [Klebsiella pneumoniae]
XVB41338.1	NDM-5	270	Plasmid_associated	XVB41338.1 subclass B1 metallo-beta-lactamase NDM-5 (plasmid) [Klebsiella pneumoniae]
XVB64979.1	NDM-5	270	Plasmid_associated	XVB64979.1 subclass B1 metallo-beta-lactamase NDM-5 (plasmid) [Klebsiella pneumoniae]
XVB70526.1	NDM-5	270	Plasmid_associated	XVB70526.1 subclass B1 metallo-beta-lactamase NDM-5 (plasmid) [Klebsiella pneumoniae]
XVB76319.1	NDM-5	270	Plasmid_associated	XVB76319.1 subclass B1 metallo-beta-lactamase NDM-5 (plasmid) [Klebsiella pneumoniae]
XVB81942.1	NDM-5	270	Plasmid_associated	XVB81942.1 subclass B1 metallo-beta-lactamase NDM-5 (plasmid) [Klebsiella pneumoniae]
XVB88044.1	NDM-5	270	Plasmid_associated	XVB88044.1 subclass B1 metallo-beta-lactamase NDM-5 (plasmid) [Escherichia coli]
XVD84297.1	NDM-5	270	Plasmid_associated	XVD84297.1 subclass B1 metallo-beta-lactamase NDM-5 (plasmid) [Enterobacter hormaechei subsp. xiangfangensis]
XWN65449.1	NDM-5	270	Plasmid_associated	XWN65449.1 subclass B1 metallo-beta-lactamase NDM-5 (plasmid) [Salmonella enterica subsp. enterica serovar London]
XWN93093.1	NDM-5	270	Plasmid_associated	XWN93093.1 subclass B1 metallo-beta-lactamase NDM-5 (plasmid) [Escherichia coli]
XXH41512.1	NDM-5	270	Plasmid_associated	XXH41512.1 subclass B1 metallo-beta-lactamase NDM-5 (plasmid) [Escherichia coli]
XXH32063.1	NDM-5	270	Plasmid_associated	XXH32063.1 subclass B1 metallo-beta-lactamase NDM-5 (plasmid) [Escherichia coli]
XXH46292.1	NDM-5	270	Plasmid_associated	XXH46292.1 subclass B1 metallo-beta-lactamase NDM-5 (plasmid) [Escherichia coli]
XXH36818.1	NDM-5	270	Plasmid_associated	XXH36818.1 subclass B1 metallo-beta-lactamase NDM-5 (plasmid) [Escherichia coli]
XXI19110.1	NDM-5	270	Plasmid_associated	XXI19110.1 subclass B1 metallo-beta-lactamase NDM-5 (plasmid) [Escherichia coli]
XXL11439.1	NDM-5	270	Plasmid_associated	XXL11439.1 subclass B1 metallo-beta-lactamase NDM-5 (plasmid) [Escherichia coli]
XXO03493.1	NDM-5	270	Plasmid_associated	XXO03493.1 subclass B1 metallo-beta-lactamase NDM-5 (plasmid) [Escherichia coli]
XXO08393.1	NDM-5	270	Plasmid_associated	XXO08393.1 subclass B1 metallo-beta-lactamase NDM-5 (plasmid) [Escherichia coli]
XXP82121.1	NDM-5	270	Plasmid_associated	XXP82121.1 subclass B1 metallo-beta-lactamase NDM-5 (plasmid) [Escherichia coli]
XXP87345.1	NDM-5	270	Plasmid_associated	XXP87345.1 subclass B1 metallo-beta-lactamase NDM-5 (plasmid) [Escherichia coli]
XYA73129.1	NDM-5	270	Plasmid_associated	XYA73129.1 subclass B1 metallo-beta-lactamase NDM-5 (plasmid) [Enterobacter hormaechei]
XYA92026.1	NDM-5	270	Biological_protein	XYA92026.1 subclass B1 metallo-beta-lactamase NDM-5 [Escherichia coli]
XYA88935.1	NDM-5	270	Plasmid_associated	XYA88935.1 subclass B1 metallo-beta-lactamase NDM-5 (plasmid) [Escherichia coli]
XYA84082.1	NDM-5	270	Plasmid_associated	XYA84082.1 subclass B1 metallo-beta-lactamase NDM-5 (plasmid) [Escherichia coli]
XYA68412.1	NDM-5	270	Plasmid_associated	XYA68412.1 subclass B1 metallo-beta-lactamase NDM-5 (plasmid) [Klebsiella pneumoniae]
XYA79183.1	NDM-5	270	Plasmid_associated	XYA79183.1 subclass B1 metallo-beta-lactamase NDM-5 (plasmid) [Klebsiella oxytoca]
XYA99773.1	NDM-5	270	Plasmid_associated	XYA99773.1 subclass B1 metallo-beta-lactamase NDM-5 (plasmid) [Citrobacter freundii]
XYF28063.1	NDM-5	270	Plasmid_associated	XYF28063.1 subclass B1 metallo-beta-lactamase NDM-5 (plasmid) [Escherichia coli]
XYF47219.1	NDM-5	270	Plasmid_associated	XYF47219.1 subclass B1 metallo-beta-lactamase NDM-5 (plasmid) [Escherichia coli]
XYF71284.1	NDM-5	270	Plasmid_associated	XYF71284.1 subclass B1 metallo-beta-lactamase NDM-5 (plasmid) [Escherichia coli]
XYF61722.1	NDM-5	270	Plasmid_associated	XYF61722.1 subclass B1 metallo-beta-lactamase NDM-5 (plasmid) [Escherichia coli]
XYG00975.1	NDM-5	270	Plasmid_associated	XYG00975.1 subclass B1 metallo-beta-lactamase NDM-5 (plasmid) [Escherichia coli]
XYT99010.1	NDM-5	270	Biological_protein	XYT99010.1 subclass B1 metallo-beta-lactamase NDM-5 [Escherichia coli]
XYZ87164.1	NDM-5	270	Plasmid_associated	XYZ87164.1 subclass B1 metallo-beta-lactamase NDM-5 (plasmid) [Salmonella enterica subsp. enterica serovar Typhi]
BHD10093.1	NDM-5	270	Plasmid_associated	BHD10093.1 subclass B1 metallo-beta-lactamase NDM-5 (plasmid) [Escherichia coli]
YAA53689.1	NDM-5	270	Biological_protein	YAA53689.1 subclass B1 metallo-beta-lactamase NDM-5 [Escherichia coli]
YAA53690.1	NDM-5	270	Biological_protein	YAA53690.1 subclass B1 metallo-beta-lactamase NDM-5 [Klebsiella pneumoniae]
YAA53691.1	NDM-5	270	Biological_protein	YAA53691.1 subclass B1 metallo-beta-lactamase NDM-5 [Klebsiella pneumoniae]
YAA53692.1	NDM-5	270	Biological_protein	YAA53692.1 subclass B1 metallo-beta-lactamase NDM-5 [Acinetobacter baumannii]
YAB51686.1	NDM-5	270	Plasmid_associated	YAB51686.1 subclass B1 metallo-beta-lactamase NDM-5 (plasmid) [Escherichia coli]
YAB52089.1	NDM-5	270	Plasmid_associated	YAB52089.1 subclass B1 metallo-beta-lactamase NDM-5 (plasmid) [Escherichia coli]
YAB52233.1	NDM-5	270	Plasmid_associated	YAB52233.1 subclass B1 metallo-beta-lactamase NDM-5 (plasmid) [Escherichia coli]
YAB52753.1	NDM-5	270	Plasmid_associated	YAB52753.1 subclass B1 metallo-beta-lactamase NDM-5 (plasmid) [Escherichia coli]
CAM0722454.1	NDM-5	270	Biological_protein	CAM0722454.1 subclass B1 metallo-beta-lactamase NDM-5 [Acinetobacter baumannii]
YBG15837.1	NDM-5	270	Plasmid_associated	YBG15837.1 subclass B1 metallo-beta-lactamase NDM-5 (plasmid) [Escherichia coli]
YBG15873.1	NDM-5	270	Plasmid_associated	YBG15873.1 subclass B1 metallo-beta-lactamase NDM-5 (plasmid) [Escherichia coli]
YBH14798.1	NDM-5	270	Plasmid_associated	YBH14798.1 subclass B1 metallo-beta-lactamase NDM-5 (plasmid) [Escherichia coli]
YBH10509.1	NDM-5	270	Plasmid_associated	YBH10509.1 subclass B1 metallo-beta-lactamase NDM-5 (plasmid) [Salmonella enterica subsp. enterica serovar Typhi]
YBH19264.1	NDM-5	270	Plasmid_associated	YBH19264.1 subclass B1 metallo-beta-lactamase NDM-5 (plasmid) [Escherichia coli]
YBN57667.1	NDM-5	270	Plasmid_associated	YBN57667.1 subclass B1 metallo-beta-lactamase NDM-5 (plasmid) [Enterobacter hormaechei subsp. xiangfangensis]
YBN81850.1	NDM-5	270	Plasmid_associated	YBN81850.1 subclass B1 metallo-beta-lactamase NDM-5 (plasmid) [Escherichia coli]
YBN77181.1	NDM-5	270	Plasmid_associated	YBN77181.1 subclass B1 metallo-beta-lactamase NDM-5 (plasmid) [Escherichia coli]
YBN72736.1	NDM-5	270	Plasmid_associated	YBN72736.1 subclass B1 metallo-beta-lactamase NDM-5 (plasmid) [Escherichia coli]
YBN90873.1	NDM-5	270	Plasmid_associated	YBN90873.1 subclass B1 metallo-beta-lactamase NDM-5 (plasmid) [Escherichia coli]
YBN68025.1	NDM-5	270	Plasmid_associated	YBN68025.1 subclass B1 metallo-beta-lactamase NDM-5 (plasmid) [Escherichia coli]
YBN86358.1	NDM-5	270	Plasmid_associated	YBN86358.1 subclass B1 metallo-beta-lactamase NDM-5 (plasmid) [Escherichia coli]
YBO04755.1	NDM-5	270	Plasmid_associated	YBO04755.1 subclass B1 metallo-beta-lactamase NDM-5 (plasmid) [Escherichia coli]
YBN95635.1	NDM-5	270	Plasmid_associated	YBN95635.1 subclass B1 metallo-beta-lactamase NDM-5 (plasmid) [Escherichia coli]
YBO00106.1	NDM-5	270	Plasmid_associated	YBO00106.1 subclass B1 metallo-beta-lactamase NDM-5 (plasmid) [Escherichia coli]
YBO13839.1	NDM-5	270	Plasmid_associated	YBO13839.1 subclass B1 metallo-beta-lactamase NDM-5 (plasmid) [Escherichia coli]
YBO18320.1	NDM-5	270	Plasmid_associated	YBO18320.1 subclass B1 metallo-beta-lactamase NDM-5 (plasmid) [Escherichia coli]
YBO09356.1	NDM-5	270	Plasmid_associated	YBO09356.1 subclass B1 metallo-beta-lactamase NDM-5 (plasmid) [Escherichia coli]
YBO22951.1	NDM-5	270	Plasmid_associated	YBO22951.1 subclass B1 metallo-beta-lactamase NDM-5 (plasmid) [Escherichia coli]
YBO28431.1	NDM-5	270	Plasmid_associated	YBO28431.1 subclass B1 metallo-beta-lactamase NDM-5 (plasmid) [Escherichia coli]
YBO33123.1	NDM-5	270	Plasmid_associated	YBO33123.1 subclass B1 metallo-beta-lactamase NDM-5 (plasmid) [Escherichia coli]
YBW90838.1	NDM-5	270	Plasmid_associated	YBW90838.1 subclass B1 metallo-beta-lactamase NDM-5 (plasmid) [Escherichia coli]
YBW86233.1	NDM-5	270	Plasmid_associated	YBW86233.1 subclass B1 metallo-beta-lactamase NDM-5 (plasmid) [Escherichia coli]
YCR52003.1	NDM-5	270	Plasmid_associated	YCR52003.1 subclass B1 metallo-beta-lactamase NDM-5 (plasmid) [Escherichia coli]
YCR56489.1	NDM-5	270	Plasmid_associated	YCR56489.1 subclass B1 metallo-beta-lactamase NDM-5 (plasmid) [Escherichia coli]
YDB91050.1	NDM-5	270	Plasmid_associated	YDB91050.1 subclass B1 metallo-beta-lactamase NDM-5 (plasmid) [Escherichia coli]
YDB92647.1	NDM-5	270	Plasmid_associated	YDB92647.1 subclass B1 metallo-beta-lactamase NDM-5 (plasmid) [Escherichia coli]
YDG62769.1	NDM-5	270	Plasmid_associated	YDG62769.1 subclass B1 metallo-beta-lactamase NDM-5 (plasmid) [Escherichia coli]
YDG62917.1	NDM-5	270	Plasmid_associated	YDG62917.1 subclass B1 metallo-beta-lactamase NDM-5 (plasmid) [Escherichia coli]
YDG58204.1	NDM-5	270	Plasmid_associated	YDG58204.1 subclass B1 metallo-beta-lactamase NDM-5 (plasmid) [Escherichia coli]
YDG94493.1	NDM-5	270	Plasmid_associated	YDG94493.1 subclass B1 metallo-beta-lactamase NDM-5 (plasmid) [Escherichia coli]
YET43732.1	NDM-5	270	Plasmid_associated	YET43732.1 subclass B1 metallo-beta-lactamase NDM-5 (plasmid) [Escherichia coli]
YET49325.1	NDM-5	270	Plasmid_associated	YET49325.1 subclass B1 metallo-beta-lactamase NDM-5 (plasmid) [Escherichia coli]
YFH56789.1	NDM-5	270	Plasmid_associated	YFH56789.1 beta-lactamase NDM-5 (plasmid) [Klebsiella pneumoniae]
BHZ29447.1	NDM-5	270	Plasmid_associated	BHZ29447.1 NDM-5 beta-lactamase (plasmid) [Klebsiella pneumoniae]
YFS75423.1	NDM-5	270	Plasmid_associated	YFS75423.1 subclass B1 metallo-beta-lactamase NDM-5 (plasmid) [Escherichia coli]
YFS80566.1	NDM-5	270	Plasmid_associated	YFS80566.1 subclass B1 metallo-beta-lactamase NDM-5 (plasmid) [Escherichia coli]
YFU55562.1	NDM-5	270	Plasmid_associated	YFU55562.1 subclass B1 metallo-beta-lactamase NDM-5 (plasmid) [Escherichia coli]
YFV98162.1	NDM-5	270	Plasmid_associated	YFV98162.1 subclass B1 metallo-beta-lactamase NDM-5 (plasmid) [Klebsiella pneumoniae]
YGD64419.1	NDM-5	270	Plasmid_associated	YGD64419.1 subclass B1 metallo-beta-lactamase NDM-5 (plasmid) [Klebsiella pneumoniae]
YGD72454.1	NDM-5	270	Plasmid_associated	YGD72454.1 subclass B1 metallo-beta-lactamase NDM-5 (plasmid) [Escherichia coli]
YGD72611.1	NDM-5	270	Plasmid_associated	YGD72611.1 subclass B1 metallo-beta-lactamase NDM-5 (plasmid) [Escherichia coli]
YGD72963.1	NDM-5	270	Plasmid_associated	YGD72963.1 subclass B1 metallo-beta-lactamase NDM-5 (plasmid) [Escherichia coli]
YGD73071.1	NDM-5	270	Plasmid_associated	YGD73071.1 subclass B1 metallo-beta-lactamase NDM-5 (plasmid) [Escherichia coli]
YGD73187.1	NDM-5	270	Plasmid_associated	YGD73187.1 subclass B1 metallo-beta-lactamase NDM-5 (plasmid) [Escherichia coli]
YGD73302.1	NDM-5	270	Plasmid_associated	YGD73302.1 subclass B1 metallo-beta-lactamase NDM-5 (plasmid) [Escherichia coli]
YGD73564.1	NDM-5	270	Plasmid_associated	YGD73564.1 subclass B1 metallo-beta-lactamase NDM-5 (plasmid) [Escherichia coli]
YGD73855.1	NDM-5	270	Plasmid_associated	YGD73855.1 subclass B1 metallo-beta-lactamase NDM-5 (plasmid) [Escherichia coli]
YGD74149.1	NDM-5	270	Plasmid_associated	YGD74149.1 subclass B1 metallo-beta-lactamase NDM-5 (plasmid) [Escherichia coli]
YGD74434.1	NDM-5	270	Plasmid_associated	YGD74434.1 subclass B1 metallo-beta-lactamase NDM-5 (plasmid) [Escherichia coli]
YGD74773.1	NDM-5	270	Plasmid_associated	YGD74773.1 subclass B1 metallo-beta-lactamase NDM-5 (plasmid) [Escherichia coli]
YGD75073.1	NDM-5	270	Plasmid_associated	YGD75073.1 subclass B1 metallo-beta-lactamase NDM-5 (plasmid) [Escherichia coli]
YGD75566.1	NDM-5	270	Plasmid_associated	YGD75566.1 subclass B1 metallo-beta-lactamase NDM-5 (plasmid) [Escherichia coli]
YGD75885.1	NDM-5	270	Plasmid_associated	YGD75885.1 subclass B1 metallo-beta-lactamase NDM-5 (plasmid) [Escherichia coli]
YGD76183.1	NDM-5	270	Plasmid_associated	YGD76183.1 subclass B1 metallo-beta-lactamase NDM-5 (plasmid) [Escherichia coli]
YGD76521.1	NDM-5	270	Plasmid_associated	YGD76521.1 subclass B1 metallo-beta-lactamase NDM-5 (plasmid) [Escherichia coli]
YGD76744.1	NDM-5	270	Plasmid_associated	YGD76744.1 subclass B1 metallo-beta-lactamase NDM-5 (plasmid) [Escherichia coli]
YGD76787.1	NDM-5	270	Plasmid_associated	YGD76787.1 subclass B1 metallo-beta-lactamase NDM-5 (plasmid) [Escherichia coli]
AEY83746.1	NDM-6	264	Plasmid_associated	AEY83746.1 NDM-6 metallo-beta-lactamase, partial (plasmid) [Escherichia coli]
AGS56768.1	NDM-6	270	Plasmid_associated	AGS56768.1 NDM-6 metallo-beta-lactamase (plasmid) [Escherichia coli]
WP_032495384.1	NDM-6	270	Biological_protein	WP_032495384.1 MULTISPECIES: subclass B1 metallo-beta-lactamase NDM-6 [Enterobacteriaceae]
ASB81781.1	NDM-6	270	Plasmid_associated	ASB81781.1 subclass B1 metallo-beta-lactamase NDM-6 (plasmid) [Escherichia coli]
AWL48936.1	NDM-6	270	Plasmid_associated	AWL48936.1 subclass B1 metallo-beta-lactamase NDM-6 (plasmid) [Klebsiella pneumoniae subsp. pneumoniae]
QBQ69378.1	NDM-6	270	Plasmid_associated	QBQ69378.1 Subclass B1 metallo-beta-lactamase NDM-6 (plasmid) [Leclercia adecarboxylata]
QCQ28543.1	NDM-6	270	Plasmid_associated	QCQ28543.1 subclass B1 metallo-beta-lactamase NDM-6 (plasmid) [Klebsiella pneumoniae]
QCQ28762.1	NDM-6	270	Plasmid_associated	QCQ28762.1 subclass B1 metallo-beta-lactamase NDM-6 (plasmid) [Klebsiella pneumoniae]
QPN36023.1	NDM-6	270	Biological_protein	QPN36023.1 subclass B1 metallo-beta-lactamase NDM-6 [Acinetobacter baumannii]
QPN36027.1	NDM-6	270	Biological_protein	QPN36027.1 subclass B1 metallo-beta-lactamase NDM-6 [Acinetobacter baumannii]
UZR82992.1	NDM-6	270	Plasmid_associated	UZR82992.1 subclass B1 metallo-beta-lactamase NDM-6 (plasmid) [Escherichia coli]
WHF66073.1	NDM-6	270	Plasmid_associated	WHF66073.1 subclass B1 metallo-beta-lactamase NDM-6 (plasmid) [Escherichia coli]
WJS57953.1	NDM-6	270	Plasmid_associated	WJS57953.1 subclass B1 metallo-beta-lactamase NDM-6 (plasmid) [Escherichia coli]
XNK94684.1	NDM-6	270	Plasmid_associated	XNK94684.1 subclass B1 metallo-beta-lactamase NDM-6 (plasmid) [Escherichia coli]
AFQ31613.1	NDM-7	270	Plasmid_associated	AFQ31613.1 NDM-7 (plasmid) [Escherichia coli]
AFS33103.1	NDM-7	270	Biological_protein	AFS33103.1 class B carbapenemase NDM-7 [Escherichia coli]
AGK06434.1	NDM-7	270	Plasmid_associated	AGK06434.1 NDM-7 metallo-beta-lactamase (plasmid) [Escherichia coli]
WP_032495622.1	NDM-7	270	Biological_protein	WP_032495622.1 MULTISPECIES: subclass B1 metallo-beta-lactamase NDM-7 [Enterobacterales]
AIZ65942.1	NDM-7	270	Biological_protein	AIZ65942.1 class B carbapenemase NDM-7 [Escherichia coli]
AJE61432.1	NDM-7	270	Biological_protein	AJE61432.1 metallo-beta-lactamase NDM-7 [Escherichia coli]
AJE61433.1	NDM-7	270	Biological_protein	AJE61433.1 metallo-beta-lactamase NDM-7 [Escherichia coli]
AJE61435.1	NDM-7	270	Biological_protein	AJE61435.1 metallo-beta-lactamase NDM-7 [Klebsiella pneumoniae]
AKD43366.1	NDM-7	270	Plasmid_associated	AKD43366.1 NDM-7 (plasmid) [Escherichia coli]
AKN35289.1	NDM-7	270	Plasmid_associated	AKN35289.1 NDM-7 (plasmid) [Enterobacter cloacae]
AKN35306.1	NDM-7	270	Plasmid_associated	AKN35306.1 NDM-7 (plasmid) [Klebsiella pneumoniae]
AKT45834.1	NDM-7	270	Biological_protein	AKT45834.1 NDM-7 [Escherichia coli]
BAT46875.1	NDM-7	270	Biological_protein	BAT46875.1 beta-lactamase NDM-7 [Escherichia coli]
BAT46877.1	NDM-7	270	Biological_protein	BAT46877.1 beta-lactamase NDM-7 [Escherichia coli]
BAT46880.1	NDM-7	270	Biological_protein	BAT46880.1 beta-lactamase NDM-7 [Escherichia coli]
BAT46882.1	NDM-7	270	Biological_protein	BAT46882.1 beta-lactamase NDM-7 [Escherichia coli]
BAT46888.1	NDM-7	270	Biological_protein	BAT46888.1 beta-lactamase NDM-7 [Escherichia coli]
AOF44210.1	NDM-7	270	Plasmid_associated	AOF44210.1 metallo-beta-lactamase NDM-7 (plasmid) [Escherichia coli]
AOF44242.1	NDM-7	270	Plasmid_associated	AOF44242.1 metallo-beta-lactamase NDM-7 (plasmid) [Escherichia coli]
AOF44274.1	NDM-7	270	Plasmid_associated	AOF44274.1 metallo-beta-lactamase NDM-7 (plasmid) [Escherichia coli]
OSH63509.1	NDM-7	270	Plasmid_associated	OSH63509.1 subclass B1 metallo-beta-lactamase NDM-7 (plasmid) [Klebsiella pneumoniae]
OSH64277.1	NDM-7	270	Plasmid_associated	OSH64277.1 subclass B1 metallo-beta-lactamase NDM-7 (plasmid) [Klebsiella pneumoniae]
OSH70695.1	NDM-7	270	Plasmid_associated	OSH70695.1 subclass B1 metallo-beta-lactamase NDM-7 (plasmid) [Klebsiella pneumoniae]
OSH75783.1	NDM-7	270	Plasmid_associated	OSH75783.1 subclass B1 metallo-beta-lactamase NDM-7 (plasmid) [Klebsiella pneumoniae]
OSH78926.1	NDM-7	270	Plasmid_associated	OSH78926.1 subclass B1 metallo-beta-lactamase NDM-7 (plasmid) [Klebsiella pneumoniae]
BAX83261.1	NDM-7	270	Plasmid_associated	BAX83261.1 NDM-7 protein (plasmid) [Escherichia coli]
ARW90120.1	NDM-7	270	Plasmid_associated	ARW90120.1 subclass B1 metallo-beta-lactamase NDM-7 (plasmid) [Escherichia coli]
ARX12359.1	NDM-7	270	Plasmid_associated	ARX12359.1 subclass B1 metallo-beta-lactamase NDM-7 (plasmid) [Escherichia coli]
ASA12538.1	NDM-7	270	Plasmid_associated	ASA12538.1 subclass B1 metallo-beta-lactamase NDM-7 (plasmid) [Klebsiella pneumoniae]
ASJ78798.1	NDM-7	270	Plasmid_associated	ASJ78798.1 NDM-7 metallo-beta-lactamase (plasmid) [Escherichia coli]
PAT70911.1	NDM-7	270	Biological_protein	PAT70911.1 subclass B1 metallo-beta-lactamase NDM-7 [Klebsiella pneumoniae]
ATX00108.1	NDM-7	270	Plasmid_associated	ATX00108.1 subclass B1 metallo-beta-lactamase NDM-7 (plasmid) [Escherichia coli]
ATX22347.1	NDM-7	270	Plasmid_associated	ATX22347.1 subclass B1 metallo-beta-lactamase NDM-7 (plasmid) [Escherichia coli]
PLB13341.1	NDM-7	270	Plasmid_associated	PLB13341.1 subclass B1 metallo-beta-lactamase NDM-7 (plasmid) [Klebsiella pneumoniae]
POZ40446.1	NDM-7	270	Biological_protein	POZ40446.1 subclass B1 metallo-beta-lactamase NDM-7 [Salmonella enterica]
AVI93307.1	NDM-7	270	Plasmid_associated	AVI93307.1 subclass B1 metallo-beta-lactamase NDM-7 (plasmid) [Klebsiella pneumoniae]
PSF23739.1	NDM-7	270	Biological_protein	PSF23739.1 subclass B1 metallo-beta-lactamase NDM-7 [Escherichia coli]
AWD37496.1	NDM-7	270	Biological_protein	AWD37496.1 metallo-beta-lactamase NDM-7 [Escherichia coli]
AWR52643.1	NDM-7	270	Plasmid_associated	AWR52643.1 subclass B1 metallo-beta-lactamase NDM-7 (plasmid) [Escherichia coli]
RBO33428.1	NDM-7	270	Biological_protein	RBO33428.1 subclass B1 metallo-beta-lactamase NDM-7 [Enterobacter hormaechei]
RBO38187.1	NDM-7	270	Biological_protein	RBO38187.1 subclass B1 metallo-beta-lactamase NDM-7 [Enterobacter hormaechei]
RBO42948.1	NDM-7	270	Biological_protein	RBO42948.1 subclass B1 metallo-beta-lactamase NDM-7 [Enterobacter hormaechei]
AXG20870.1	NDM-7	270	Plasmid_associated	AXG20870.1 subclass B1 metallo-beta-lactamase NDM-7 (plasmid) [Escherichia coli]
AXH80004.1	NDM-7	270	Biological_protein	AXH80004.1 metallo-beta-lactamase NDM-7 [Escherichia coli]
AXL54086.1	NDM-7	270	Plasmid_associated	AXL54086.1 subclass B1 metallo-beta-lactamase NDM-7 (plasmid) [Klebsiella pneumoniae]
AXL59210.1	NDM-7	270	Plasmid_associated	AXL59210.1 subclass B1 metallo-beta-lactamase NDM-7 (plasmid) [Klebsiella pneumoniae]
AXQ85705.1	NDM-7	270	Plasmid_associated	AXQ85705.1 carbapenem-hydrolysing beta-lactamase NDM-7 (plasmid) [Escherichia coli]
RRZ46904.1	NDM-7	270	Biological_protein	RRZ46904.1 subclass B1 metallo-beta-lactamase NDM-7 [Klebsiella pneumoniae]
RWT66551.1	NDM-7	270	Biological_protein	RWT66551.1 subclass B1 metallo-beta-lactamase NDM-7 [Klebsiella pneumoniae]
QAR44226.1	NDM-7	270	Plasmid_associated	QAR44226.1 subclass B1 metallo-beta-lactamase NDM-7 (plasmid) [Escherichia coli]
QAT97629.1	NDM-7	270	Biological_protein	QAT97629.1 subclass B1 metallo-beta-lactamase NDM-7 [Klebsiella pneumoniae]
QAT97630.1	NDM-7	270	Biological_protein	QAT97630.1 subclass B1 metallo-beta-lactamase NDM-7 [Klebsiella pneumoniae]
QAT97631.1	NDM-7	270	Biological_protein	QAT97631.1 subclass B1 metallo-beta-lactamase NDM-7 [Klebsiella pneumoniae]
QBQ03903.1	NDM-7	270	Biological_protein	QBQ03903.1 subclass B1 metallo-beta-lactamase NDM-7 [Acinetobacter baumannii]
THK21212.1	NDM-7	270	Biological_protein	THK21212.1 subclass B1 metallo-beta-lactamase NDM-7 [Escherichia coli]
QCF34700.1	NDM-7	270	Biological_protein	QCF34700.1 subclass B1 metallo-beta-lactamase NDM-7 [Shigella sonnei]
QCF34701.1	NDM-7	270	Biological_protein	QCF34701.1 subclass B1 metallo-beta-lactamase NDM-7 [Shigella sonnei]
QCF34702.1	NDM-7	270	Biological_protein	QCF34702.1 subclass B1 metallo-beta-lactamase NDM-7 [Shigella sonnei]
QDH75487.1	NDM-7	270	Plasmid_associated	QDH75487.1 metallo-beta-lactamase NDM-7 (plasmid) [Escherichia coli]
QEP09607.1	NDM-7	270	Plasmid_associated	QEP09607.1 metallo-beta-lactamase NDM-7 (plasmid) [Escherichia coli]
KAA8856353.1	NDM-7	270	Biological_protein	KAA8856353.1 subclass B1 metallo-beta-lactamase NDM-7 [Klebsiella pneumoniae]
QGM49764.1	NDM-7	270	Plasmid_associated	QGM49764.1 carbapenem-hydrolysing beta-lactamase NDM-7 (plasmid) [Escherichia coli]
QGW61858.1	NDM-7	270	Biological_protein	QGW61858.1 subclass B1 metallo-beta-lactamase NDM-7 [Klebsiella pneumoniae]
QID24683.1	NDM-7	270	Plasmid_associated	QID24683.1 subclass B1 metallo-beta-lactamase NDM-7 (plasmid) [Klebsiella pneumoniae]
QPL17933.1	NDM-7	270	Plasmid_associated	QPL17933.1 subclass B1 metallo-beta-lactamase NDM-7 (plasmid) [Salmonella enterica subsp. enterica serovar Bareilly]
BBD06528.1	NDM-7	270	Plasmid_associated	BBD06528.1 metallo-beta-lactamase NDM-7 (plasmid) [Escherichia coli]
QSA72921.1	NDM-7	270	Plasmid_associated	QSA72921.1 subclass B1 metallo-beta-lactamase NDM-7 (plasmid) [Klebsiella quasipneumoniae]
QSA41556.1	NDM-7	270	Plasmid_associated	QSA41556.1 subclass B1 metallo-beta-lactamase NDM-7 (plasmid) [Klebsiella quasipneumoniae]
QSA57436.1	NDM-7	270	Plasmid_associated	QSA57436.1 subclass B1 metallo-beta-lactamase NDM-7 (plasmid) [Klebsiella quasipneumoniae]
QTJ14916.1	NDM-7	270	Plasmid_associated	QTJ14916.1 subclass B1 metallo-beta-lactamase NDM-7 (plasmid) [Klebsiella pneumoniae]
QTL47005.1	NDM-7	270	Plasmid_associated	QTL47005.1 subclass B1 metallo-beta-lactamase NDM-7 (plasmid) [Klebsiella quasipneumoniae]
QYJ62966.1	NDM-7	270	Biological_protein	QYJ62966.1 subclass B1 metallo-beta-lactamase NDM-7, partial [Escherichia coli]
UPG27498.1	NDM-7	270	Plasmid_associated	UPG27498.1 subclass B1 metallo-beta-lactamase NDM-7 (plasmid) [Escherichia coli]
UPG28615.1	NDM-7	270	Plasmid_associated	UPG28615.1 subclass B1 metallo-beta-lactamase NDM-7 (plasmid) [Escherichia coli]
UPG33994.1	NDM-7	270	Plasmid_associated	UPG33994.1 subclass B1 metallo-beta-lactamase NDM-7 (plasmid) [Pseudocitrobacter faecalis]
UPG34835.1	NDM-7	270	Plasmid_associated	UPG34835.1 subclass B1 metallo-beta-lactamase NDM-7 (plasmid) [Enterobacter hormaechei]
UPG35229.1	NDM-7	270	Plasmid_associated	UPG35229.1 subclass B1 metallo-beta-lactamase NDM-7 (plasmid) [Serratia marcescens]
URL67300.1	NDM-7	270	Plasmid_associated	URL67300.1 subclass B1 metallo-beta-lactamase NDM-7 (plasmid) [Klebsiella pneumoniae]
USQ47640.1	NDM-7	270	Plasmid_associated	USQ47640.1 subclass B1 metallo-beta-lactamase NDM-7 (plasmid) [Klebsiella quasipneumoniae]
UTY78936.1	NDM-7	270	Plasmid_associated	UTY78936.1 subclass B1 metallo-beta-lactamase NDM-7 (plasmid) [Escherichia coli]
UXP70614.1	NDM-7	270	Biological_protein	UXP70614.1 subclass B1 metallo-beta-lactamase NDM-7 [Klebsiella pneumoniae]
WAN74081.1	NDM-7	270	Biological_protein	WAN74081.1 subclass B1 metallo-beta-lactamase NDM-7 [Enterobacter cloacae complex sp.]
WHQ99739.1	NDM-7	270	Plasmid_associated	WHQ99739.1 subclass B1 metallo-beta-lactamase NDM-7 (plasmid) [Klebsiella pneumoniae]
WHR10241.1	NDM-7	270	Plasmid_associated	WHR10241.1 subclass B1 metallo-beta-lactamase NDM-7 (plasmid) [Klebsiella pneumoniae]
WHR31494.1	NDM-7	270	Plasmid_associated	WHR31494.1 subclass B1 metallo-beta-lactamase NDM-7 (plasmid) [Klebsiella pneumoniae]
WHR42325.1	NDM-7	270	Plasmid_associated	WHR42325.1 subclass B1 metallo-beta-lactamase NDM-7 (plasmid) [Klebsiella pneumoniae]
WQC88250.1	NDM-7	270	Plasmid_associated	WQC88250.1 subclass B1 metallo-beta-lactamase NDM-7 (plasmid) [Escherichia coli]
WQC81731.1	NDM-7	270	Plasmid_associated	WQC81731.1 subclass B1 metallo-beta-lactamase NDM-7 (plasmid) [Escherichia coli]
WRS21279.1	NDM-7	270	Plasmid_associated	WRS21279.1 subclass B1 metallo-beta-lactamase NDM-7 (plasmid) [Klebsiella pneumoniae]
XTM24353.1	NDM-7	270	Plasmid_associated	XTM24353.1 subclass B1 metallo-beta-lactamase NDM-7 (plasmid) [Escherichia coli]
XTN97776.1	NDM-7	270	Plasmid_associated	XTN97776.1 subclass B1 metallo-beta-lactamase NDM-7 (plasmid) [Escherichia coli]
XWN88614.1	NDM-7	270	Plasmid_associated	XWN88614.1 subclass B1 metallo-beta-lactamase NDM-7 (plasmid) [Escherichia coli]
YEW54335.1	NDM-7	270	Plasmid_associated	YEW54335.1 subclass B1 metallo-beta-lactamase NDM-7 (plasmid) [Enterobacter hormaechei]
YEW39482.1	NDM-7	270	Plasmid_associated	YEW39482.1 subclass B1 metallo-beta-lactamase NDM-7 (plasmid) [Enterobacter hormaechei]
YEW39414.1	NDM-7	270	Plasmid_associated	YEW39414.1 subclass B1 metallo-beta-lactamase NDM-7 (plasmid) [Enterobacter hormaechei]
YEW64497.1	NDM-7	270	Plasmid_associated	YEW64497.1 subclass B1 metallo-beta-lactamase NDM-7 (plasmid) [Enterobacter hormaechei]
YEW49148.1	NDM-7	270	Plasmid_associated	YEW49148.1 subclass B1 metallo-beta-lactamase NDM-7 (plasmid) [Enterobacter hormaechei]
YEW49248.1	NDM-7	270	Plasmid_associated	YEW49248.1 subclass B1 metallo-beta-lactamase NDM-7 (plasmid) [Enterobacter hormaechei]
YEW59781.1	NDM-7	270	Plasmid_associated	YEW59781.1 subclass B1 metallo-beta-lactamase NDM-7 (plasmid) [Enterobacter hormaechei]
YEW90030.1	NDM-7	270	Plasmid_associated	YEW90030.1 subclass B1 metallo-beta-lactamase NDM-7 (plasmid) [Enterobacter hormaechei]
YEW89987.1	NDM-7	270	Plasmid_associated	YEW89987.1 subclass B1 metallo-beta-lactamase NDM-7 (plasmid) [Enterobacter hormaechei]
YEW84530.1	NDM-7	270	Plasmid_associated	YEW84530.1 subclass B1 metallo-beta-lactamase NDM-7 (plasmid) [Enterobacter hormaechei]
YEW79850.1	NDM-7	270	Plasmid_associated	YEW79850.1 subclass B1 metallo-beta-lactamase NDM-7 (plasmid) [Enterobacter hormaechei]
BAM84089.1	NDM-8	270	Plasmid_associated	BAM84089.1 NDM-8 metallo-beta-lactamase (plasmid) [Escherichia coli]
WP_032492624.1	NDM-8	270	Biological_protein	WP_032492624.1 MULTISPECIES: subclass B1 metallo-beta-lactamase NDM-8 [Enterobacteriaceae]
AJE61442.1	NDM-8	270	Biological_protein	AJE61442.1 metallo-beta-lactamase NDM-8 [Escherichia coli]
WP_032495672.1	NDM-9	270	Biological_protein	WP_032495672.1 MULTISPECIES: taniborbactam-resistant subclass B1 metallo-beta-lactamase NDM-9 [Gammaproteobacteria]
APB02165.1	NDM-9	270	Plasmid_associated	APB02165.1 subclass B1 metallo-beta-lactamase NDM-9 (plasmid) [Cronobacter sakazakii]
ARR36654.1	NDM-9	270	Plasmid_associated	ARR36654.1 subclass B1 metallo-beta-lactamase NDM-9 (plasmid) [Escherichia coli]
ATZ71907.1	NDM-9	270	Plasmid_associated	ATZ71907.1 subclass B1 metallo-beta-lactamase NDM-9 (plasmid) [Escherichia coli]
AUH99551.1	NDM-9	270	Plasmid_associated	AUH99551.1 subclass B1 metallo-beta-lactamase NDM-9 (plasmid) [Klebsiella pneumoniae]
AWF76168.1	NDM-9	270	Plasmid_associated	AWF76168.1 subclass B1 metallo-beta-lactamase NDM-9 (plasmid) [Escherichia coli]
AXY98675.1	NDM-9	270	Plasmid_associated	AXY98675.1 subclass B1 metallo-beta-lactamase NDM-9 (plasmid) [Escherichia coli]
RXP32659.1	NDM-9	270	Biological_protein	RXP32659.1 subclass B1 metallo-beta-lactamase NDM-9 [Escherichia coli]
RXX63361.1	NDM-9	270	Biological_protein	RXX63361.1 subclass B1 metallo-beta-lactamase NDM-9 [Klebsiella pneumoniae]
RXX76184.1	NDM-9	270	Biological_protein	RXX76184.1 subclass B1 metallo-beta-lactamase NDM-9 [Klebsiella pneumoniae]
RXX86240.1	NDM-9	270	Biological_protein	RXX86240.1 subclass B1 metallo-beta-lactamase NDM-9 [Klebsiella pneumoniae]
RXY28739.1	NDM-9	270	Biological_protein	RXY28739.1 subclass B1 metallo-beta-lactamase NDM-9 [Klebsiella pneumoniae]
RXY90478.1	NDM-9	270	Biological_protein	RXY90478.1 subclass B1 metallo-beta-lactamase NDM-9 [Salmonella sp. 3DZ2-4SM]
QHJ49847.1	NDM-9	270	Plasmid_associated	QHJ49847.1 subclass B1 metallo-beta-lactamase NDM-9 (plasmid) [Klebsiella aerogenes]
QHJ89945.1	NDM-9	270	Plasmid_associated	QHJ89945.1 NDM-9 (plasmid) [Escherichia coli]
QHJ90054.1	NDM-9	270	Plasmid_associated	QHJ90054.1 NDM-9 (plasmid) [Escherichia coli]
QHJ90094.1	NDM-9	270	Plasmid_associated	QHJ90094.1 NDM-9 (plasmid) [Escherichia coli]
QIQ13254.1	NDM-9	270	Plasmid_associated	QIQ13254.1 Metallo-beta-lactamase NDM-9 (plasmid) [Salmonella enterica]
pdb|6OGO|A	NDM-9	243	PDB_structure	pdb|6OGO|A Chain A, SUBCLASS B1 METALLO-BETA-LACTAMASE NDM-9
pdb|6OGO|B	NDM-9	243	PDB_structure	pdb|6OGO|B Chain B, SUBCLASS B1 METALLO-BETA-LACTAMASE NDM-9
pdb|6OGO|C	NDM-9	243	PDB_structure	pdb|6OGO|C Chain C, SUBCLASS B1 METALLO-BETA-LACTAMASE NDM-9
UHD54768.1	NDM-9	270	Biological_protein	UHD54768.1 subclass B1 metallo-beta-lactamase NDM-9 [Salmonella enterica subsp. enterica serovar Indiana]
WID55261.1	NDM-9	270	Plasmid_associated	WID55261.1 subclass B1 metallo-beta-lactamase NDM-9 (plasmid) [Escherichia coli]
WKA73703.1	NDM-9	270	Plasmid_associated	WKA73703.1 subclass B1 metallo-beta-lactamase NDM-9 (plasmid) [Acinetobacter baumannii]
WOB65108.1	NDM-9	270	Biological_protein	WOB65108.1 subclass B1 metallo-beta-lactamase NDM-9 [Salmonella enterica]
WQC27924.1	NDM-9	270	Plasmid_associated	WQC27924.1 taniborbactam-resistant subclass B1 metallo-beta-lactamase NDM-9 (plasmid) [Escherichia coli]
WVV19144.1	NDM-9	270	Plasmid_associated	WVV19144.1 taniborbactam-resistant subclass B1 metallo-beta-lactamase NDM-9 (plasmid) [Escherichia coli]
XBY05880.1	NDM-9	270	Plasmid_associated	XBY05880.1 taniborbactam-resistant subclass B1 metallo-beta-lactamase NDM-9 (plasmid) [Escherichia coli]
XBY10463.1	NDM-9	270	Plasmid_associated	XBY10463.1 taniborbactam-resistant subclass B1 metallo-beta-lactamase NDM-9 (plasmid) [Escherichia coli]
XRP88127.1	NDM-9	270	Plasmid_associated	XRP88127.1 taniborbactam-resistant subclass B1 metallo-beta-lactamase NDM-9 (plasmid) [Salmonella enterica subsp. enterica serovar Thompson]
XWW91844.1	NDM-9	270	Plasmid_associated	XWW91844.1 taniborbactam-resistant subclass B1 metallo-beta-lactamase NDM-9 (plasmid) [Escherichia coli]
YFJ11865.1	NDM-9	270	Plasmid_associated	YFJ11865.1 subclass B1 metallo-beta-lactamase NDM-9 (plasmid) [Escherichia coli]
AGT37351.1	NDM-10	270	Biological_protein	AGT37351.1 metallo-beta-lactamase NDM-10 [Klebsiella pneumoniae subsp. pneumoniae]
WP_063860853.1	NDM-10	270	Biological_protein	WP_063860853.1 subclass B1 metallo-beta-lactamase NDM-10 [Klebsiella pneumoniae]
AJE61443.1	NDM-11	270	Biological_protein	AJE61443.1 metallo-beta-lactamase NDM-11 [Escherichia coli]
AJE61444.1	NDM-11	270	Biological_protein	AJE61444.1 metallo-beta-lactamase NDM-11 [Escherichia coli]
WP_063860854.1	NDM-11	270	Biological_protein	WP_063860854.1 MULTISPECIES: subclass B1 metallo-beta-lactamase NDM-11 [Enterobacteriaceae]
AZZ89465.1	NDM-11	270	Biological_protein	AZZ89465.1 subclass B1 metallo-beta-lactamase NDM-11 [Escherichia coli]
QPP21553.1	NDM-11	270	Plasmid_associated	QPP21553.1 Carbapenemase NDM-11 (plasmid) [Citrobacter freundii]
BAO79439.1	NDM-12	270	Plasmid_associated	BAO79439.1 metallo-beta-lactamase NDM-12 (plasmid) [Escherichia coli]
WP_063860855.1	NDM-12	270	Biological_protein	WP_063860855.1 subclass B1 metallo-beta-lactamase NDM-12 [Escherichia coli]
pdb|6OL8|A	NDM-12	243	PDB_structure	pdb|6OL8|A Chain A, Metallo-beta-lactamase NDM-12
pdb|6OL8|B	NDM-12	243	PDB_structure	pdb|6OL8|B Chain B, Metallo-beta-lactamase NDM-12
BAQ02518.1	NDM-13	270	Plasmid_associated	BAQ02518.1 metallo-beta-lactamase NDM-13 (plasmid) [Escherichia coli]
WP_063860856.1	NDM-13	270	Biological_protein	WP_063860856.1 MULTISPECIES: subclass B1 metallo-beta-lactamase NDM-13 [Enterobacteriaceae]
AOX48135.1	NDM-13	270	Plasmid_associated	AOX48135.1 NDM-13 metallo-beta-lactamase (plasmid) [Escherichia coli]
RXP42969.1	NDM-13	270	Biological_protein	RXP42969.1 subclass B1 metallo-beta-lactamase NDM-13 [Escherichia coli]
QBQ68717.1	NDM-13	270	Plasmid_associated	QBQ68717.1 New Delhi metallo-beta-lactamase NDM-13 (plasmid) [Escherichia coli]
WDY46179.1	NDM-13	270	Plasmid_associated	WDY46179.1 subclass B1 metallo-beta-lactamase NDM-13 (plasmid) [Escherichia coli]
WHN76432.1	NDM-13	270	Plasmid_associated	WHN76432.1 subclass B1 metallo-beta-lactamase NDM-13 (plasmid) [Escherichia coli]
WHR96999.1	NDM-13	270	Plasmid_associated	WHR96999.1 subclass B1 metallo-beta-lactamase NDM-13 (plasmid) [Escherichia coli]
XHB51925.1	NDM-13	270	Plasmid_associated	XHB51925.1 subclass B1 metallo-beta-lactamase NDM-13 (plasmid) [Klebsiella pneumoniae]
XHB62770.1	NDM-13	270	Plasmid_associated	XHB62770.1 subclass B1 metallo-beta-lactamase NDM-13 (plasmid) [Klebsiella pneumoniae]
XLS40169.1	NDM-13	270	Plasmid_associated	XLS40169.1 subclass B1 metallo-beta-lactamase NDM-13 (plasmid) [Escherichia coli]
XUT10656.1	NDM-13	270	Plasmid_associated	XUT10656.1 subclass B1 metallo-beta-lactamase NDM-13 (plasmid) [Klebsiella pneumoniae]
XUT05099.1	NDM-13	270	Plasmid_associated	XUT05099.1 subclass B1 metallo-beta-lactamase NDM-13 (plasmid) [Klebsiella pneumoniae]
XUT21682.1	NDM-13	270	Plasmid_associated	XUT21682.1 subclass B1 metallo-beta-lactamase NDM-13 (plasmid) [Klebsiella pneumoniae]
XWW87292.1	NDM-13	270	Plasmid_associated	XWW87292.1 subclass B1 metallo-beta-lactamase NDM-13 (plasmid) [Escherichia coli]
XYI76359.1	NDM-13	270	Plasmid_associated	XYI76359.1 subclass B1 metallo-beta-lactamase NDM-13 (plasmid) [Klebsiella pneumoniae]
YBG89699.1	NDM-13	270	Plasmid_associated	YBG89699.1 subclass B1 metallo-beta-lactamase NDM-13 (plasmid) [Salmonella enterica subsp. enterica]
BHV99791.1	NDM-13	270	Plasmid_associated	BHV99791.1 carbapenem-hydrolyzing metallo-beta-lactamase NDM-13 (plasmid) [Escherichia coli]
YGD72848.1	NDM-13	270	Plasmid_associated	YGD72848.1 subclass B1 metallo-beta-lactamase NDM-13 (plasmid) [Escherichia coli]
WP_063860857.1	NDM-14	270	Biological_protein	WP_063860857.1 MULTISPECIES: subclass B1 metallo-beta-lactamase NDM-14 [Gammaproteobacteria]
WOU58509.1	NDM-14	270	Plasmid_associated	WOU58509.1 subclass B1 metallo-beta-lactamase NDM-14 (plasmid) [Klebsiella pneumoniae]
WOU69436.1	NDM-14	270	Plasmid_associated	WOU69436.1 subclass B1 metallo-beta-lactamase NDM-14 (plasmid) [Klebsiella pneumoniae]
YAR43858.1	NDM-14	270	Plasmid_associated	YAR43858.1 subclass B1 metallo-beta-lactamase NDM-14 (plasmid) [Klebsiella pneumoniae]
YAR49400.1	NDM-14	270	Plasmid_associated	YAR49400.1 subclass B1 metallo-beta-lactamase NDM-14 (plasmid) [Klebsiella pneumoniae]
WP_063860858.1	NDM-15	270	Biological_protein	WP_063860858.1 subclass B1 metallo-beta-lactamase NDM-15 [Escherichia coli]
AOT73359.1	NDM-17	270	Biological_protein	AOT73359.1 subclass B1 metallo-beta-lactamase NDM-17 [Escherichia coli]
WP_076611060.1	NDM-17	270	Biological_protein	WP_076611060.1 subclass B1 metallo-beta-lactamase NDM-17 [Escherichia coli]
APY21883.1	NDM-17	270	Plasmid_associated	APY21883.1 NDM-17 (plasmid) [Escherichia coli]
AVN57295.1	NDM-17	270	Plasmid_associated	AVN57295.1 NDM-17 (plasmid) [Escherichia coli]
APZ75411.1	NDM-18	275	Biological_protein	APZ75411.1 subclass B1 metallo-beta-lactamase NDM-18 [Escherichia coli]
WP_077064890.1	NDM-18	275	Biological_protein	WP_077064890.1 subclass B1 metallo-beta-lactamase NDM-18 [Escherichia coli]
ASC49561.1	NDM-19	270	Biological_protein	ASC49561.1 subclass B1 metallo-beta-lactamase NDM-19 [Escherichia coli]
WP_094009810.1	NDM-19	270	Biological_protein	WP_094009810.1 MULTISPECIES: subclass B1 metallo-beta-lactamase NDM-19 [Enterobacteriaceae]
QUY24331.1	NDM-19	270	Plasmid_associated	QUY24331.1 subclass B1 metallo-beta-lactamase NDM-19 (plasmid) [Escherichia coli]
WJQ41523.1	NDM-19	270	Biological_protein	WJQ41523.1 subclass B1 metallo-beta-lactamase NDM-19 [Klebsiella pneumoniae]
AQY45923.1	NDM-20	270	Biological_protein	AQY45923.1 subclass B1 metallo-beta-lactamase NDM-20 [Escherichia coli]
WP_109545049.1	NDM-20	270	Biological_protein	WP_109545049.1 subclass B1 metallo-beta-lactamase NDM-20 [Escherichia coli]
